Customer_ID,Call_Duration,Call_Type,Age_Group,Monthly_Spend
1,17.483570765056164,Incoming,56-65,68.55638912232118
2,14.308678494144077,Incoming,18-25,50.038258720419876
3,18.23844269050346,Outgoing,46-55,48.781209764280064
4,22.61514928204013,Outgoing,18-25,73.53275097233488
5,13.82923312638332,Outgoing,26-35,79.2506076538289
6,13.829315215254097,Incoming,56-65,45.20901086230324
7,22.896064077536955,Incoming,18-25,65.98405438484284
8,18.837173645764544,Outgoing,56-65,57.27782724300108
9,12.652628070325239,Incoming,18-25,50.14874277619829
10,17.712800217929825,Outgoing,46-55,54.085098853140515
11,12.682911535937688,Outgoing,46-55,36.23982370310325
12,12.671351232148716,Incoming,56-65,43.878012133378306
13,16.20981135783017,Incoming,36-45,38.38729440494588
14,5.43359877671101,Incoming,36-45,68.02753432857838
15,6.375410837434837,Incoming,26-35,48.09597768917875
16,12.188562353795136,Outgoing,36-45,24.045719507699232
17,9.93584439832788,Incoming,56-65,35.53125553673824
18,16.571236662976368,Incoming,36-45,0.0
19,10.459879622393945,Incoming,26-35,40.11014796235703
20,7.938481493323542,Incoming,18-25,50.75290130194299
21,22.32824384460777,Outgoing,36-45,47.27728302266053
22,13.871118497567322,Outgoing,56-65,89.60308703062785
23,15.33764102343962,Incoming,56-65,61.498120818300734
24,7.8762590689327165,Incoming,26-35,60.60903706178301
25,12.278086377374088,Outgoing,26-35,17.134619308594445
26,15.55461294854933,Outgoing,46-55,42.707158917657345
27,9.245032112888486,Incoming,46-55,40.26674385352609
28,16.87849009172836,Outgoing,46-55,34.27837602383984
29,11.996806550405974,Outgoing,18-25,34.00238668973307
30,13.541531251033616,Outgoing,56-65,13.837540921167523
31,11.991466938853016,Outgoing,46-55,24.48293590637343
32,24.261390922544688,Incoming,56-65,67.48186805529897
33,14.932513876310331,Outgoing,26-35,47.14170616013635
34,9.711445355220498,Outgoing,18-25,39.87195163451332
35,19.112724560515943,Incoming,26-35,49.89177330694584
36,8.895781750144888,Incoming,56-65,73.34781357402302
37,16.044317975023777,Incoming,46-55,50.08421041751571
38,5.201649380601122,Outgoing,26-35,60.80748261862076
39,8.359069755507846,Incoming,36-45,33.06790315223485
40,15.984306179345618,Outgoing,18-25,37.62740098506562
41,18.692332899977053,Incoming,56-65,57.07953770127351
42,15.856841405949853,Outgoing,46-55,87.85307416674227
43,14.421758588058797,Incoming,26-35,78.59549719029748
44,13.494481522053556,Incoming,18-25,61.65656138912278
45,7.607390048162863,Outgoing,46-55,53.02867520321436
46,11.400778958026457,Incoming,26-35,78.02138711254342
47,12.696806145201062,Incoming,56-65,65.89356646090248
48,20.285611131094576,Incoming,36-45,4.126759552586776
49,16.71809144784231,Incoming,36-45,28.92138304289556
50,6.18479922318633,Incoming,56-65,56.76280650715863
51,16.620419846973974,Outgoing,18-25,14.260648688980552
52,13.074588597918417,Outgoing,56-65,32.04821990486276
53,11.615389998470206,Incoming,26-35,36.00370112684052
54,18.05838144420434,Incoming,18-25,44.87668187508333
55,20.154997612479754,Outgoing,36-45,44.25139583547585
56,19.656400595580994,Outgoing,26-35,44.21759145666346
57,10.803912383886807,Incoming,46-55,66.50615034480627
58,13.453938120743928,Outgoing,46-55,44.695522690989314
59,16.65631715701782,Incoming,46-55,42.30739735857532
60,19.877725635611796,Incoming,36-45,23.016557917129674
61,12.60412881077355,Incoming,56-65,70.4869240397165
62,14.071705116680914,Incoming,18-25,36.57004972105028
63,9.468325129969859,Outgoing,36-45,28.259393439974495
64,9.018966879596647,Outgoing,26-35,54.26181149737942
65,19.062629111970992,Outgoing,26-35,34.661174752338745
66,21.781200142854114,Incoming,46-55,39.48094520411412
67,14.63994939209833,Outgoing,18-25,55.16920348638138
68,20.01766448946012,Incoming,46-55,43.47034752440887
69,16.80818012523817,Incoming,26-35,96.23218750601268
70,11.774401226974378,Outgoing,26-35,48.50342913361604
71,16.80697802754207,Incoming,56-65,62.35676437758444
72,22.690182832329846,Incoming,56-65,11.166119050141099
73,14.820869804450242,Incoming,56-65,32.787017361705395
74,22.82321827907003,Outgoing,46-55,28.26172610166575
75,1.9012744795512777,Incoming,18-25,30.912405533947425
76,19.10951252187612,Outgoing,56-65,58.31075987674005
77,15.435235341190856,Incoming,36-45,70.71130135554819
78,13.504963247670663,Outgoing,56-65,56.89261009269022
79,15.458803882677511,Incoming,46-55,45.46710752867382
80,5.0621554269955364,Outgoing,18-25,37.382899225751615
81,13.90164056081244,Outgoing,56-65,72.27199502373018
82,16.78556285755873,Incoming,18-25,91.42510908309724
83,22.38947022370758,Incoming,36-45,52.701114095673816
84,12.408648908631763,Incoming,26-35,68.78726128143146
85,10.957531985534061,Incoming,18-25,56.8674069959095
86,12.491214782077318,Outgoing,56-65,65.11009812931178
87,19.57701058851037,Incoming,46-55,26.70906443779767
88,16.643755548298422,Outgoing,46-55,40.23727439715752
89,12.351198981164806,Incoming,46-55,57.90938880091168
90,17.56633716556678,Outgoing,46-55,74.24981888163958
91,15.485387746740201,Outgoing,18-25,33.6373155672465
92,19.843224952664446,Outgoing,46-55,9.334017779197467
93,11.489734530613237,Incoming,26-35,40.034711471175015
94,13.361689267011158,Incoming,36-45,70.202614286965
95,13.039459234339212,Outgoing,18-25,18.322088178243014
96,7.682425259339407,Outgoing,18-25,26.461602157368315
97,16.48060138532288,Outgoing,46-55,53.11837172102224
98,16.305276360899448,Outgoing,46-55,47.68057494477072
99,15.025567283212304,Outgoing,18-25,61.88932963106455
100,13.827064333124266,Incoming,46-55,25.425464791088416
101,7.923146289747929,Outgoing,46-55,43.500428116626644
102,12.896773386173205,Incoming,46-55,73.90370804806196
103,13.286427417366152,Incoming,46-55,26.14207612726432
104,10.988613653891905,Incoming,46-55,79.53824592620538
105,14.193571441669954,Outgoing,56-65,28.651660282226224
106,17.020254284072692,Outgoing,56-65,66.98763154755221
107,24.43092950605265,Outgoing,56-65,42.54082979573749
108,15.872889064159194,Outgoing,18-25,27.101834847220466
109,16.28775195361382,Incoming,36-45,40.06201905694803
110,14.627770421169163,Incoming,18-25,60.89858376357988
111,5.406143923504793,Incoming,56-65,49.86292010197018
112,14.867430622753915,Outgoing,18-25,72.36938822886688
113,15.301151049705132,Outgoing,36-45,78.71480121869763
114,27.31621056242643,Outgoing,46-55,26.339386693642993
115,14.038195176094387,Outgoing,26-35,24.874617101793103
116,16.507736711668063,Outgoing,56-65,23.904124527583164
117,14.826441151473784,Outgoing,56-65,32.016078079039616
118,9.156609811902339,Incoming,36-45,72.0842904163949
119,20.714114072575104,Incoming,46-55,61.2072390133347
120,18.759665163433873,Outgoing,46-55,39.09944854155137
121,18.955159735215233,Incoming,26-35,49.777948187543316
122,10.453062726026305,Incoming,46-55,78.08611010331877
123,22.013971554680495,Incoming,36-45,88.16021701958239
124,7.990744686038596,Incoming,46-55,55.187686668856045
125,17.934285469001352,Outgoing,36-45,0.0
126,25.952278129049894,Incoming,56-65,55.94574189519946
127,10.047318374346558,Outgoing,56-65,68.69496259082695
128,12.16851135198614,Outgoing,56-65,54.4926463171215
129,15.498256825438206,Incoming,18-25,64.53029837469568
130,12.482621729419003,Outgoing,56-65,57.14130748920768
131,7.246682844669337,Incoming,36-45,25.307091650362693
132,15.342814874030136,Outgoing,26-35,32.27523133273074
133,9.688481431369475,Outgoing,46-55,43.57695625739687
134,17.36796215317591,Incoming,56-65,71.30829556476704
135,10.402878828830985,Incoming,18-25,34.682318633587585
136,22.749672025087698,Outgoing,18-25,59.11805266335294
137,11.083733538318814,Incoming,36-45,56.07385187842394
138,13.389692418971622,Outgoing,26-35,81.7239453015826
139,19.067586086848348,Incoming,56-65,49.16640443741171
140,8.845678417830225,Outgoing,56-65,14.904831634474832
141,16.137299673020646,Outgoing,18-25,62.93740929793556
142,21.53571377141214,Outgoing,36-45,92.76110423268008
143,6.962583827193862,Outgoing,18-25,64.24766689732913
144,15.923169292661521,Outgoing,18-25,34.246768163791856
145,16.299413971242117,Incoming,26-35,28.361082416420707
146,18.90911435888655,Outgoing,36-45,30.940623329851896
147,8.81524644560959,Incoming,26-35,90.06623760764091
148,8.397716934578618,Incoming,36-45,43.45345118957128
149,17.60970782808449,Outgoing,56-65,36.74713212343945
150,16.48492336616593,Outgoing,46-55,46.83126711745533
151,16.252464251729382,Incoming,46-55,43.66185902788597
152,16.732241047484877,Outgoing,36-45,81.35300719575007
153,11.599876392107547,Outgoing,46-55,29.71045017967394
154,16.161268485805017,Incoming,18-25,73.61286463320894
155,16.465362366493405,Incoming,56-65,52.44184192902169
156,11.42824290986816,Incoming,56-65,74.1405302685537
157,24.328872555723784,Incoming,46-55,81.65238087468103
158,17.36916460455894,Incoming,36-45,51.695952678261904
159,9.043482513986756,Incoming,18-25,43.698727808016685
160,18.28276804316915,Outgoing,36-45,51.32357663730206
161,10.126591648863393,Incoming,46-55,48.10458655989736
162,18.93542301871226,Incoming,56-65,16.86067088522544
163,20.79297789503702,Outgoing,56-65,81.04960747570146
164,10.896588408241447,Outgoing,36-45,54.915700347623805
165,19.81688064622161,Outgoing,26-35,26.738016298978916
166,17.06390463468249,Outgoing,36-45,8.64953359603183
167,19.11030079997245,Outgoing,26-35,3.448015341393017
168,24.483964913269737,Outgoing,36-45,65.40960873375006
169,13.773059419985648,Incoming,26-35,37.620448631858096
170,11.231319178212551,Outgoing,26-35,40.90198663789733
171,10.552427851872384,Outgoing,26-35,59.76308529077647
172,10.920948575172808,Outgoing,26-35,39.679036877964435
173,14.61449145292948,Outgoing,18-25,60.930488321070264
174,16.70575987408322,Incoming,26-35,51.90528128753431
175,16.383453996650097,Outgoing,26-35,48.31740833701527
176,19.13591624518012,Outgoing,56-65,18.544991886170223
177,15.065009459389534,Incoming,18-25,33.60537287122281
178,22.267670385786584,Incoming,26-35,62.05070731173732
179,13.67671583381022,Incoming,46-55,36.35956370271897
180,28.600845832948096,Outgoing,18-25,74.10739111568981
181,18.12833673882503,Incoming,56-65,96.92802647986797
182,10.714212217918586,Incoming,36-45,63.12770601682645
183,9.645537509694439,Incoming,56-65,79.85663782730315
184,17.412362076215928,Outgoing,56-65,64.41454476592136
185,13.882686073370746,Outgoing,18-25,39.314759546556246
186,18.57000247046046,Incoming,18-25,54.003033296148494
187,17.366188122867726,Outgoing,46-55,90.26641892194884
188,14.635855436715635,Outgoing,46-55,39.52892514745098
189,10.766031409657975,Outgoing,18-25,29.21345402243852
190,7.425763876570677,Outgoing,18-25,27.31611153769461
191,12.767425239664895,Outgoing,18-25,45.64941232332902
192,19.28199397161736,Incoming,36-45,29.930558227138757
193,16.07046872065102,Incoming,56-65,83.48038854874474
194,8.77130610644006,Incoming,46-55,54.32713069182575
195,15.86590462925591,Incoming,46-55,69.43452619521005
196,16.926586898644185,Outgoing,26-35,44.02669218840603
197,10.580712818994336,Incoming,36-45,27.196056044877636
198,15.76862552972764,Incoming,18-25,23.812121091334454
199,15.29104359223,Outgoing,18-25,31.840165156437582
200,9.285148510846884,Outgoing,36-45,56.95050988053422
201,16.788936801741418,Outgoing,46-55,60.39765863535895
202,17.80392263184117,Outgoing,18-25,62.0639214611737
203,20.415256215876383,Incoming,26-35,20.226546324362857
204,20.269010260174515,Outgoing,46-55,49.9918162820346
205,8.111653160214544,Outgoing,56-65,29.47876338215215
206,10.310874800424386,Outgoing,36-45,58.02931935169056
207,17.5751763360433,Outgoing,46-55,59.58154110994904
208,17.568929754561044,Outgoing,56-65,26.556539059471234
209,17.575238431530238,Outgoing,26-35,69.36059214392697
210,34.26365745327361,Incoming,36-45,96.77645883056489
211,17.854452553465833,Incoming,18-25,66.69671475169325
212,20.677828200902994,Incoming,18-25,46.74331920897791
213,19.770008817466014,Outgoing,56-65,43.66908593580516
214,18.25695625652899,Outgoing,46-55,45.81872036654983
215,13.423653776798272,Incoming,26-35,34.78532306445979
216,18.794846102466337,Incoming,56-65,55.047964133040985
217,11.13587392731214,Incoming,26-35,27.230748176913913
218,13.815906966299956,Incoming,26-35,12.206044268041992
219,12.573182260854482,Outgoing,26-35,54.39203363627097
220,15.409370696931612,Incoming,36-45,50.424661315516424
221,26.573292833367542,Outgoing,56-65,38.57659967125612
222,5.663674037041259,Outgoing,36-45,24.346067547792668
223,18.43130095187257,Outgoing,46-55,55.794880538280694
224,6.936420644051742,Incoming,46-55,30.196499228590984
225,12.640340671052833,Incoming,18-25,47.22111298269331
226,20.444752984836832,Incoming,18-25,85.29943708252888
227,15.321400095477314,Outgoing,18-25,63.02379539150768
228,9.611276110353469,Outgoing,46-55,22.617346752366068
229,11.423481453700159,Incoming,26-35,24.50296857975395
230,18.39798874467338,Outgoing,26-35,53.036381854875174
231,11.348166841414317,Incoming,56-65,22.49358635881958
232,16.082292947909874,Outgoing,46-55,9.965490375314268
233,15.227859199519068,Outgoing,18-25,60.64744022593447
234,11.741998261970915,Outgoing,46-55,56.41871508641735
235,25.719720446626628,Outgoing,26-35,59.011966625582644
236,18.169595111590056,Outgoing,26-35,55.26070363635807
237,4.874287066711965,Outgoing,36-45,48.693785766552104
238,15.932271573847139,Outgoing,36-45,36.756229046466785
239,11.69106767615806,Incoming,56-65,60.32269932175886
240,19.26216667398112,Outgoing,46-55,80.59766976810302
241,11.037396307836497,Outgoing,36-45,39.97541985113092
242,14.426317792665506,Incoming,36-45,29.58519579583403
243,17.524936394902287,Incoming,46-55,27.297611611775217
244,19.328775970850607,Incoming,26-35,32.66539533332565
245,8.998517964721119,Incoming,56-65,54.05197048952148
246,13.327493820795258,Outgoing,56-65,7.207448728928796
247,12.62527344419522,Outgoing,56-65,58.783408488646515
248,11.73335383713144,Incoming,36-45,62.87826020592312
249,23.827271201405484,Outgoing,26-35,14.038432801142399
250,17.024908554804778,Incoming,56-65,30.416391274448014
251,8.695580228324774,Outgoing,46-55,51.593619596908276
252,19.58930973527388,Outgoing,56-65,47.13060539391204
253,25.610780985063165,Outgoing,18-25,60.39274936537181
254,20.162326302755734,Outgoing,26-35,47.17726356967268
255,7.403150170229933,Outgoing,18-25,75.29539053549931
256,12.578829635668743,Incoming,26-35,43.57661201912636
257,21.334555745933113,Outgoing,46-55,30.339340265604925
258,11.461652671906096,Outgoing,36-45,28.73116267476487
259,17.219097140731144,Outgoing,36-45,64.70937018563379
260,18.873170267146683,Outgoing,26-35,50.59242283913833
261,10.365347642109585,Outgoing,56-65,62.674318014503896
262,14.702373219691,Incoming,18-25,62.26244998458369
263,0.0,Outgoing,46-55,9.603002944723187
264,9.878061793328552,Incoming,56-65,27.19834797953113
265,13.737159243034199,Outgoing,36-45,29.587499189923587
266,8.761084090175753,Outgoing,56-65,33.67871623016475
267,23.162056519658176,Incoming,18-25,41.592893468469484
268,7.849293110196837,Outgoing,36-45,69.98299189234372
269,12.79977756651508,Outgoing,26-35,73.96964704767798
270,15.653702886430457,Incoming,46-55,44.142183395940066
271,22.206366445330577,Outgoing,46-55,44.97438277350511
272,7.8206892441028035,Incoming,36-45,35.89132551885427
273,20.815818760774796,Incoming,26-35,51.783753944770886
274,15.051165305097935,Incoming,18-25,54.05041765467873
275,10.092456744760245,Outgoing,46-55,66.1295111000453
276,17.310517371316354,Outgoing,36-45,65.96877451965106
277,15.995298477867351,Incoming,46-55,3.9576389786189736
278,11.998915614206027,Outgoing,26-35,46.94910104725764
279,15.349010424950094,Incoming,18-25,77.68200061780207
280,13.0734320156912,Outgoing,26-35,41.237701453901664
281,15.56758672625624,Incoming,56-65,72.78483636726577
282,18.310653372605234,Outgoing,26-35,43.87096399977622
283,22.93008408072676,Incoming,26-35,53.49846934883928
284,8.810922505865754,Outgoing,46-55,27.26218615201702
285,25.665166873281333,Incoming,26-35,28.015028848669704
286,5.239561002387491,Outgoing,36-45,64.50983144526029
287,14.241074524822084,Incoming,46-55,67.63636560401329
288,17.941586032422883,Outgoing,46-55,50.528578124009854
289,16.404959338675162,Outgoing,56-65,25.449515147232177
290,11.886502400897031,Incoming,36-45,50.87609113214429
291,13.959388748213623,Outgoing,26-35,75.14469921348555
292,12.534995326705836,Outgoing,56-65,84.8573294010352
293,12.053176215278942,Outgoing,36-45,43.66584135348171
294,19.248010485105123,Outgoing,56-65,16.8026429948442
295,16.785077429825236,Incoming,18-25,66.80727199109558
296,11.53545202369673,Outgoing,26-35,44.48073807089998
297,19.497999377166252,Outgoing,56-65,68.8608128312208
298,16.536497604383047,Incoming,18-25,55.62144450035239
299,19.0643105941948,Outgoing,26-35,32.331117884763
300,18.14814420961806,Incoming,56-65,51.16488721318762
301,10.855024945389639,Outgoing,56-65,76.16676734108655
302,12.199094799015153,Incoming,56-65,47.01692022065512
303,18.736468025616308,Outgoing,56-65,29.303896731092447
304,18.051851327167324,Incoming,46-55,18.227116628066867
305,14.895492030179259,Incoming,56-65,34.55670626270697
306,15.58663691654391,Incoming,46-55,41.79727476458036
307,21.388324478942124,Outgoing,46-55,66.39998271834519
308,12.042143055820851,Incoming,18-25,27.583014643767566
309,17.735486905850188,Outgoing,26-35,81.07503771459271
310,13.98903673783053,Incoming,46-55,23.25695578317617
311,13.911593983863899,Incoming,36-45,96.62972185113674
312,20.49388425993595,Incoming,46-55,84.51037113508943
313,19.12708174494015,Outgoing,36-45,52.82332498775984
314,19.067548180003193,Outgoing,18-25,17.046129304608158
315,21.527394035771646,Incoming,36-45,48.89151876035156
316,15.105019208163796,Incoming,18-25,42.26318084026988
317,18.40976485647482,Incoming,18-25,24.514255538981523
318,13.44866621703272,Incoming,18-25,55.820192544948846
319,16.62083176244221,Incoming,36-45,33.52713740288712
320,14.349284728161576,Incoming,36-45,35.701883059008374
321,15.484979824963592,Incoming,18-25,45.92642730855289
322,17.97578512718457,Incoming,18-25,38.50182342588593
323,10.908896583832638,Outgoing,26-35,91.56313234220059
324,25.461936378427303,Incoming,18-25,39.285707340009004
325,9.96991309250149,Outgoing,56-65,58.81762022788951
326,8.92905693606134,Incoming,26-35,52.910449844207236
327,20.790554367500338,Outgoing,26-35,57.055004505177436
328,18.95831346981468,Outgoing,26-35,58.58176807221864
329,18.120599085260775,Incoming,56-65,67.62722973212244
330,18.1417275463214,Outgoing,26-35,55.328921512372844
331,14.938766135765427,Outgoing,26-35,54.4979158977264
332,10.513728142570843,Incoming,36-45,51.16954136936279
333,15.379022790968632,Incoming,36-45,47.23164295320051
334,11.614191442439441,Incoming,18-25,31.764042366786455
335,19.875598667088756,Outgoing,18-25,48.78263245159597
336,14.264713092489307,Incoming,46-55,54.82534750531067
337,10.872514016037442,Outgoing,56-65,58.0432911314559
338,13.393070791735033,Incoming,36-45,53.60569545980473
339,17.06465727137812,Incoming,18-25,45.340899731029324
340,12.181377235980126,Outgoing,56-65,48.858401936082046
341,10.888898022167844,Outgoing,26-35,38.927070308984156
342,16.218436057459563,Outgoing,56-65,56.26447982013128
343,16.224832855543614,Incoming,36-45,45.57743544171756
344,12.46528412314435,Incoming,46-55,53.6112187639494
345,12.644808471908386,Incoming,36-45,70.01606086765105
346,16.16024968678818,Outgoing,18-25,35.81282180715161
347,7.759578292513379,Outgoing,18-25,61.93390761820969
348,7.962681128117223,Outgoing,56-65,50.664203597707456
349,11.40777889373782,Outgoing,36-45,90.4238719916151
350,13.932764241440763,Incoming,18-25,45.67399343072981
351,16.554537827990025,Outgoing,26-35,63.90329166302133
352,22.376781084747762,Outgoing,26-35,50.30706903511954
353,19.288298116010097,Incoming,46-55,22.233909833730124
354,14.200307350182864,Incoming,56-65,39.58621808961711
355,14.904918960486556,Outgoing,18-25,67.60942210856787
356,9.987353176810956,Outgoing,46-55,41.34611078783454
357,14.90743432003805,Outgoing,26-35,5.594873703207725
358,13.556706805399308,Outgoing,46-55,49.37193966150993
359,16.613592801690448,Outgoing,46-55,28.153274040979788
360,10.863845282238385,Outgoing,18-25,52.636354651934376
361,17.596732571205862,Incoming,18-25,81.02294162796036
362,22.66369456501289,Incoming,18-25,65.38914621605807
363,14.456199257715712,Incoming,56-65,80.73311657479955
364,17.008558610494706,Incoming,46-55,38.76975957111017
365,18.450719958555563,Outgoing,46-55,47.13667332728936
366,12.993897640570818,Outgoing,56-65,29.111276063844407
367,16.120462409052084,Outgoing,26-35,36.3191310991981
368,15.062962003908975,Outgoing,36-45,31.462303354276397
369,15.48838049274416,Incoming,26-35,23.865540615760853
370,11.134951080722669,Outgoing,56-65,77.3171325066268
371,15.122550871294713,Outgoing,46-55,8.160794099471559
372,17.489991456227248,Outgoing,46-55,77.40277809609114
373,22.25571803897521,Outgoing,18-25,74.92117849840463
374,19.796354130426035,Incoming,18-25,59.99585350957996
375,25.765912287557782,Outgoing,46-55,27.709854638118614
376,11.163262185559752,Incoming,46-55,18.356497771135857
377,19.361603183603393,Outgoing,18-25,39.03192637472871
378,15.916710028691758,Outgoing,18-25,62.50240912679848
379,25.94901466608836,Outgoing,26-35,50.06127274881349
380,10.958508573224243,Incoming,46-55,29.130010098104847
381,10.80139078909612,Outgoing,46-55,72.96409569312979
382,12.00303677277989,Outgoing,56-65,83.68766656363076
383,4.380521378450965,Outgoing,26-35,45.46801671970805
384,12.371224891596196,Incoming,36-45,52.18673807194691
385,11.20433669223151,Incoming,36-45,19.823026327410076
386,15.751968932381038,Outgoing,36-45,41.712265677819296
387,16.708779878885796,Incoming,18-25,60.20879956001988
388,24.380854196079433,Outgoing,36-45,57.09713080515555
389,19.75211919093025,Outgoing,56-65,39.84664301580587
390,12.115481721687985,Incoming,18-25,44.51512983047106
391,10.50792664325821,Outgoing,18-25,41.055785269108966
392,17.459595857532527,Outgoing,36-45,44.4307057256323
393,8.398833964896788,Incoming,18-25,58.464696050362534
394,24.15729382927177,Incoming,26-35,10.649258292617546
395,20.897200603606436,Incoming,26-35,48.513009703841554
396,12.654121739476476,Incoming,36-45,56.99951071251378
397,6.434327354545612,Outgoing,56-65,38.59030628717846
398,21.769361870827062,Outgoing,18-25,40.413339120702375
399,14.42730077373691,Outgoing,46-55,40.99211118369101
400,21.189081559867308,Outgoing,36-45,40.4190005292568
401,7.0278617060281645,Outgoing,18-25,50.117675557007466
402,12.003124885231136,Outgoing,36-45,52.58005516027568
403,15.026218498590916,Outgoing,36-45,7.989713675324012
404,15.234902968823711,Outgoing,56-65,63.05760742944577
405,12.749672642603782,Incoming,46-55,44.20002231306081
406,18.114249661737492,Outgoing,18-25,88.65926350937067
407,9.661897853087028,Outgoing,36-45,26.167029222025832
408,14.288102574893532,Outgoing,36-45,32.65370982491336
409,15.601478158559495,Outgoing,18-25,45.94182042833478
410,17.572194170293745,Outgoing,36-45,58.26450899372071
411,18.55807439044445,Incoming,36-45,10.984653452569965
412,9.376789540810654,Incoming,36-45,33.41799895767787
413,7.329429146321889,Incoming,26-35,61.82640321147687
414,21.388384109492545,Outgoing,26-35,31.03752107134915
415,16.661570059897958,Outgoing,46-55,77.40052752752455
416,11.257567317217232,Outgoing,56-65,40.92232802301855
417,22.755759877612615,Outgoing,18-25,32.01253597316207
418,15.578373171464293,Incoming,56-65,62.20488515579039
419,20.896485920319133,Incoming,56-65,82.15234773648893
420,15.337592407050545,Outgoing,26-35,58.32792517487793
421,25.303739624409936,Outgoing,46-55,75.20858798446517
422,23.77670421221602,Incoming,56-65,83.53270681273926
423,13.755179257604633,Incoming,56-65,31.562826401448433
424,19.85785475477178,Incoming,36-45,68.76782668119174
425,18.226879747925736,Incoming,18-25,19.53058981392905
426,21.843157787661745,Incoming,46-55,58.498050635727694
427,10.175382697099478,Incoming,18-25,48.57364218970362
428,18.430257299992196,Incoming,26-35,74.85900406084124
429,20.29212243424794,Outgoing,56-65,73.44503025969682
430,6.206302567884428,Outgoing,56-65,61.39566701068805
431,9.083707436671125,Incoming,18-25,55.96855798965637
432,4.803839111199498,Outgoing,26-35,60.16737353443902
433,13.652965827777212,Incoming,36-45,51.23541742753091
434,18.58771127897981,Outgoing,36-45,48.77608517784193
435,22.51178526048014,Incoming,56-65,78.85156344504885
436,15.370473902098876,Outgoing,56-65,81.25779639356352
437,23.143077727856458,Incoming,46-55,47.16681604595586
438,8.099492708925542,Outgoing,18-25,54.75272806021489
439,6.483087803224226,Outgoing,56-65,51.63310449545549
440,14.722261505516906,Incoming,26-35,17.7660311612561
441,16.920327244696537,Incoming,18-25,43.27128844775987
442,14.836526259529535,Incoming,46-55,81.99408402096205
443,4.662789499800617,Outgoing,36-45,35.00448249936379
444,14.554399802436057,Outgoing,46-55,92.29086924602603
445,8.477652497475734,Outgoing,18-25,73.44252619178765
446,18.348362744150194,Outgoing,36-45,58.02996301092418
447,16.83299123048424,Incoming,26-35,61.216865719528414
448,10.300601068363225,Incoming,36-45,31.65586607329949
449,12.430665413316532,Outgoing,36-45,44.695424955505956
450,9.703932390555241,Incoming,26-35,78.8279822064352
451,14.68660451363414,Incoming,56-65,37.70941321652933
452,19.775711602506192,Incoming,56-65,71.22263513897599
453,10.071369768322281,Incoming,36-45,22.459196211258835
454,17.520232577589223,Outgoing,36-45,26.036831750499786
455,12.348711908137796,Incoming,46-55,88.02769331172632
456,11.035635838688279,Incoming,56-65,49.763257075193515
457,14.46484820022721,Incoming,26-35,39.23000226011318
458,9.823788387903129,Outgoing,36-45,77.25481653997925
459,12.231753473264089,Incoming,36-45,74.91643109927008
460,9.010610537055758,Outgoing,46-55,68.41509130514477
461,24.823625664581947,Outgoing,46-55,38.60204161175788
462,15.176317759858643,Incoming,46-55,44.26164848124649
463,11.501372460037071,Incoming,18-25,56.2325764744946
464,16.06989955367111,Outgoing,26-35,63.88798684294474
465,14.438359751545851,Outgoing,18-25,39.830328519629255
466,13.895152002333885,Outgoing,36-45,53.414742212413934
467,18.070833500217127,Outgoing,46-55,55.34782601594812
468,18.787538550236526,Incoming,46-55,75.73539512750507
469,12.347494261947363,Outgoing,46-55,65.08931657870238
470,12.1209087967766,Incoming,56-65,19.863967103294186
471,13.62474151424178,Incoming,26-35,45.727393830292286
472,3.4903941763220754,Outgoing,18-25,31.42433260033167
473,7.424044689007239,Incoming,26-35,61.36174841223347
474,21.834371337222624,Outgoing,46-55,68.46306701010089
475,23.224838567506417,Outgoing,36-45,52.03111971220489
476,13.754819802218108,Outgoing,56-65,44.637459387443
477,17.882784815278832,Incoming,26-35,51.38339586071966
478,16.556250772717682,Incoming,36-45,54.17838546955509
479,30.39440404227619,Outgoing,46-55,37.19800696566186
480,20.597874557172883,Incoming,46-55,25.625777984612693
481,14.360412042596167,Incoming,46-55,8.997219148892938
482,10.222297796997871,Incoming,46-55,75.34364263477768
483,6.967768398712138,Incoming,56-65,59.927324872699316
484,16.017318179336115,Incoming,56-65,57.25022022688345
485,11.218246273578483,Outgoing,26-35,75.30397775905898
486,7.888731452011629,Incoming,46-55,24.89063980615166
487,11.767135578787368,Incoming,56-65,15.287382482899623
488,9.592259981928025,Outgoing,36-45,57.684638330381794
489,23.435708175362823,Incoming,56-65,55.865427508868606
490,19.408198784747253,Incoming,56-65,15.373863806544932
491,14.960136793416913,Incoming,26-35,57.19042124280944
492,22.39972069445013,Outgoing,56-65,41.99554095200864
493,15.386841538238091,Incoming,36-45,33.85823880524837
494,10.693578993358681,Incoming,46-55,43.331525834351744
495,22.615620386348287,Outgoing,18-25,1.1694285816305978
496,17.694550218423295,Outgoing,26-35,38.17251553216124
497,9.813769228367718,Incoming,36-45,35.91410861031591
498,14.048306609581958,Outgoing,26-35,61.1420489387228
499,10.621908733076214,Outgoing,46-55,46.83539726978228
500,8.08600134517832,Outgoing,56-65,62.77737747357763
501,19.630887737658206,Incoming,56-65,0.0
502,24.547083202350652,Incoming,36-45,33.21803554857904
503,8.007162130904295,Outgoing,46-55,61.11994103142888
504,17.814846183452854,Outgoing,18-25,43.8227073885369
505,11.746787154390866,Outgoing,18-25,66.90921065948734
506,12.56437308117652,Outgoing,56-65,13.907941812215533
507,12.038030378805654,Incoming,46-55,64.62221679378949
508,10.68004615160092,Outgoing,46-55,37.217215644299195
509,15.242608139724135,Incoming,36-45,35.276058312346514
510,10.84524941794481,Outgoing,18-25,69.82094093854903
511,16.352284128899193,Incoming,36-45,73.23802259913012
512,14.748809452754315,Incoming,26-35,70.69399392174563
513,13.805259765667952,Outgoing,46-55,90.77283850096532
514,10.462181689792011,Incoming,18-25,75.33607216886668
515,12.116143347158337,Incoming,36-45,34.09126832535402
516,18.77695612912878,Incoming,56-65,52.83276256271301
517,17.504585938121902,Outgoing,26-35,42.7960418303013
518,10.112223776007244,Incoming,36-45,90.58179719898132
519,15.496661527146129,Incoming,56-65,72.09739909397419
520,18.756935616858947,Outgoing,18-25,46.22239726573088
521,6.652973594393142,Outgoing,18-25,67.55819595506004
522,17.716800961899676,Incoming,26-35,25.356030673737905
523,11.686881205270767,Incoming,56-65,55.00523475290946
524,17.852993342965796,Outgoing,46-55,31.241550147938316
525,11.183704217287415,Outgoing,18-25,16.228155987451856
526,5.975589496677404,Incoming,46-55,65.69072475059667
527,6.862287810584187,Incoming,46-55,68.17182190375102
528,15.24042473330691,Outgoing,36-45,59.14425272423972
529,16.29861250860741,Outgoing,36-45,46.34065918866998
530,10.478416874477958,Incoming,18-25,24.67282690307181
531,18.19296229388687,Incoming,46-55,26.77306258565505
532,6.6923996886552,Outgoing,36-45,30.614400405224057
533,14.669601006763417,Incoming,56-65,45.32653416550153
534,8.944919001187717,Incoming,56-65,71.5235746720983
535,11.740819460989204,Incoming,56-65,71.20808422157305
536,15.23699335658207,Incoming,56-65,17.02864800774246
537,10.697933173580239,Outgoing,46-55,36.13533326566106
538,13.077222278850874,Outgoing,56-65,35.596779608563224
539,20.0314640460722,Incoming,46-55,0.0
540,12.115540652384256,Incoming,18-25,61.322418938998155
541,19.17846056032571,Incoming,18-25,45.07680351362957
542,9.35146572671191,Incoming,56-65,47.73714926738048
543,17.649020889576413,Outgoing,56-65,76.91742116751277
544,22.207843103289502,Incoming,56-65,51.76618026568714
545,2.6417774993635526,Incoming,18-25,41.38539070067964
546,11.015523722647616,Outgoing,36-45,61.441552420098866
547,17.8853606359027,Outgoing,18-25,71.17743693151124
548,13.984773069785037,Incoming,56-65,55.92935132098451
549,16.855729366856544,Outgoing,36-45,63.78379197396297
550,11.980074066420897,Outgoing,36-45,47.08864700514231
551,15.4329489373645,Incoming,26-35,48.36284507280675
552,14.221613823039602,Incoming,46-55,52.260414205976566
553,20.838910308299035,Outgoing,56-65,34.93758099134676
554,16.272104216506065,Incoming,46-55,38.63876771260799
555,16.68801331037601,Outgoing,26-35,77.55759283636948
556,12.940615169387662,Outgoing,46-55,90.15912191724642
557,12.561968879637533,Outgoing,56-65,81.8439582807636
558,12.837209060901895,Incoming,26-35,23.534852864629052
559,16.972260711891483,Incoming,46-55,21.60284930830055
560,12.895077595898686,Outgoing,18-25,26.185811361096782
561,16.448874284482066,Outgoing,36-45,52.687748837589616
562,25.377003993227195,Incoming,26-35,0.0
563,19.355623517158463,Outgoing,18-25,38.22396866760999
564,13.369882339160794,Outgoing,56-65,78.14198578322227
565,21.006069610819722,Incoming,36-45,69.64877661457815
566,12.959623134892244,Incoming,26-35,39.818106988529856
567,4.809377324110731,Incoming,36-45,41.332891176587246
568,9.95956844541298,Incoming,26-35,61.34483413613808
569,5.646040394870722,Outgoing,26-35,68.70537510488398
570,13.242432579793457,Incoming,46-55,39.337254645204794
571,15.092091895947759,Incoming,36-45,45.31267956561125
572,23.382186561376415,Outgoing,36-45,38.67980542959953
573,16.634636868820813,Outgoing,18-25,23.373011172495723
574,13.904497355955678,Outgoing,56-65,45.60512503956372
575,19.147027905917447,Incoming,18-25,44.08144919582473
576,3.944323454960575,Outgoing,46-55,24.787117680226885
577,16.178072790542828,Incoming,26-35,62.92161875275459
578,18.854325969434832,Outgoing,46-55,59.66641357251779
579,7.607068771100792,Incoming,46-55,63.914394016901525
580,20.718770216034645,Outgoing,18-25,34.63859289071264
581,16.69248203747207,Incoming,26-35,10.328486437707049
582,12.923560430495993,Incoming,56-65,59.34662259291298
583,18.163909330531425,Outgoing,46-55,36.71774570740573
584,26.35346428902198,Outgoing,56-65,32.186637335085976
585,15.909331275292477,Incoming,26-35,24.85893850713115
586,16.24110293150168,Outgoing,26-35,44.49354943825692
587,12.70319550229878,Incoming,18-25,81.54654594100947
588,10.750778152676041,Incoming,36-45,39.89100957288971
589,19.151679082721227,Incoming,18-25,28.203939116661324
590,10.719580870455664,Outgoing,56-65,63.03866802060057
591,15.357831186096963,Incoming,18-25,53.45624559542568
592,12.611712766174417,Incoming,26-35,7.613972646235851
593,17.39489912873196,Incoming,46-55,63.24692639506573
594,16.66831052643474,Incoming,36-45,92.56935537003201
595,20.187699721289498,Outgoing,26-35,0.0
596,12.449918005726264,Outgoing,46-55,25.285879519557525
597,13.650625323533143,Incoming,56-65,0.0
598,10.106181421088463,Outgoing,56-65,48.493911585183305
599,12.778533699619441,Outgoing,56-65,69.80772473222706
600,16.88650246522426,Incoming,18-25,52.11001499592558
601,18.78494308322676,Outgoing,56-65,77.83991396225339
602,10.389173379111874,Outgoing,56-65,66.61100580660268
603,19.3480296005283,Outgoing,18-25,84.04294647004355
604,21.778189294024756,Outgoing,46-55,73.2042153621419
605,17.067174516118506,Outgoing,26-35,41.94113862780991
606,24.38397906279033,Outgoing,36-45,51.3345291246968
607,11.131054004482134,Incoming,56-65,32.62646169038054
608,8.776726483442914,Outgoing,56-65,45.38687662263902
609,6.106398755478606,Incoming,56-65,51.2366334403624
610,22.480221557445915,Incoming,18-25,48.30185352929292
611,18.27182828177029,Incoming,18-25,76.8450705260722
612,14.722076645447725,Outgoing,18-25,43.396638749863385
613,16.399843131599102,Outgoing,36-45,31.35827172885286
614,9.372554763508116,Incoming,26-35,32.607779301936255
615,27.22875989808413,Incoming,56-65,63.10200543245062
616,15.646105909876137,Incoming,46-55,21.937231838220008
617,15.546973973024464,Outgoing,56-65,45.976276596981656
618,18.62883311949346,Outgoing,56-65,76.55000490910842
619,17.405046158683568,Outgoing,56-65,55.85196891481661
620,16.119420121395656,Incoming,56-65,48.507892217624914
621,11.047627722773441,Outgoing,26-35,49.2817919272314
622,17.357341785679978,Outgoing,46-55,29.408708155456544
623,24.41012248237517,Incoming,18-25,32.85730579130918
624,21.727100230774887,Outgoing,46-55,46.096366541708456
625,22.965933133196984,Incoming,56-65,55.425460602185865
626,12.443921617844074,Outgoing,46-55,68.9630002360422
627,10.051975898707095,Incoming,56-65,51.85121234342869
628,14.37106539950176,Outgoing,46-55,77.05548351508496
629,15.278624561443474,Incoming,36-45,82.10396030419051
630,20.470957592354743,Outgoing,46-55,65.90534424964407
631,6.537676851425903,Incoming,18-25,74.4996281611177
632,22.64775159730307,Incoming,18-25,30.185729572238113
633,14.209960507105054,Outgoing,46-55,27.016021306238752
634,12.8655946502629,Outgoing,46-55,60.35946752580331
635,9.939478123699162,Incoming,26-35,23.175803762659054
636,6.725716640671154,Outgoing,46-55,44.19256311968133
637,19.115852919809573,Incoming,18-25,65.42383810659479
638,15.366589835942019,Incoming,36-45,78.26745849370414
639,8.55019550129473,Outgoing,18-25,44.91568699423869
640,8.52460613968192,Outgoing,26-35,37.00111409384619
641,13.321076503549358,Outgoing,46-55,56.40923243023165
642,23.345107626446964,Incoming,36-45,28.529131129522213
643,13.702043243181976,Incoming,18-25,46.53442703413146
644,7.4842852344094695,Outgoing,36-45,49.839999034474374
645,13.771284679570279,Incoming,56-65,49.4403201465841
646,13.636382151261648,Incoming,18-25,51.770069476357634
647,1.5155667852921422,Outgoing,56-65,33.30970288855717
648,14.728525667410938,Incoming,36-45,35.46014014763166
649,13.84532734895661,Incoming,46-55,35.05767477934759
650,18.48103182406709,Incoming,46-55,17.59811321609886
651,24.244780474726724,Outgoing,46-55,56.83660643692212
652,20.632825147738785,Outgoing,56-65,67.8931490338401
653,13.655556547225848,Incoming,46-55,65.92620165707072
654,9.467370456291649,Outgoing,26-35,44.75006279078491
655,27.866799016249303,Incoming,18-25,33.779895210722245
656,15.296092170072441,Outgoing,18-25,64.88629284725378
657,15.069646459564732,Incoming,36-45,62.778460447491035
658,14.879374564449984,Incoming,56-65,54.348412848725914
659,15.990423803839274,Incoming,18-25,84.88622504846546
660,14.278197940380288,Incoming,56-65,49.47148957265875
661,12.131689965598818,Outgoing,36-45,44.86220032150222
662,12.265705293798039,Incoming,46-55,42.00365337850799
663,14.836233648920008,Incoming,36-45,18.782445870383853
664,12.282876144331176,Outgoing,26-35,63.226799282845846
665,11.435771086614178,Outgoing,46-55,47.890292656844466
666,15.532151138459485,Incoming,46-55,60.1986248271359
667,13.725113912895724,Incoming,46-55,86.8375600418248
668,22.519964942913443,Outgoing,36-45,42.18496460190765
669,1.745150958034941,Incoming,26-35,3.2398256641689755
670,20.45753425961231,Incoming,56-65,59.621407390215445
671,21.230425962488145,Incoming,36-45,53.33718779785351
672,4.633048837959253,Incoming,18-25,35.3509224805736
673,13.286562029598256,Incoming,18-25,57.94532671242995
674,13.142795670021043,Incoming,36-45,65.7219264020875
675,7.962441526410894,Incoming,56-65,31.067801795769054
676,11.110916562045624,Incoming,18-25,43.97336277193235
677,9.447120772670857,Incoming,56-65,79.53507459697856
678,23.761352217118116,Outgoing,46-55,35.5675561754127
679,19.678391965737305,Outgoing,36-45,51.3333951082757
680,21.357775474970794,Outgoing,46-55,0.0
681,18.608360320216175,Incoming,18-25,20.3630899783741
682,9.354741143913854,Incoming,56-65,53.15034994665599
683,12.377398668601131,Incoming,46-55,74.55975619171201
684,17.44687280613959,Outgoing,18-25,22.75940635997998
685,8.889360955540273,Outgoing,26-35,51.49128124120993
686,18.56499215086194,Incoming,46-55,42.485641818925664
687,13.798373009209325,Outgoing,26-35,69.06176109984987
688,13.125895962252013,Outgoing,26-35,25.643933893548297
689,18.554799841017456,Incoming,18-25,58.601552967349704
690,17.2213165574302,Incoming,36-45,36.92618626007486
691,13.1951691709046,Outgoing,56-65,54.4607604965295
692,20.79664901682124,Incoming,18-25,51.37862104616945
693,9.594683362000513,Outgoing,46-55,44.96441851714764
694,18.07967803472132,Outgoing,56-65,59.55623692538769
695,17.96550628984192,Outgoing,36-45,50.87305468605922
696,13.452267803430049,Incoming,18-25,47.3438739584661
697,16.63066511121059,Outgoing,36-45,42.87166931954514
698,8.744432118073485,Outgoing,46-55,51.55196779490674
699,19.620135096034506,Incoming,18-25,54.44087096292144
700,14.075489317785054,Incoming,46-55,30.21715839838758
701,12.386384897404803,Outgoing,56-65,43.01057524165247
702,20.245046129184445,Incoming,56-65,28.896281107376545
703,11.478281547286205,Incoming,36-45,49.203091544384286
704,7.957693518182202,Outgoing,36-45,38.153355902919444
705,7.216854132380481,Incoming,56-65,65.41566295962511
706,18.030049756728197,Outgoing,26-35,63.45453955513379
707,8.597853237518585,Incoming,56-65,31.54502872871261
708,23.77397090992182,Incoming,18-25,49.953853092030506
709,4.59035296058139,Outgoing,46-55,62.77033158496728
710,23.48228184145019,Outgoing,56-65,46.493833596719426
711,16.05508733601309,Incoming,56-65,35.4356495038891
712,14.516434440648037,Incoming,46-55,28.151929439104087
713,12.275404565955252,Incoming,46-55,67.08535123156724
714,16.995680571760353,Outgoing,18-25,68.0542629656994
715,14.811826487875758,Incoming,46-55,45.841048022519026
716,20.516509410082605,Outgoing,36-45,65.32275169053355
717,15.571138243310198,Incoming,56-65,0.0
718,15.751508807309389,Incoming,46-55,76.55109301418472
719,13.18193893893072,Incoming,18-25,46.86110389445643
720,14.715271881394663,Incoming,46-55,52.83553121598978
721,16.539008844460295,Incoming,56-65,43.58964552668061
722,6.449158036716872,Outgoing,26-35,77.9141496373501
723,8.259072889471435,Outgoing,46-55,28.785367520889324
724,18.716320470113576,Outgoing,36-45,79.4892065321367
725,15.85432719063971,Incoming,56-65,57.925418418902225
726,14.080083318236603,Outgoing,18-25,62.45328431836316
727,15.092169665326965,Outgoing,56-65,43.415908733421674
728,16.737908526808354,Incoming,26-35,23.835616042072587
729,12.301201598453193,Incoming,18-25,68.61021531072203
730,11.108476372988436,Outgoing,26-35,56.22816702378662
731,15.979226275488408,Outgoing,26-35,77.23246916617634
732,10.10813611192484,Outgoing,36-45,46.124473595686034
733,17.041263778572358,Outgoing,46-55,41.61537242202171
734,6.487081978810798,Outgoing,36-45,77.76176473280604
735,20.14577818662822,Outgoing,36-45,88.23788328994888
736,17.362987412065216,Outgoing,36-45,50.1869435273146
737,16.28014867156938,Incoming,18-25,34.94485006285788
738,19.91345491972757,Outgoing,46-55,66.21061525579098
739,23.32737222231288,Incoming,46-55,44.919588676586514
740,20.07185032509065,Incoming,18-25,61.985256508015965
741,5.795628843341774,Incoming,36-45,44.814480512424936
742,8.602115166321493,Outgoing,36-45,81.28028036423626
743,11.875907111521606,Outgoing,26-35,36.010209898986005
744,15.130455251054169,Incoming,26-35,59.6105932504392
745,17.588295102345615,Outgoing,56-65,40.22596059535752
746,11.371280934232672,Outgoing,26-35,44.36986877158462
747,15.933833822385392,Incoming,46-55,41.75888690478847
748,11.223085338233387,Outgoing,18-25,64.77216132186831
749,11.942410985040258,Incoming,36-45,68.36726229867742
750,7.966694515758888,Incoming,56-65,61.15477657864742
751,10.383833769445479,Incoming,26-35,47.84033066509459
752,8.241576971918331,Incoming,56-65,52.80360062003186
753,10.120633735113337,Outgoing,18-25,67.9544313691885
754,20.268208983039198,Incoming,18-25,68.5862317441521
755,10.253005555840286,Outgoing,56-65,0.0
756,28.161910324186955,Outgoing,56-65,44.55555656454608
757,17.466589504404446,Outgoing,56-65,45.51482417121029
758,15.92418061847437,Outgoing,36-45,63.385051282523236
759,10.708211099093933,Incoming,46-55,48.664583645785086
760,18.501549397044958,Incoming,26-35,64.38366761898574
761,12.121810868811131,Incoming,26-35,28.426784579388954
762,15.610049073226808,Incoming,26-35,55.2010903092156
763,27.800422691343975,Incoming,56-65,68.00411306900989
764,14.51970050137675,Outgoing,56-65,20.512342613637035
765,20.74636663142838,Incoming,56-65,100.27286936417806
766,11.484117874370563,Outgoing,36-45,73.81771865733039
767,14.825057547515192,Outgoing,36-45,50.027066049312836
768,23.85400317817755,Incoming,36-45,33.431837855224636
769,11.865164711061162,Outgoing,36-45,46.49829699452588
770,24.062242789984644,Outgoing,18-25,51.67604719222681
771,18.538759677277376,Incoming,36-45,58.81325113624095
772,12.187666120528661,Incoming,36-45,80.01321698920061
773,18.162038695277605,Incoming,36-45,40.47803061114308
774,19.86277224813365,Outgoing,26-35,61.254196751451225
775,18.10904981108598,Incoming,26-35,24.15141674799774
776,7.148876400547718,Incoming,26-35,41.727985713494654
777,11.364314120875658,Outgoing,46-55,57.53433695738717
778,13.762406822242475,Incoming,18-25,63.8252498201761
779,14.627832854499768,Outgoing,56-65,34.935350466707604
780,18.103360487753392,Outgoing,36-45,41.184166079761724
781,15.88850500466627,Incoming,26-35,79.21113271167091
782,8.323278206449494,Outgoing,18-25,73.2381723925609
783,16.900989255029817,Outgoing,36-45,54.16914434104733
784,18.052928726419115,Incoming,46-55,5.267096935585691
785,17.7989522396552,Incoming,56-65,100.22265095380017
786,20.403903627773108,Incoming,36-45,49.6013687668551
787,19.16961077274452,Outgoing,56-65,43.748658839573466
788,17.295900396142184,Outgoing,36-45,39.5528014829177
789,14.649171442706765,Incoming,46-55,57.52734074398217
790,6.6951953324200435,Incoming,18-25,57.7316517834186
791,17.148091095662927,Incoming,56-65,69.01255746253025
792,16.038438435815557,Outgoing,56-65,31.478756713019738
793,16.357894185976868,Incoming,18-25,43.750102437174775
794,8.616257120898453,Outgoing,56-65,90.61091446448404
795,9.594717297958688,Incoming,26-35,54.491812664999834
796,20.26576426666452,Outgoing,18-25,46.54951253346507
797,14.802224230716725,Outgoing,46-55,31.167644688325964
798,18.40750348686312,Incoming,36-45,60.118686116415034
799,15.141591880652307,Outgoing,36-45,70.62036434084888
800,15.148780697478726,Outgoing,18-25,67.49175291619615
801,19.691419029879988,Incoming,26-35,44.823982727821665
802,12.419776358913131,Incoming,46-55,57.22504566727072
803,15.480603884704918,Outgoing,36-45,83.43318873297223
804,12.688623556474788,Outgoing,36-45,71.41764584342937
805,12.827518862838422,Outgoing,26-35,34.31674515613361
806,13.454139382656804,Incoming,56-65,0.0
807,16.110668858168566,Outgoing,18-25,55.9354501416847
808,12.606256891682612,Outgoing,26-35,65.97136253496865
809,21.278780627867604,Incoming,26-35,28.21551016253475
810,10.526963488902481,Incoming,26-35,49.82420955754445
811,14.065641779193205,Incoming,26-35,44.726018682538424
812,12.801344708629125,Incoming,56-65,52.085726444643974
813,22.234889421768663,Incoming,46-55,39.106074257605755
814,15.982773882557874,Outgoing,26-35,75.81021995255986
815,20.159222697343175,Outgoing,26-35,52.95937761265525
816,7.572198134815141,Outgoing,18-25,32.419662276705
817,16.335251329346296,Incoming,36-45,68.34924307187441
818,19.448153978117183,Incoming,56-65,24.716248080165897
819,15.411419946377121,Incoming,26-35,75.68988755070265
820,20.327401875326757,Outgoing,46-55,69.82118848445128
821,12.413557749498139,Incoming,46-55,77.79550590641571
822,22.0467372009279,Incoming,46-55,46.835072551167684
823,26.49449061809625,Incoming,18-25,40.07772040433247
824,13.185807197801704,Outgoing,46-55,51.68043521866186
825,12.77248739299614,Incoming,18-25,48.311264272889375
826,22.266922385588504,Incoming,56-65,36.94527428872975
827,22.897860728653562,Outgoing,46-55,38.92753371748715
828,12.385699864233658,Incoming,36-45,42.67254305467072
829,12.899065914520714,Incoming,26-35,26.599926271202747
830,13.591076955697464,Incoming,56-65,63.55926579198669
831,8.277747444828615,Outgoing,36-45,48.95405724857987
832,10.406740267579009,Incoming,56-65,43.83243061532706
833,9.97929616623966,Incoming,46-55,27.792916781166454
834,11.161012174479357,Outgoing,56-65,26.7925404466507
835,14.826575563066093,Outgoing,56-65,88.71828101444825
836,16.171073662682602,Incoming,56-65,37.454850742768606
837,22.752502464070385,Outgoing,18-25,62.21056788418653
838,10.008229796306045,Incoming,36-45,53.25268939800354
839,19.921611992382918,Outgoing,46-55,0.0
840,13.930055778872456,Incoming,26-35,85.84901646277184
841,14.752681451737836,Incoming,46-55,63.681679575522324
842,18.37409746083302,Incoming,46-55,34.64659691390382
843,9.386389892188507,Outgoing,18-25,49.43266991140809
844,16.912048730920255,Outgoing,18-25,27.016332651926685
845,15.83226104106528,Incoming,56-65,86.52440956922268
846,17.462256320040744,Incoming,46-55,31.84684583517071
847,16.44584321953909,Incoming,36-45,39.53832006610681
848,27.27650069955447,Incoming,18-25,35.40877843704818
849,11.81130007874342,Outgoing,18-25,51.607588004183405
850,12.345015224990911,Outgoing,36-45,77.40633000278628
851,11.884297367876178,Incoming,18-25,85.78748898190315
852,12.222614404198726,Outgoing,36-45,42.020077115554066
853,11.813064363467412,Outgoing,26-35,57.565179646358445
854,20.94508265553776,Outgoing,36-45,51.638108252081466
855,22.102521239949276,Incoming,26-35,30.36781471111884
856,12.14626853125262,Incoming,56-65,98.45111149191888
857,10.838222134478857,Outgoing,56-65,77.25519124592512
858,17.35707778193202,Outgoing,18-25,53.78231699422069
859,12.238884778595143,Incoming,36-45,81.63752186997975
860,18.164659088777555,Incoming,18-25,74.2421342543561
861,16.0146151042565,Incoming,36-45,51.63722682163511
862,7.42127942501384,Outgoing,18-25,56.51927210655987
863,22.737526006650306,Outgoing,56-65,80.24252284753308
864,23.97938836547761,Outgoing,56-65,31.07692837740639
865,11.936056547578069,Incoming,18-25,83.47381394642679
866,13.06149220032008,Incoming,36-45,45.49774878629768
867,16.429326953624525,Incoming,46-55,80.49353485695134
868,16.672283949935125,Incoming,36-45,49.895468050743595
869,18.29272136336415,Incoming,18-25,56.75212444945944
870,25.051022693831747,Outgoing,36-45,49.31383286855082
871,14.115263862529753,Outgoing,26-35,39.36312754377545
872,11.008513777307732,Outgoing,36-45,44.59890203711376
873,8.103403859927365,Incoming,56-65,77.58222806337133
874,11.345349800290405,Outgoing,56-65,3.7167203465506304
875,14.834365135631014,Incoming,26-35,25.220681103903257
876,23.97278931758894,Outgoing,36-45,35.49056581283796
877,12.411943504819142,Outgoing,46-55,28.433104151279576
878,16.118939758194493,Incoming,36-45,80.19959220830978
879,14.91788551963624,Outgoing,56-65,75.15353955706408
880,20.94196636724042,Outgoing,56-65,61.840636187892315
881,27.63466212936811,Outgoing,18-25,37.243918650449295
882,12.345656135398396,Outgoing,56-65,76.70103733588273
883,12.55280278740889,Outgoing,18-25,18.23740148008912
884,20.22080438534536,Outgoing,56-65,92.83965280295872
885,18.40945744813156,Outgoing,56-65,36.30740405644899
886,24.23353662868017,Incoming,46-55,44.759295563171236
887,17.919640926629818,Outgoing,18-25,41.41312299010572
888,13.203539546064702,Incoming,18-25,28.53785171802646
889,17.953274153461546,Outgoing,56-65,88.50226247873839
890,20.543517902914537,Incoming,18-25,65.77789261568974
891,19.102410905986822,Incoming,56-65,74.30941084159575
892,17.53637015553649,Outgoing,56-65,25.52661455878458
893,20.333373447945768,Incoming,36-45,53.618756540079985
894,20.846477952228362,Incoming,18-25,60.420573786628076
895,21.910794955187637,Outgoing,26-35,55.415130470996864
896,18.243549437948214,Incoming,18-25,26.792530978640002
897,14.164409598415729,Outgoing,18-25,71.51000042261273
898,15.733568432166614,Incoming,46-55,52.431001655703085
899,21.032544832541785,Incoming,26-35,30.900719287139943
900,10.91532164506382,Incoming,26-35,12.894989208946733
901,16.843366544364507,Incoming,46-55,62.1333302697976
902,13.033305938363197,Outgoing,46-55,99.00911468263001
903,15.143724114674088,Outgoing,18-25,29.69491453307437
904,21.392259313036494,Outgoing,36-45,53.40894100825932
905,15.955495340099517,Outgoing,46-55,72.20994558183153
906,15.232182740780743,Outgoing,26-35,24.606954677973974
907,8.200719295100404,Incoming,26-35,40.40086461829951
908,18.731267830136105,Outgoing,18-25,32.79682441477196
909,18.227420905705376,Incoming,36-45,69.69353389649092
910,25.8162736165273,Outgoing,56-65,76.51045138708119
911,13.461108825234996,Outgoing,46-55,53.1807252946347
912,16.095751638319694,Outgoing,46-55,33.16531862011798
913,16.246918418553776,Outgoing,18-25,41.14418124144304
914,22.887266398817374,Incoming,36-45,37.39002971506494
915,14.52352233806524,Outgoing,26-35,30.454622767539867
916,16.395107628851697,Incoming,26-35,47.959235983630705
917,18.039482548582697,Incoming,56-65,61.49652968923724
918,15.93304561578179,Outgoing,26-35,59.805148888570386
919,12.767831927247359,Incoming,46-55,49.83535270860978
920,15.970449964491538,Incoming,56-65,51.14107673650727
921,20.36815874929886,Outgoing,36-45,48.36898409820442
922,9.8674235029447,Incoming,56-65,24.055769216674534
923,15.66484837073438,Outgoing,36-45,53.20269793965745
924,11.499395925304134,Outgoing,26-35,38.327488290907006
925,20.975233144624212,Incoming,18-25,23.053135616811247
926,7.384065476081126,Incoming,56-65,57.41411134231167
927,12.205390763642058,Incoming,56-65,37.7653992716291
928,16.886059375322603,Incoming,46-55,54.55507842517672
929,22.827620146171704,Incoming,46-55,66.95275630138855
930,14.67124869463506,Incoming,36-45,30.99522557709536
931,12.224002366534009,Incoming,18-25,51.84242564145943
932,24.40578534720295,Outgoing,46-55,13.791542365392772
933,7.75993049791878,Outgoing,46-55,80.65066181218552
934,4.005970216899591,Outgoing,26-35,22.81867006222436
935,17.20007225026666,Incoming,26-35,39.70360675205251
936,12.489728878236944,Incoming,46-55,76.76759807527915
937,9.893835914346434,Incoming,36-45,45.30954147838028
938,18.541782236496765,Outgoing,18-25,26.052046273993994
939,16.219003568855996,Outgoing,46-55,64.26146464573071
940,12.179606846316357,Outgoing,36-45,63.8106492430237
941,8.598478006645529,Incoming,36-45,37.33627321269533
942,19.362286641400722,Outgoing,46-55,39.50146958439202
943,18.251005889793305,Outgoing,36-45,41.29182058763828
944,14.504120681103085,Incoming,56-65,45.859520786279376
945,24.233184980238327,Outgoing,36-45,12.14057846156387
946,9.649576168369236,Outgoing,46-55,46.37152277763801
947,7.372374145376305,Outgoing,36-45,85.67828396366298
948,11.540459650593778,Incoming,46-55,32.08060065526591
949,14.772069918222511,Outgoing,26-35,38.33012813060472
950,16.21669724661346,Incoming,46-55,26.327646736072083
951,13.793819710718351,Incoming,36-45,62.243238527907074
952,16.760276982571483,Outgoing,46-55,74.06394716284753
953,8.74230287904778,Outgoing,18-25,73.6063567835525
954,22.218823020366298,Incoming,46-55,25.0397882221268
955,14.589244108037157,Incoming,46-55,59.9958346099392
956,20.586479157940637,Incoming,18-25,78.67500068428471
957,16.71362673188852,Incoming,18-25,60.193262154202465
958,17.283766095768918,Incoming,18-25,59.56819366687553
959,17.84883640116102,Outgoing,56-65,40.56714842729683
960,17.238542800086574,Incoming,46-55,54.402196475873275
961,18.21361379933772,Outgoing,18-25,74.7263635941281
962,21.645762650662157,Incoming,18-25,56.56417936857528
963,15.982605848507351,Outgoing,26-35,25.03450487940547
964,18.54501878794256,Incoming,56-65,40.87916651428057
965,14.551321528563866,Outgoing,46-55,74.18559077777988
966,22.200586077247365,Outgoing,36-45,56.4948664070219
967,11.61803848970365,Incoming,56-65,52.381241564861526
968,24.00470216455408,Incoming,56-65,38.919689335065996
969,14.799210246778284,Outgoing,26-35,73.7719836106887
970,7.8461244894097595,Outgoing,46-55,83.24825195644513
971,15.640522074553946,Outgoing,46-55,75.26378246036066
972,11.594741712625595,Incoming,18-25,78.85183242890746
973,19.203217744943622,Incoming,18-25,42.82587518467667
974,11.736880103488046,Incoming,56-65,39.996618052521924
975,12.769082833926102,Incoming,26-35,46.873096530016284
976,5.552296345272346,Outgoing,46-55,50.77146483952507
977,12.738468403754617,Incoming,26-35,78.62039560250511
978,2.880603366855217,Incoming,36-45,73.31773478936833
979,7.0804858825713834,Incoming,46-55,60.76938774508989
980,18.802073280721487,Incoming,18-25,21.37626468306226
981,18.92900079325416,Incoming,56-65,16.23956310806249
982,17.127287808924823,Outgoing,26-35,54.80925489603406
983,10.165119284353935,Incoming,18-25,67.60526411201434
984,14.7614432192901,Outgoing,56-65,48.40865902027725
985,14.981987304547157,Incoming,18-25,88.2980900995681
986,9.208176554037287,Incoming,46-55,28.351179124391287
987,22.51699150883575,Incoming,26-35,25.83296101008802
988,19.386811452878355,Incoming,36-45,36.71438051051358
989,13.89517913085168,Outgoing,18-25,35.954055736175285
990,15.134429194972654,Outgoing,26-35,60.52571737363959
991,16.04191403973776,Incoming,46-55,41.56576296312994
992,4.791325657878547,Outgoing,18-25,19.04319077442677
993,13.764113087397016,Outgoing,46-55,67.83156913390233
994,11.590078760011007,Incoming,36-45,14.800961478557404
995,9.991899950525422,Outgoing,36-45,28.575635539785814
996,13.594498535570226,Outgoing,56-65,17.545868585122626
997,23.988432634247612,Incoming,56-65,54.142425541417474
998,18.20421430633505,Incoming,56-65,53.72095424302424
999,12.144105051086015,Outgoing,46-55,88.32908642032706
1000,17.862913906780793,Incoming,56-65,68.276533122911
1001,21.99677718293001,Incoming,26-35,78.83292366684401
1002,19.623168414563843,Incoming,46-55,55.77219302596986
1003,15.29815184960087,Outgoing,46-55,30.46136357818873
1004,11.765316111472131,Incoming,56-65,52.56215203986993
1005,18.491116568067948,Incoming,56-65,61.84842014774613
1006,16.967426927108747,Outgoing,46-55,64.0761476450315
1007,19.475966100138663,Outgoing,36-45,40.551757117833155
1008,18.175859008409848,Outgoing,36-45,59.775729475647985
1009,20.247763576596675,Outgoing,56-65,31.33944058317471
1010,12.32382394219716,Outgoing,36-45,29.13444811778566
1011,21.586970328171628,Incoming,26-35,27.6843057722903
1012,15.987998023461998,Outgoing,26-35,50.49251977113594
1013,25.376304363126327,Incoming,26-35,26.44327289847393
1014,11.55406090955216,Outgoing,46-55,41.505112202579845
1015,23.679819015826247,Incoming,46-55,68.05833102827916
1016,15.98955391731324,Incoming,46-55,29.4174064384339
1017,11.742909981927758,Outgoing,46-55,39.91375932991366
1018,12.580570829728392,Outgoing,46-55,51.43262553552339
1019,13.3982634590284,Outgoing,56-65,54.937738030645335
1020,17.120829732009582,Outgoing,36-45,40.01418818388878
1021,17.6141774401775,Outgoing,56-65,65.73720137470315
1022,12.131499980307105,Outgoing,36-45,61.80904601569449
1023,14.878227038695085,Incoming,56-65,72.79713208723406
1024,25.71135179305932,Incoming,26-35,48.3679615130588
1025,23.637715850503557,Incoming,18-25,39.74362381087313
1026,17.18161834837016,Incoming,46-55,36.347359559757564
1027,15.190017390841001,Incoming,18-25,56.140550358587255
1028,15.600156633591306,Outgoing,18-25,42.45688434377454
1029,18.06758986365208,Outgoing,26-35,38.616604446384216
1030,9.886037174007972,Incoming,18-25,41.03425471509355
1031,13.713117312883274,Incoming,18-25,36.32619029751496
1032,6.657079630612053,Outgoing,26-35,53.98042225525464
1033,16.996115613026397,Outgoing,36-45,21.74833634911878
1034,18.235979698513706,Outgoing,56-65,56.06032584949926
1035,12.58406768850313,Outgoing,18-25,63.530975208059004
1036,22.869933816450164,Incoming,46-55,38.382417236454046
1037,8.871171684988294,Incoming,26-35,88.44073879213094
1038,7.678125598950899,Outgoing,18-25,50.352426219537065
1039,16.12225909279986,Outgoing,36-45,18.77314033800223
1040,20.235491513060772,Incoming,36-45,44.375141873266585
1041,23.419638457289345,Incoming,46-55,51.25312289871594
1042,12.7055786856553,Incoming,18-25,58.97935111140428
1043,20.39340416715648,Outgoing,46-55,44.85138951778307
1044,14.807457652496463,Incoming,36-45,29.768594485912185
1045,14.136863500295902,Outgoing,36-45,28.100387637754345
1046,19.41829968743336,Outgoing,56-65,36.92801429636658
1047,18.2616143920671,Outgoing,36-45,38.84449274962474
1048,7.118039215078753,Incoming,26-35,27.300516702014853
1049,22.38270174862948,Incoming,56-65,35.34373677792602
1050,21.900456770737257,Outgoing,46-55,63.1891704887871
1051,11.872186492452354,Incoming,36-45,82.96825215388974
1052,16.979017667187044,Outgoing,26-35,65.10923427741926
1053,17.470150931413695,Incoming,56-65,76.11722172373625
1054,16.303368829119535,Outgoing,26-35,69.48236936467396
1055,12.2484742307729,Outgoing,56-65,66.66260656796689
1056,11.641883160309742,Incoming,56-65,43.244074738853435
1057,14.872229645042774,Incoming,56-65,52.81821756773894
1058,20.86364509629682,Outgoing,46-55,41.58761315087957
1059,17.71800077297216,Incoming,56-65,45.61785675332746
1060,13.14692833956947,Outgoing,56-65,51.363342007731724
1061,18.858493553241722,Outgoing,26-35,64.27132303158054
1062,0.7572868968496227,Outgoing,56-65,58.466467630302475
1063,20.743828501860516,Outgoing,46-55,46.76341473971287
1064,6.3014311061095025,Outgoing,26-35,51.110774817833324
1065,13.187795292984339,Outgoing,56-65,58.669273483870526
1066,9.40165052686928,Outgoing,26-35,63.3478887611567
1067,8.526592621395471,Outgoing,46-55,19.62009673485595
1068,20.804133936892597,Incoming,26-35,28.452220722021263
1069,12.661493993440544,Incoming,46-55,72.14621067878684
1070,16.73251940865358,Outgoing,36-45,48.78260860137884
1071,14.76539710560408,Outgoing,56-65,41.51846813266042
1072,17.385204136115608,Outgoing,46-55,44.730010541479224
1073,15.384109455301276,Incoming,56-65,44.725893888468924
1074,8.585038879057151,Outgoing,46-55,61.15875563048748
1075,19.9813340972357,Outgoing,18-25,27.83967212038466
1076,12.531217084193438,Outgoing,18-25,50.495554929935224
1077,7.217090506701245,Incoming,18-25,54.92235458900809
1078,12.859424195170437,Incoming,46-55,57.925358331310065
1079,22.503798953171554,Incoming,56-65,54.457279924205864
1080,19.251108710567465,Outgoing,18-25,60.31812460628056
1081,13.256739327960704,Outgoing,56-65,38.54607697883374
1082,13.253711478407856,Incoming,46-55,31.16394535350089
1083,13.391824743913087,Outgoing,56-65,99.14008886501027
1084,25.383739917804206,Incoming,56-65,43.97470630851527
1085,16.909677261157768,Incoming,18-25,46.31091058690864
1086,17.150208235955347,Outgoing,26-35,63.55680195435769
1087,20.15141727015921,Outgoing,36-45,81.92178584388482
1088,16.193945795132567,Outgoing,46-55,39.10943766130608
1089,13.704789270896484,Outgoing,46-55,30.023694636209488
1090,14.018250754575108,Incoming,46-55,25.156932984167796
1091,14.64199370292968,Incoming,36-45,81.86212443005851
1092,14.813888817450792,Incoming,26-35,29.237860270779315
1093,18.6381477181849,Incoming,56-65,49.44888126968866
1094,15.259729429036497,Incoming,46-55,30.45430335914062
1095,18.663200386077897,Incoming,56-65,21.03288164083392
1096,14.596417099457089,Outgoing,18-25,44.15249293812628
1097,15.393175951580453,Incoming,18-25,31.244266673176792
1098,5.008996577339461,Outgoing,18-25,36.16743149153375
1099,19.58163837351241,Outgoing,46-55,90.12210194834807
1100,16.732442379489964,Incoming,36-45,58.49792208344806
1101,19.99005054929826,Incoming,46-55,68.62939039107978
1102,0.5187231090315532,Outgoing,18-25,66.49319125698506
1103,25.441873523903638,Outgoing,18-25,47.9827815384195
1104,14.30205185922413,Incoming,46-55,41.205632812447526
1105,20.540914083687582,Incoming,36-45,54.97869223722233
1106,9.800470364372345,Outgoing,36-45,53.369015398649886
1107,18.06386952531285,Incoming,56-65,38.62389165669384
1108,9.73292218413172,Incoming,26-35,52.59695660933721
1109,11.881155196520975,Incoming,18-25,35.87340586607416
1110,24.57015676933393,Incoming,36-45,46.57084138718321
1111,14.046587996183266,Incoming,18-25,43.294330509653264
1112,16.087164365898616,Outgoing,26-35,24.622548147884416
1113,19.35033865344377,Incoming,18-25,2.976835737756602
1114,17.47840943986302,Incoming,36-45,31.218735001206017
1115,15.752094525717883,Outgoing,56-65,86.08209329172601
1116,16.824805012331126,Outgoing,46-55,43.806364359265444
1117,27.017077926191376,Incoming,46-55,65.51936321792809
1118,14.711906014832072,Incoming,36-45,7.51109713813284
1119,16.005495233574837,Outgoing,36-45,29.834278640713446
1120,20.25327198003806,Incoming,26-35,22.91020765275299
1121,20.52762966478992,Incoming,18-25,45.953999798257705
1122,20.9351515278019,Incoming,26-35,98.43910961070486
1123,18.19365111014592,Outgoing,46-55,59.20477886455836
1124,9.284975436347583,Incoming,18-25,83.91225066556173
1125,23.167157661505478,Incoming,26-35,44.911265446286734
1126,9.26827303490656,Outgoing,46-55,77.29738747710144
1127,16.513177326195166,Incoming,18-25,91.46513413365781
1128,11.228620749903211,Incoming,56-65,47.81261867179084
1129,14.679308267035037,Incoming,56-65,39.2147057754527
1130,16.6438120515174,Incoming,26-35,23.643781260196945
1131,16.606786077251364,Outgoing,36-45,43.81879482846061
1132,17.109603771176424,Outgoing,18-25,51.63793350401582
1133,23.068556345293235,Incoming,26-35,90.61907234698297
1134,17.2676715075699,Incoming,36-45,24.100520518078273
1135,13.779216823546756,Incoming,36-45,51.193237873939566
1136,19.820435841441785,Incoming,18-25,13.713837572207659
1137,20.947352444623203,Outgoing,18-25,41.46474342322864
1138,8.861960924315039,Outgoing,36-45,56.22790714824038
1139,17.98700034924929,Outgoing,46-55,60.25166305377116
1140,18.50586371155449,Incoming,26-35,61.780461592838435
1141,13.512182483200041,Incoming,18-25,57.94808065773691
1142,21.878534066558096,Incoming,36-45,61.60843880192482
1143,14.249722064837366,Outgoing,46-55,50.91478258005327
1144,15.62788226735771,Outgoing,56-65,29.042673880220566
1145,14.134640878580653,Outgoing,36-45,12.966860726398878
1146,15.077895237907338,Outgoing,46-55,39.06624356525566
1147,9.518624565523991,Outgoing,56-65,47.30769133873541
1148,7.799745587028529,Incoming,46-55,75.07863594350961
1149,22.97252531612486,Incoming,18-25,47.98796649687626
1150,10.765193258408361,Incoming,36-45,46.06861931566615
1151,10.043038252718464,Outgoing,56-65,57.71054253683559
1152,4.233049431981426,Incoming,46-55,44.59976025097596
1153,11.805191261552489,Incoming,56-65,66.21083997893876
1154,8.38455103296251,Outgoing,26-35,89.58667236767756
1155,23.210075800681846,Outgoing,36-45,93.81571028421402
1156,20.04908544671317,Outgoing,18-25,51.94081254488978
1157,11.559248274111381,Incoming,56-65,56.73784729390896
1158,26.262179026721544,Outgoing,46-55,81.57712240746967
1159,19.90882743495797,Incoming,56-65,47.00075954207458
1160,13.375843082456887,Incoming,46-55,63.583842838483584
1161,2.5029714256321345,Outgoing,56-65,27.296797406283495
1162,26.45471286295371,Incoming,18-25,43.78321703450004
1163,8.05213766618202,Outgoing,18-25,73.12229233290614
1164,6.773006265215541,Outgoing,36-45,35.636087324247534
1165,20.112852160048202,Incoming,18-25,47.438976425406445
1166,27.198762031696365,Incoming,56-65,18.51580708795761
1167,21.92136409255259,Incoming,56-65,90.11536589019273
1168,17.819545600261797,Outgoing,18-25,75.26056139633806
1169,17.97377170832643,Incoming,26-35,53.761991323054964
1170,19.26707779390154,Outgoing,56-65,60.15025744164656
1171,18.794642948933827,Outgoing,36-45,57.91796213886737
1172,16.405957119846878,Incoming,26-35,77.68623506061572
1173,15.521005519759381,Incoming,18-25,39.62399915257255
1174,14.687034360502388,Incoming,46-55,64.64535239856464
1175,11.23017705566662,Incoming,56-65,71.54832997704347
1176,13.59662461566613,Outgoing,46-55,74.30651940952913
1177,6.535215929023073,Incoming,36-45,4.812582323366044
1178,14.508301866026251,Outgoing,26-35,38.01451043469711
1179,10.057044464245413,Incoming,46-55,29.61658757396192
1180,9.482053413921145,Incoming,36-45,52.99176571141371
1181,15.899470755767393,Incoming,46-55,9.679395609714554
1182,21.960011431722997,Outgoing,46-55,9.08754218108794
1183,19.591583030011563,Incoming,36-45,93.4018998375252
1184,7.147496981884115,Outgoing,56-65,62.35378776526681
1185,10.051859317148313,Incoming,46-55,52.42018486397623
1186,19.70385593994108,Incoming,36-45,57.27345295677964
1187,10.087563032308452,Outgoing,46-55,52.9268184749836
1188,13.876834250014877,Outgoing,56-65,69.94701313103052
1189,17.75026049512276,Incoming,36-45,37.35111615872043
1190,10.158277725681824,Incoming,46-55,53.73229652147138
1191,15.526877530729799,Outgoing,18-25,54.54842535875431
1192,8.329872525408977,Incoming,56-65,29.062840830833245
1193,11.99316178024393,Outgoing,46-55,75.53966118126105
1194,16.598909670712686,Incoming,26-35,41.08646520197181
1195,7.035031332341654,Outgoing,36-45,70.34843339617802
1196,17.202373689801995,Outgoing,46-55,52.298254527429606
1197,14.901811005366595,Outgoing,56-65,82.67169664818115
1198,17.762449772085738,Outgoing,56-65,29.172418229569516
1199,16.119570670323306,Outgoing,26-35,28.304823969791002
1200,21.82070214986922,Incoming,26-35,31.886088179913827
1201,15.626122513239537,Incoming,46-55,52.66591101028748
1202,12.852972294373735,Incoming,18-25,80.8293679155641
1203,15.61148751516142,Incoming,56-65,81.86187236330501
1204,17.71649014518194,Incoming,18-25,3.8006279912312024
1205,15.244300351628521,Incoming,18-25,54.994143224450774
1206,15.202958456019411,Incoming,46-55,0.0
1207,11.490041560966223,Incoming,36-45,65.9006358757007
1208,11.68549541224526,Incoming,36-45,72.36338829790414
1209,7.986973641001533,Outgoing,36-45,49.19511450615629
1210,23.747883715934698,Outgoing,26-35,51.67963154989509
1211,8.780683823043574,Incoming,56-65,51.4727778588048
1212,11.535474011020463,Outgoing,26-35,34.311161625175075
1213,11.407963672154013,Incoming,56-65,58.634115706429604
1214,19.474621884722207,Outgoing,56-65,45.37183996693486
1215,13.525251608539861,Outgoing,56-65,68.60583418579236
1216,21.238710363368668,Outgoing,46-55,47.72746130961541
1217,11.632546878780659,Incoming,36-45,32.77953787023482
1218,16.39497081111901,Incoming,26-35,19.28270658268979
1219,10.823264733701214,Incoming,26-35,12.718703498885759
1220,25.72574563886694,Incoming,46-55,76.2501868790887
1221,9.062007904852436,Outgoing,56-65,40.84421294281962
1222,16.549103551135136,Incoming,36-45,56.771483801632975
1223,18.168884404660492,Outgoing,18-25,85.66459783489037
1224,17.068995487257492,Incoming,18-25,38.74391337404217
1225,14.073561705611459,Outgoing,46-55,37.45045031237693
1226,14.350896501332869,Outgoing,36-45,47.35676495289352
1227,15.219057359895547,Outgoing,18-25,50.58865400839986
1228,14.264989991857558,Outgoing,18-25,87.75102700511692
1229,19.819395583974547,Incoming,26-35,81.31641188188226
1230,26.052615007956756,Incoming,36-45,62.41750831813494
1231,12.212541074960832,Outgoing,18-25,78.98827537993736
1232,8.150985102104611,Incoming,26-35,46.43561974864288
1233,14.558589758243725,Incoming,36-45,55.98329134376957
1234,27.898546688271594,Outgoing,56-65,43.9697271092261
1235,10.981627160151346,Incoming,36-45,24.19263234840721
1236,23.195584027220338,Incoming,46-55,74.0774948358719
1237,23.388504070382204,Incoming,26-35,60.63397467979721
1238,12.232058791460027,Outgoing,56-65,50.361469468473274
1239,17.844915395926378,Incoming,26-35,49.95064301375649
1240,23.141983115642688,Outgoing,26-35,19.87570258186983
1241,13.104361295062564,Outgoing,18-25,30.45049333694569
1242,13.982098199488192,Outgoing,36-45,56.723063402280495
1243,12.091595430256781,Incoming,26-35,39.417746654509884
1244,9.926216346535666,Incoming,26-35,45.6457391756502
1245,11.753612274669965,Incoming,46-55,47.90687870441797
1246,8.880298666188718,Outgoing,46-55,36.350624619657786
1247,15.17041734129613,Incoming,46-55,30.64163359951899
1248,11.15013384470679,Outgoing,26-35,17.75284738149253
1249,16.16892955895374,Incoming,56-65,47.06963441976919
1250,7.220521768981864,Outgoing,36-45,62.37217095220567
1251,16.654401161072286,Incoming,26-35,17.12731715560099
1252,19.167644808044624,Incoming,18-25,49.51904349800348
1253,5.031321787142723,Incoming,56-65,55.62286505383121
1254,16.87028284923786,Outgoing,56-65,30.208391925417107
1255,21.13834496236646,Outgoing,36-45,78.44283623096176
1256,8.951794906543974,Incoming,56-65,42.28569261923184
1257,23.362861934188516,Outgoing,36-45,47.97480623086978
1258,17.095095046830227,Outgoing,56-65,46.774609988040424
1259,11.474940721207956,Outgoing,36-45,14.584511548178881
1260,14.72115461171147,Incoming,46-55,70.17504143368087
1261,17.79163456260861,Incoming,46-55,30.889624631615252
1262,15.380026957062057,Incoming,56-65,45.26958969188527
1263,17.693779962231847,Outgoing,56-65,61.95322002555991
1264,10.396632034603169,Incoming,36-45,79.21806852289068
1265,15.84680412018039,Outgoing,36-45,28.401354362063213
1266,7.931427515475099,Outgoing,26-35,41.070328288111455
1267,14.443869693256499,Incoming,46-55,77.64837260014306
1268,10.480461792676051,Incoming,26-35,59.27427758550894
1269,11.322350287051167,Incoming,26-35,63.42342718103217
1270,21.18046587605219,Outgoing,18-25,28.977365284476644
1271,20.456550602971344,Outgoing,36-45,42.415809401468834
1272,18.045690604535885,Incoming,18-25,46.64329135239139
1273,9.538436176637106,Outgoing,18-25,32.84210485314052
1274,13.417957751525991,Incoming,26-35,16.50860748652186
1275,21.065488499895917,Incoming,18-25,39.79002882472808
1276,15.708584568199523,Incoming,36-45,77.0857639916886
1277,26.596647699908473,Incoming,26-35,51.18346931120992
1278,16.96658919697186,Incoming,36-45,77.48581827146752
1279,15.960245582450158,Incoming,56-65,53.580418284590394
1280,13.454417678987493,Outgoing,18-25,34.70584540824075
1281,15.66770452391141,Outgoing,26-35,75.55238026463444
1282,14.237650818097281,Incoming,46-55,54.24652281335798
1283,18.54054338344295,Incoming,36-45,69.23677664854795
1284,19.78351158397292,Outgoing,18-25,28.633436577588572
1285,11.070052697460252,Outgoing,36-45,70.77512579229007
1286,8.34383523221111,Incoming,36-45,71.37778551088397
1287,5.818973134483517,Incoming,56-65,55.79534288713071
1288,17.539956634562717,Outgoing,36-45,33.86155828380435
1289,9.483166969130632,Incoming,56-65,49.07982342574776
1290,4.235547035237586,Outgoing,56-65,62.225822944764886
1291,16.942893022654822,Incoming,56-65,54.69140039873067
1292,27.464997587163953,Outgoing,18-25,62.02165476215528
1293,14.969645442300534,Incoming,36-45,70.24491815305811
1294,19.19245387225821,Incoming,36-45,37.03106693256157
1295,15.409146792737825,Incoming,56-65,26.898487580797216
1296,14.505551734044287,Outgoing,36-45,49.249223972555164
1297,19.595382414938843,Incoming,36-45,43.40513682260264
1298,13.548627279056744,Outgoing,56-65,65.71692826312301
1299,16.336961570359513,Outgoing,46-55,28.510032206823837
1300,16.608489030980067,Outgoing,46-55,70.4076374835536
1301,11.659547731784755,Outgoing,56-65,77.07224219093533
1302,19.960211747682614,Incoming,18-25,50.006099285245796
1303,14.125201216522957,Incoming,36-45,51.21472251162609
1304,11.221274202535776,Incoming,36-45,34.64906997539694
1305,17.682549217852017,Outgoing,46-55,39.14678202051867
1306,10.507660091044814,Incoming,56-65,41.833266387086326
1307,15.140905786845641,Outgoing,18-25,78.85880135675862
1308,14.954405016778983,Outgoing,56-65,48.56258428378452
1309,20.42947782915789,Outgoing,46-55,23.556540867199832
1310,17.373491164399763,Incoming,46-55,55.10708684224007
1311,14.874865206274281,Outgoing,36-45,66.52580249244552
1312,19.088831496001436,Incoming,26-35,49.4917726135681
1313,21.951037745086566,Incoming,18-25,79.38426879453979
1314,17.789051531759313,Incoming,18-25,65.55017334531796
1315,15.051763099216902,Outgoing,26-35,29.017425402242928
1316,8.440818838249202,Incoming,46-55,38.97134375207196
1317,9.674431684623137,Outgoing,56-65,54.52452562849218
1318,13.473876478226662,Outgoing,18-25,16.676215239467858
1319,11.952438989203584,Outgoing,26-35,56.72713474941229
1320,14.06514348507277,Outgoing,36-45,14.768351454907034
1321,15.283249624485535,Incoming,36-45,70.4686691112902
1322,17.648463771783653,Incoming,46-55,68.14547369583417
1323,14.647506109704544,Incoming,18-25,60.095627218301416
1324,17.43250821913101,Incoming,56-65,36.48243271295377
1325,15.322372074050602,Outgoing,18-25,53.404056492270776
1326,5.1226671682306435,Outgoing,36-45,39.732450249707014
1327,10.303323030906228,Outgoing,18-25,29.383694450998675
1328,14.279562221391922,Outgoing,36-45,43.225139764571786
1329,8.951526285794461,Incoming,26-35,63.96531072984191
1330,17.999643649981024,Incoming,26-35,50.87628385663522
1331,22.65375416171849,Outgoing,36-45,79.01419848268847
1332,21.093809258486584,Outgoing,56-65,65.3156107896055
1333,13.932785645348961,Outgoing,56-65,63.17381627811237
1334,22.45363068424976,Outgoing,18-25,17.82146901108792
1335,15.743337286010558,Incoming,36-45,44.29682939689443
1336,13.314570144409803,Outgoing,46-55,28.71255179131601
1337,11.9329866822953,Incoming,56-65,46.33994240752192
1338,13.487651567559357,Incoming,56-65,36.134477521536866
1339,13.059115907293856,Outgoing,26-35,42.44790093884123
1340,15.852081111877439,Outgoing,56-65,71.223254647477
1341,15.802869905249324,Incoming,56-65,59.50499858011668
1342,15.015230100767072,Incoming,56-65,70.14228857963269
1343,17.184690848731748,Outgoing,36-45,17.986337819680287
1344,20.953231373931708,Incoming,36-45,51.15949393231327
1345,19.747770677206617,Outgoing,26-35,69.33409962793202
1346,7.575510157750482,Outgoing,18-25,80.12591829774311
1347,2.2303943254902254,Incoming,56-65,19.038232206150138
1348,19.67159955619637,Incoming,18-25,42.9703272767766
1349,8.165606507922895,Outgoing,36-45,70.68453348009525
1350,13.876172990536583,Outgoing,56-65,46.154433743771094
1351,9.149434869703203,Incoming,18-25,31.791646516605525
1352,5.990097812099901,Incoming,18-25,19.000016430079846
1353,17.70731364102394,Incoming,46-55,31.025969306736663
1354,18.795775801513233,Incoming,36-45,16.22196662872542
1355,12.117447996366403,Outgoing,26-35,51.169209136680514
1356,2.0447885392754515,Outgoing,26-35,67.9262037155732
1357,12.268777758737587,Outgoing,46-55,24.78050482182792
1358,16.959020027012734,Incoming,18-25,55.15459482422105
1359,7.605442156129357,Incoming,46-55,66.90542058891734
1360,15.916799598895778,Outgoing,46-55,49.945833463033004
1361,14.923450754135022,Incoming,36-45,17.786114101655095
1362,17.896457498005443,Incoming,56-65,57.72423109325006
1363,15.597901842070765,Incoming,18-25,48.90706110471059
1364,10.134655295592221,Incoming,26-35,46.86990702798289
1365,20.982857508322457,Incoming,26-35,39.063255084790704
1366,14.20735213486515,Incoming,46-55,51.73574852548082
1367,14.86347730245034,Outgoing,46-55,60.1963581689392
1368,10.33366020463402,Outgoing,46-55,97.81296268671697
1369,12.783588744042449,Outgoing,18-25,52.2466413677441
1370,10.575986429865495,Outgoing,46-55,80.22282320025346
1371,14.135269700382885,Incoming,46-55,57.15510166853753
1372,23.558542400711715,Outgoing,56-65,48.009433447044934
1373,8.140494285343218,Outgoing,18-25,52.97095055422585
1374,6.932193010616295,Outgoing,36-45,25.56527260614981
1375,22.355851637468042,Outgoing,36-45,56.11720541504076
1376,13.95338161424067,Incoming,56-65,10.158698703572554
1377,11.654636306700418,Incoming,26-35,32.74667284222936
1378,20.19952343698038,Outgoing,36-45,52.196861862676215
1379,11.97192230131568,Outgoing,18-25,73.87964546357688
1380,24.130048567734683,Incoming,26-35,78.61248793996788
1381,18.389629356696346,Incoming,46-55,45.26906840718131
1382,12.560442959271487,Outgoing,18-25,53.114346390608816
1383,25.786541066327516,Incoming,26-35,69.68724939164056
1384,11.971425384983307,Incoming,36-45,23.410128556141622
1385,18.710476860046533,Outgoing,46-55,58.09495010631007
1386,16.49646290203246,Incoming,46-55,33.44214265268382
1387,21.50870644699399,Outgoing,18-25,46.56349910646563
1388,22.807555983634263,Outgoing,46-55,40.819534990113695
1389,15.160020745328833,Incoming,26-35,58.70716254096295
1390,11.232910648269083,Incoming,56-65,61.006073480181804
1391,17.299860714695583,Incoming,36-45,67.82157354794795
1392,11.61142315123947,Incoming,18-25,56.96397656928897
1393,25.066936237633115,Incoming,56-65,53.43307539937793
1394,15.682676655413687,Incoming,56-65,87.08047600877204
1395,13.173392243439457,Outgoing,18-25,19.512818596056455
1396,15.923401529324542,Incoming,26-35,83.91219720258479
1397,8.264368552351517,Outgoing,36-45,44.20356182263206
1398,10.141929807446743,Incoming,18-25,61.41783172736611
1399,21.00206953972213,Incoming,56-65,43.48680638812798
1400,11.715528605143021,Incoming,56-65,35.94916740896748
1401,9.7654450865903,Incoming,18-25,59.69154385588457
1402,17.68326376263643,Incoming,56-65,70.84256617228887
1403,20.928520773314986,Outgoing,18-25,59.460159099348104
1404,18.594766553325336,Outgoing,18-25,39.15768426634236
1405,19.980238429029082,Outgoing,36-45,122.22700125631339
1406,11.216024557152696,Incoming,18-25,73.97147341732504
1407,7.890946666290781,Incoming,56-65,68.66684608414505
1408,22.506668259777435,Incoming,46-55,42.94071538515591
1409,13.386600805789321,Outgoing,36-45,37.49668423421922
1410,13.745834917724764,Outgoing,56-65,44.40321848314122
1411,21.640970709245288,Incoming,56-65,71.62813088784966
1412,17.7811500470033,Outgoing,36-45,30.18791325848344
1413,17.27943886040804,Incoming,36-45,28.63592337091366
1414,25.82501172450542,Incoming,56-65,60.790950667220365
1415,11.782408848099285,Outgoing,46-55,56.383928892842405
1416,19.639200640406187,Outgoing,26-35,34.59372924218208
1417,15.285065624485423,Outgoing,56-65,28.175928431695503
1418,16.342961394316283,Outgoing,36-45,78.75793986736863
1419,22.64234213206266,Incoming,18-25,57.14008850599124
1420,17.53917878144812,Incoming,18-25,22.729282725439347
1421,17.691480395248163,Outgoing,36-45,24.127489278354123
1422,20.36253668654901,Outgoing,36-45,42.76976055099061
1423,13.175236352285573,Outgoing,26-35,64.65683613995266
1424,10.803951663304968,Outgoing,36-45,61.9001760421656
1425,9.775954029894832,Incoming,18-25,72.63357074002435
1426,5.1682170531199905,Incoming,46-55,20.193003850784052
1427,25.28103564970161,Incoming,36-45,54.47693379559313
1428,9.483958171391585,Incoming,26-35,78.51820664642722
1429,13.89373188207114,Incoming,46-55,76.65603460952198
1430,13.615933500555396,Incoming,26-35,57.178199628253715
1431,16.537033489045506,Incoming,46-55,96.96037017307752
1432,19.078686062696484,Outgoing,36-45,62.18570232831719
1433,19.302367441798726,Incoming,18-25,70.85493265682686
1434,12.084612807155308,Outgoing,46-55,50.888958375510136
1435,14.164391431067942,Outgoing,56-65,34.380494143114255
1436,16.412899752441497,Outgoing,26-35,32.49581598442508
1437,13.756544369082265,Incoming,46-55,53.6323042958884
1438,23.036727880099964,Incoming,26-35,45.76995986299586
1439,17.454874758191256,Incoming,18-25,14.628286601730373
1440,18.674388930249087,Incoming,26-35,29.48412830148518
1441,18.314406343337062,Outgoing,26-35,43.631928518918144
1442,20.867369287426627,Incoming,56-65,64.54558751874319
1443,15.905107793518535,Outgoing,26-35,49.67852227675851
1444,8.515840260220767,Incoming,46-55,48.55871578998972
1445,16.998439758763208,Incoming,26-35,30.261747459933677
1446,11.743215531040855,Outgoing,36-45,50.46332160124198
1447,12.356916591251217,Outgoing,26-35,76.38202054891975
1448,17.931820093775467,Outgoing,36-45,53.11150225517114
1449,21.19141535716818,Incoming,26-35,19.853728370362763
1450,15.106357883680309,Incoming,26-35,24.96954411390938
1451,16.544165062994818,Outgoing,46-55,61.77577754446306
1452,23.51107472317619,Incoming,36-45,45.51369049554761
1453,16.203765897442842,Outgoing,36-45,48.50839539792972
1454,28.008415570901974,Incoming,56-65,37.745316499704856
1455,17.82754822815772,Outgoing,26-35,60.06824424399825
1456,6.196186204220911,Outgoing,26-35,43.98164573509301
1457,18.766708105522664,Incoming,46-55,46.267735565427905
1458,16.90579192441389,Outgoing,56-65,32.97553216673747
1459,21.448763770413727,Incoming,56-65,68.4338259628554
1460,18.36590675634979,Incoming,46-55,45.57734416767157
1461,14.30772008008113,Outgoing,36-45,62.157606662395196
1462,8.878508818553172,Outgoing,18-25,26.128168719319646
1463,13.954883713569874,Incoming,46-55,84.67766276757217
1464,10.7473977289535,Incoming,36-45,75.54748077026446
1465,12.097382750976386,Outgoing,56-65,11.804046606821466
1466,17.94289202210305,Outgoing,46-55,33.961250498725704
1467,23.34952252175703,Outgoing,18-25,59.5526878201977
1468,16.973357649114906,Incoming,26-35,23.60542687701992
1469,9.020584689824078,Incoming,46-55,47.36811835673348
1470,17.223013341100703,Incoming,18-25,58.53263571953594
1471,20.983157433228257,Outgoing,18-25,46.30548176041033
1472,11.951085478403089,Outgoing,46-55,60.77677407074192
1473,14.329914166635412,Incoming,36-45,36.133401907962366
1474,15.073440973645985,Incoming,46-55,5.11636915663756
1475,11.0755084345888,Outgoing,56-65,69.64230624330122
1476,18.241402169219295,Incoming,18-25,69.51629307205062
1477,14.395259256961092,Outgoing,18-25,100.07273284576665
1478,17.097662219535138,Outgoing,26-35,5.856269641313709
1479,10.5625391109895,Outgoing,18-25,65.01664218693631
1480,12.812708498382948,Incoming,26-35,10.626357238332261
1481,18.611906789138857,Incoming,18-25,85.12986563350638
1482,13.135834239541165,Outgoing,18-25,59.75733667392019
1483,23.634819256167027,Outgoing,46-55,30.961423046474938
1484,13.001819071926988,Incoming,46-55,65.60444949202872
1485,16.12342362875943,Outgoing,56-65,38.93909984566128
1486,19.662954159365448,Incoming,36-45,56.00832199102538
1487,7.908171335334842,Incoming,56-65,54.119214324181684
1488,6.19595594009612,Incoming,18-25,84.88336272294589
1489,7.371718427149526,Outgoing,56-65,86.29851820173025
1490,21.31292051713591,Outgoing,46-55,38.05469253452988
1491,12.240709270537767,Outgoing,18-25,71.16211235992073
1492,27.79099642834126,Outgoing,18-25,57.09680311140595
1493,12.178762006713058,Incoming,56-65,21.746358659861762
1494,15.922756515985185,Outgoing,26-35,36.0754323925564
1495,22.710549762839378,Incoming,36-45,96.72292199199248
1496,25.030464440795615,Outgoing,56-65,57.157088022093106
1497,25.307517883181987,Outgoing,56-65,69.99559159035044
1498,21.041831152965713,Outgoing,36-45,45.759113752660184
1499,20.120312629057313,Outgoing,18-25,39.20116170561316
1500,17.962634746005914,Outgoing,18-25,50.545290152689496
1501,18.89180538083319,Incoming,26-35,44.677918895075656
1502,12.244071418357333,Outgoing,56-65,20.134941379368033
1503,10.909005582888465,Outgoing,36-45,29.933490850919362
1504,14.98312771294524,Outgoing,56-65,64.15769028824462
1505,14.149076887375358,Outgoing,46-55,42.38618621795178
1506,12.733859753363625,Outgoing,56-65,50.51409764055814
1507,18.481937237283578,Incoming,56-65,54.69846100994421
1508,19.776526042852552,Outgoing,46-55,56.2610009763744
1509,15.442034431459236,Incoming,46-55,72.93158122630742
1510,22.38765040527631,Outgoing,36-45,28.02608369862936
1511,9.291554429332475,Incoming,18-25,61.40505447087249
1512,14.03170270360141,Outgoing,26-35,65.10055587039295
1513,11.415888396985975,Outgoing,46-55,69.71703558003011
1514,5.6673169146347,Incoming,18-25,21.74164801170255
1515,14.586596570786504,Outgoing,36-45,55.096384366939965
1516,14.391262458083583,Incoming,56-65,84.32151892797035
1517,22.567248716210656,Outgoing,36-45,48.01758961686754
1518,18.154058422773886,Incoming,36-45,59.66989403928583
1519,9.879065878353975,Incoming,46-55,65.6079118917037
1520,24.27046283167094,Incoming,26-35,29.49060311203479
1521,21.105168477626766,Outgoing,46-55,86.67649457999948
1522,17.91048851734308,Incoming,56-65,59.990015939378075
1523,13.86757950575084,Outgoing,46-55,60.390056283868525
1524,10.202803816382602,Incoming,56-65,16.7594524397893
1525,13.138966119644735,Incoming,46-55,65.89089596426626
1526,20.44374309852093,Incoming,26-35,60.128206827582744
1527,24.422931529673043,Outgoing,18-25,82.48382655444128
1528,22.716217641360945,Outgoing,26-35,43.774695713912934
1529,12.555752891068629,Outgoing,46-55,30.246833408031165
1530,9.401912833554944,Incoming,36-45,36.355220104513336
1531,15.70443123455602,Outgoing,18-25,39.900435299854024
1532,6.1578031721857425,Outgoing,36-45,27.623069637372524
1533,16.615838570923906,Incoming,26-35,75.80320047531987
1534,14.261987068506656,Incoming,18-25,76.55395725863333
1535,12.669817490658788,Outgoing,46-55,46.08416597719889
1536,7.0264846636660225,Outgoing,36-45,42.14480155831612
1537,17.568000532848583,Outgoing,46-55,13.690361733613756
1538,12.336495801690443,Incoming,56-65,63.91922510607209
1539,9.15041582144856,Incoming,18-25,83.06880217651687
1540,0.6386889335917534,Incoming,36-45,37.25610565480887
1541,14.862425474746818,Incoming,26-35,47.664309484472035
1542,23.86125798334872,Incoming,26-35,58.68582922631462
1543,23.30629607273935,Outgoing,26-35,84.48836721219811
1544,12.714518717068641,Outgoing,26-35,53.99552443670189
1545,11.988939698191096,Outgoing,36-45,53.90859832053037
1546,17.34387128037512,Incoming,56-65,53.58637002319606
1547,10.008072804058543,Incoming,26-35,21.49934986192654
1548,16.50895949909733,Outgoing,26-35,21.064186923402705
1549,18.830401391923452,Outgoing,26-35,33.84009661770255
1550,21.13466611942154,Outgoing,56-65,70.25781148074745
1551,14.499229617600236,Incoming,18-25,43.29285858908014
1552,13.981631249115171,Incoming,26-35,39.40791902395414
1553,10.610087066217194,Incoming,26-35,39.05650791712465
1554,10.8655982298007,Incoming,26-35,47.24686243054646
1555,13.867605540492367,Incoming,18-25,84.0421586820328
1556,16.83682753408089,Outgoing,26-35,46.976052286057566
1557,19.567923131166246,Outgoing,18-25,34.27405189250283
1558,10.984105246598276,Incoming,18-25,50.50491258163266
1559,22.46344284479761,Incoming,46-55,85.10167211523074
1560,13.644381994787157,Outgoing,46-55,39.943505621287684
1561,14.89316352825782,Incoming,26-35,26.379899831381096
1562,11.263941604260882,Incoming,36-45,39.98017460539166
1563,2.8787986986352916,Outgoing,46-55,52.57527472696866
1564,19.42022698180525,Incoming,46-55,63.7648190165068
1565,18.684219485462165,Incoming,36-45,70.13767157364492
1566,13.593362214408932,Outgoing,56-65,29.085654520753433
1567,15.33495358612436,Incoming,26-35,30.983093310818607
1568,17.579696088520496,Incoming,56-65,43.5347548122502
1569,7.187270715567287,Outgoing,56-65,63.68986049393792
1570,12.354736613268527,Outgoing,18-25,24.79984204695489
1571,18.971323398109135,Incoming,18-25,37.853461791646055
1572,8.728552884153753,Outgoing,26-35,38.14512541176104
1573,16.467789660833148,Outgoing,36-45,68.83497710728741
1574,8.217090976882975,Incoming,18-25,60.56521521328875
1575,17.332149912167633,Outgoing,46-55,68.0743672209984
1576,14.821792588512583,Incoming,26-35,76.77355948466109
1577,6.924340920472453,Outgoing,56-65,43.88699809821839
1578,20.823696772285857,Outgoing,26-35,26.251876902926362
1579,11.327042116009753,Incoming,18-25,26.3807276430596
1580,10.948737814928094,Incoming,36-45,13.2378486988232
1581,16.002845986154714,Incoming,56-65,40.824663406676144
1582,20.743186747143575,Outgoing,36-45,42.31554770336523
1583,9.920890905108015,Incoming,26-35,65.75106813610095
1584,15.308399249239859,Incoming,36-45,50.33828434353208
1585,17.144082501652864,Outgoing,36-45,40.193431113147874
1586,18.46552803631572,Outgoing,26-35,47.68002547678828
1587,15.882207776386126,Outgoing,56-65,29.220530325704715
1588,13.164860804583387,Incoming,36-45,70.50813141502573
1589,10.862048896756402,Outgoing,36-45,34.28168874380983
1590,15.430719415231874,Outgoing,26-35,27.201374561282087
1591,9.639304940071966,Incoming,46-55,66.3576393341494
1592,0.3932475825269641,Outgoing,36-45,61.483284167277034
1593,17.182799020788337,Outgoing,18-25,15.526292428819765
1594,19.519674205430977,Incoming,56-65,67.10003269420444
1595,3.1853378222908084,Outgoing,36-45,35.16814721811887
1596,9.951346476450311,Incoming,26-35,42.5179094487216
1597,18.095771305025988,Incoming,18-25,53.74040215387875
1598,25.287477348558493,Incoming,26-35,61.732497652336434
1599,15.103968538377039,Incoming,36-45,58.90958349375053
1600,11.359985293854328,Incoming,18-25,49.00363338187995
1601,14.085517794475798,Outgoing,56-65,41.507133421681786
1602,21.874382095740923,Incoming,56-65,58.24441387130894
1603,11.770179104377323,Incoming,56-65,47.63224325311544
1604,11.004039966748731,Incoming,46-55,86.10708918251848
1605,12.586282389089838,Incoming,26-35,61.72818019939804
1606,10.233356958706437,Outgoing,36-45,31.531687500192906
1607,15.613351579973978,Outgoing,18-25,40.44800097252697
1608,23.123392292347802,Outgoing,26-35,50.96384354519659
1609,16.615396365580146,Incoming,36-45,75.98862430140909
1610,13.738232489368562,Outgoing,46-55,78.2221001822427
1611,13.540943655422279,Outgoing,36-45,42.07730559268872
1612,7.184045956516715,Incoming,26-35,31.32731566821114
1613,19.415548885735795,Incoming,36-45,28.77004717587625
1614,14.61081401493599,Outgoing,18-25,55.048575144315606
1615,14.097600432046871,Outgoing,46-55,96.07568618434986
1616,30.965537839224304,Outgoing,18-25,60.78188208510205
1617,16.49376454182843,Outgoing,46-55,18.121749466319855
1618,11.241044749524079,Incoming,46-55,35.479917935079975
1619,12.868212018972283,Incoming,36-45,37.52171596310174
1620,20.742228545983775,Incoming,18-25,33.55994959770184
1621,15.566352052688822,Incoming,46-55,42.2421235013156
1622,7.808610108413166,Incoming,46-55,57.387897220398834
1623,19.59614467287602,Outgoing,36-45,63.63962338645293
1624,11.65927957230503,Incoming,26-35,71.83526981833288
1625,24.366488881087726,Incoming,26-35,60.484051460943554
1626,20.400240328573243,Outgoing,56-65,10.916995193423183
1627,12.763390521706244,Incoming,56-65,28.85390824937373
1628,21.405081808675565,Outgoing,46-55,46.83811926281618
1629,15.339277552637016,Incoming,26-35,52.94559711534958
1630,19.263868375611096,Incoming,46-55,67.22836719752515
1631,17.423664086472375,Incoming,18-25,50.86368352433546
1632,10.768216725045633,Outgoing,26-35,51.01414507727349
1633,11.78225083841269,Incoming,26-35,54.755947262781184
1634,20.149804087905807,Outgoing,26-35,44.89956522437596
1635,13.326123339467296,Incoming,56-65,51.73770279755623
1636,12.981757683790017,Incoming,36-45,72.51664358023501
1637,10.224387103253235,Outgoing,36-45,48.32178202431994
1638,17.117995327967307,Outgoing,56-65,49.39574546431433
1639,25.312624596215727,Incoming,56-65,49.32829190465621
1640,9.662335428728635,Outgoing,56-65,75.95547627582337
1641,15.12109728336379,Incoming,36-45,27.838933463411152
1642,22.061102777077146,Incoming,46-55,85.5169378958239
1643,14.601793043771425,Outgoing,56-65,26.472362909689735
1644,17.26185898124867,Outgoing,46-55,36.91559477344482
1645,9.688032359265602,Outgoing,46-55,64.89476539430639
1646,17.141535486038244,Incoming,18-25,70.60633390947342
1647,14.064278674977256,Outgoing,36-45,21.93001966003024
1648,19.928649978399314,Incoming,46-55,28.14596273505828
1649,20.936930257823754,Outgoing,36-45,55.55685618943696
1650,27.947818210093068,Outgoing,36-45,96.88838775527591
1651,17.898165866067878,Outgoing,18-25,74.92525561997361
1652,16.628981582910832,Outgoing,36-45,45.03805900736379
1653,15.97192150788668,Outgoing,46-55,1.617417238484876
1654,13.234168535946559,Incoming,26-35,51.63285468842319
1655,16.692419217308455,Outgoing,46-55,57.24593607293107
1656,13.522992949304854,Outgoing,46-55,42.346097178343925
1657,15.842304881348072,Incoming,36-45,32.98552018906809
1658,21.5879876780398,Incoming,46-55,53.18330520642777
1659,9.967287173601793,Incoming,26-35,31.154776122120783
1660,20.699392805645225,Incoming,36-45,87.44897321617448
1661,21.58557533669933,Outgoing,56-65,80.33489595067634
1662,14.409657365044605,Outgoing,46-55,63.15825263185522
1663,4.390725504957027,Incoming,46-55,51.79421138238633
1664,11.960890064527838,Outgoing,18-25,36.79671826772881
1665,21.484972732805545,Incoming,56-65,49.58425632218198
1666,14.885659688505589,Incoming,56-65,82.78594270414553
1667,10.003488838525445,Outgoing,26-35,67.37308116873257
1668,12.476125393858913,Outgoing,56-65,54.07384556952919
1669,19.203100132522763,Incoming,18-25,68.47948668335191
1670,17.7336678410069,Outgoing,26-35,60.912213267616565
1671,13.805339504151528,Incoming,56-65,57.925550797737436
1672,13.165877940926562,Incoming,26-35,69.61126517983071
1673,13.04120925478089,Incoming,56-65,60.340552896495154
1674,10.387949077507487,Incoming,56-65,67.17102940206757
1675,23.07687844734721,Outgoing,56-65,53.22774099269018
1676,13.3883976539433,Incoming,46-55,44.91748353619793
1677,21.085792604127484,Incoming,56-65,39.036742421197026
1678,22.606580259612258,Incoming,46-55,36.65380789058083
1679,19.9915544907398,Outgoing,36-45,17.896591151169346
1680,12.841898436409759,Incoming,18-25,31.761201063766713
1681,17.018650451683047,Incoming,26-35,31.182929408356376
1682,14.87902196804542,Outgoing,26-35,39.853096080319276
1683,10.48149069634936,Incoming,36-45,81.24488421276583
1684,16.621796408608017,Incoming,56-65,46.84876088892445
1685,9.104801044200988,Incoming,18-25,54.8353377976862
1686,20.93839694230782,Incoming,36-45,55.46639289023854
1687,12.676913513508035,Outgoing,36-45,81.75161825684734
1688,16.005798279364196,Outgoing,26-35,38.48829092309417
1689,16.41643935773071,Outgoing,46-55,45.54955839483877
1690,13.705475131479613,Incoming,46-55,47.87601256451633
1691,17.933469007376374,Outgoing,56-65,72.73069711549536
1692,12.625481716887379,Outgoing,56-65,76.88211387508909
1693,19.35648648728622,Incoming,36-45,59.49167639387889
1694,8.270101598766257,Outgoing,56-65,74.65818748123759
1695,15.63189789773206,Outgoing,46-55,53.553219929379786
1696,24.694644995291423,Outgoing,18-25,46.54793504766355
1697,9.998343376972127,Incoming,26-35,73.57448173171244
1698,11.611275147375743,Incoming,46-55,59.75235350467595
1699,17.569539248294575,Outgoing,56-65,35.28938668184836
1700,15.897908909697989,Outgoing,26-35,69.94841876248702
1701,16.753150496367795,Incoming,26-35,45.83014737959441
1702,17.445935650738317,Incoming,36-45,43.38352954551591
1703,18.17360734280885,Incoming,56-65,67.86008736399424
1704,20.548499209781117,Incoming,36-45,48.22335718310174
1705,17.049093284642563,Outgoing,26-35,57.779170720805794
1706,13.793711726907288,Incoming,36-45,63.23879168141599
1707,18.362868506013655,Outgoing,56-65,34.34113841455231
1708,24.499409674476077,Incoming,46-55,57.69701129364404
1709,14.336831268087133,Incoming,18-25,76.98946210523248
1710,10.127353476646793,Incoming,46-55,30.870657125207796
1711,20.53540334643486,Incoming,26-35,58.99817777662456
1712,14.39809418023201,Outgoing,46-55,33.41064530839425
1713,4.136652269929819,Outgoing,36-45,70.42795367680796
1714,19.23710838575211,Outgoing,56-65,70.23811167499542
1715,12.323359070230387,Incoming,46-55,42.913553195018025
1716,14.547333588479196,Outgoing,46-55,94.19257304381725
1717,16.659901652845072,Incoming,56-65,72.13250618274569
1718,15.952498398895331,Incoming,36-45,64.13857970272338
1719,18.5472590856952,Outgoing,18-25,63.012217922122716
1720,12.822568147150783,Incoming,46-55,69.67853818412448
1721,17.565528990880413,Incoming,26-35,30.087151855116797
1722,13.702266612080415,Outgoing,36-45,53.892151969220485
1723,18.694052404437514,Incoming,36-45,57.66380770754655
1724,18.076837420065267,Incoming,46-55,41.9972787339488
1725,10.322806489777022,Outgoing,56-65,59.29590538887931
1726,20.42991058087516,Outgoing,46-55,74.63388600868012
1727,12.32018277442976,Incoming,46-55,41.56461824468187
1728,19.040288991405724,Outgoing,56-65,48.91151399257389
1729,16.836436567006704,Incoming,26-35,33.58829408292111
1730,24.190918383975614,Outgoing,56-65,14.260219803784153
1731,13.882670088140738,Incoming,46-55,65.57864361041021
1732,13.253416019409013,Outgoing,18-25,49.48532410321505
1733,14.902901970561336,Outgoing,56-65,50.951588343055754
1734,13.484101085828623,Incoming,26-35,30.26452763652946
1735,18.99970950971025,Outgoing,56-65,46.289929419276184
1736,6.918446957817061,Outgoing,56-65,71.93187578364247
1737,9.73158790426823,Incoming,36-45,50.0164267355892
1738,9.660985392104035,Outgoing,36-45,50.58367516110825
1739,19.75153795986788,Outgoing,46-55,54.15056555726845
1740,23.553066862909624,Outgoing,46-55,25.27235743187088
1741,14.477753907312643,Incoming,56-65,62.49840928204714
1742,14.155891384049946,Outgoing,18-25,24.896037701683387
1743,15.350260815565907,Incoming,46-55,31.207688374419472
1744,20.809391513040953,Incoming,56-65,29.015704619856706
1745,10.36323432904713,Outgoing,56-65,46.49550066738909
1746,16.191844913673926,Incoming,56-65,42.95094592924285
1747,19.87598814891215,Incoming,56-65,49.97549923383491
1748,17.505470849699226,Incoming,56-65,31.894876804471135
1749,15.947908082993717,Incoming,36-45,70.10990640612756
1750,20.005230462835705,Outgoing,26-35,66.68055137452662
1751,1.4838385350038141,Outgoing,26-35,46.52372974216559
1752,18.38937659765454,Outgoing,56-65,40.43266566824124
1753,11.729621584362881,Incoming,46-55,38.412850133096015
1754,5.846835515717716,Incoming,18-25,43.79710009978641
1755,17.556012997624904,Outgoing,56-65,21.99509542497647
1756,21.86829272581479,Incoming,18-25,30.807853755763187
1757,14.312757426861541,Outgoing,36-45,67.20240783969933
1758,19.764372736014693,Incoming,26-35,56.03624972151737
1759,23.061391289943227,Outgoing,36-45,82.68548971953061
1760,21.57457226792024,Outgoing,46-55,44.01609699661357
1761,23.199822646856965,Outgoing,46-55,42.76973545786265
1762,18.71063745535946,Incoming,56-65,41.842021509127036
1763,15.377168194507965,Outgoing,46-55,43.616710335636625
1764,6.990170940514158,Incoming,46-55,36.80091973706804
1765,13.769687559350256,Incoming,36-45,55.419764293744
1766,10.783767023419042,Outgoing,18-25,50.58208134296822
1767,25.85471358748907,Outgoing,26-35,39.80170996323455
1768,14.120570937838316,Incoming,46-55,75.02297826037804
1769,15.616024033922429,Incoming,46-55,87.93165844972614
1770,17.75742688020234,Outgoing,36-45,73.331544111468
1771,15.218012231862268,Outgoing,26-35,61.1624802616679
1772,23.475255202153765,Incoming,36-45,65.23539452527548
1773,11.88675319132774,Outgoing,18-25,87.1283103565267
1774,15.973037276186213,Outgoing,36-45,65.20638631518848
1775,11.28764707150976,Outgoing,26-35,38.29628294801431
1776,8.399887443896471,Outgoing,26-35,57.84545053301097
1777,11.941154545473573,Incoming,46-55,62.52488532126635
1778,14.81481601475794,Incoming,18-25,30.105654519281604
1779,12.8534888774137,Outgoing,56-65,44.301383627136445
1780,11.53789510063072,Outgoing,46-55,72.00783648110932
1781,7.968412681640831,Incoming,36-45,13.530145299008275
1782,14.584472136856526,Incoming,36-45,24.991429099188117
1783,7.476398129844989,Incoming,26-35,46.471858927433445
1784,18.80027981844801,Incoming,26-35,57.07359191011409
1785,15.412198764672516,Incoming,26-35,22.84735110102186
1786,7.712242502675347,Outgoing,56-65,47.464214966681176
1787,13.453954614750682,Outgoing,56-65,73.07537078177134
1788,11.239217972047085,Incoming,46-55,51.373029141485674
1789,16.5958725520959,Incoming,56-65,68.78177887262261
1790,21.70225223011572,Outgoing,26-35,38.157717573299934
1791,5.624137651771278,Incoming,46-55,33.80166286421637
1792,15.575130395737085,Incoming,46-55,66.97747660570096
1793,14.199336022166799,Outgoing,18-25,57.3853106931238
1794,18.356700382252328,Outgoing,56-65,26.28807984451082
1795,16.065983141188447,Outgoing,36-45,33.98318167674422
1796,11.240153341305906,Outgoing,36-45,81.29162482114829
1797,13.404730321666909,Incoming,18-25,31.508895610613678
1798,11.019870715982556,Outgoing,26-35,68.68657493451995
1799,20.38003569299299,Incoming,18-25,40.43626605532601
1800,15.10655824335971,Incoming,26-35,49.93648286465737
1801,24.50595342876504,Incoming,56-65,55.891852418867444
1802,14.696695930926897,Incoming,56-65,7.980375790008026
1803,11.457966165447687,Outgoing,46-55,20.74565329145402
1804,7.4314280369358645,Incoming,46-55,51.72666037574325
1805,5.984301618720275,Incoming,46-55,35.51384872432239
1806,7.079320284972551,Incoming,46-55,69.93162590549244
1807,16.335633255057417,Outgoing,36-45,17.877582382637506
1808,17.54362511614967,Outgoing,46-55,61.30510112515974
1809,7.094046489839333,Outgoing,46-55,22.475575591913476
1810,19.475191570380577,Outgoing,46-55,42.95790011711143
1811,12.584694741582803,Outgoing,26-35,28.71244471524072
1812,15.733965059927748,Incoming,46-55,88.04859760942395
1813,23.061103141277123,Outgoing,18-25,23.210156740599285
1814,19.48419657932766,Incoming,46-55,47.558806092619534
1815,13.657346760470839,Outgoing,46-55,15.46327703959696
1816,10.544038872923563,Incoming,36-45,81.9914024414118
1817,4.240922993353475,Outgoing,46-55,58.025648323544104
1818,11.404233403787899,Incoming,26-35,52.739461791973355
1819,13.944348805861528,Outgoing,56-65,79.48625878583451
1820,10.06410236424408,Incoming,46-55,52.94844882845224
1821,14.343715164538477,Incoming,46-55,54.39142712282154
1822,15.38425941479384,Incoming,46-55,52.63450576130303
1823,13.875720090959607,Incoming,36-45,61.272686508862385
1824,11.749987095882702,Incoming,56-65,40.15117232157475
1825,15.843273359833638,Incoming,36-45,45.71425385273335
1826,17.209703247847045,Outgoing,36-45,66.20669256914891
1827,9.54800461278577,Outgoing,36-45,55.547459031157636
1828,22.05466189873135,Incoming,26-35,47.71512171795749
1829,14.507059338578692,Incoming,56-65,21.989552179385754
1830,15.094248114724238,Incoming,26-35,79.96100569073191
1831,18.541072116282784,Incoming,26-35,36.770917800984584
1832,16.166080656317508,Incoming,56-65,69.74474476838515
1833,19.765683169566223,Incoming,26-35,53.51507303376171
1834,16.43562082600912,Incoming,56-65,24.130989545402596
1835,11.93781312679781,Outgoing,46-55,75.04550955061231
1836,16.80751762603051,Incoming,36-45,55.09081292799079
1837,9.281368963396691,Incoming,26-35,76.70690713474085
1838,15.542798528882615,Outgoing,56-65,46.35182598528162
1839,14.833850046777696,Outgoing,18-25,64.08102459934109
1840,13.959415713637302,Incoming,26-35,14.74945777309972
1841,14.357312442805346,Outgoing,26-35,39.995682728124855
1842,5.590754772511804,Outgoing,56-65,24.540133355374568
1843,12.256375461295193,Outgoing,18-25,42.504322999232166
1844,15.464224505705573,Incoming,18-25,59.436234790122896
1845,15.799281959987002,Incoming,46-55,37.90839824691709
1846,9.86162429537021,Outgoing,26-35,67.27684187277563
1847,21.328539204323505,Incoming,36-45,32.867747128999774
1848,10.669125758927496,Incoming,26-35,67.70473227299956
1849,19.847286002633684,Incoming,36-45,76.19514331748073
1850,17.135971809358423,Outgoing,36-45,70.27052270181971
1851,11.768863450780984,Outgoing,56-65,43.11621896340454
1852,23.87655446304756,Outgoing,26-35,7.490928041117144
1853,9.0318158412176,Outgoing,56-65,61.643339934746955
1854,19.595770868050007,Incoming,46-55,47.49530570569392
1855,20.002911590214893,Incoming,36-45,30.432141197452932
1856,11.646898954616775,Incoming,18-25,38.8744187025918
1857,21.962326500321645,Outgoing,36-45,78.68850632889604
1858,13.749767427005237,Outgoing,46-55,27.25319598779691
1859,16.443468146399287,Incoming,36-45,59.366183512424236
1860,16.301609193856102,Outgoing,56-65,54.359163512748076
1861,14.32845629264726,Outgoing,26-35,42.85224670673536
1862,19.05404136579891,Incoming,18-25,62.89065374626094
1863,18.967443602761065,Outgoing,56-65,82.64490517797731
1864,6.257340133809096,Outgoing,26-35,44.080569922276034
1865,21.521701214390763,Incoming,18-25,45.136381038457976
1866,6.687540059821629,Outgoing,46-55,62.441298099804
1867,20.162731021708286,Incoming,36-45,68.36485642870002
1868,20.633525684137915,Incoming,18-25,47.4458558570273
1869,9.54516784892401,Outgoing,46-55,43.89252527812703
1870,12.945928560227076,Incoming,26-35,5.64706958560479
1871,9.47147665757032,Outgoing,18-25,34.439821752668934
1872,13.925394848556323,Outgoing,46-55,27.21376655864899
1873,13.459828579071294,Outgoing,26-35,63.69249992623782
1874,18.898302661346698,Outgoing,56-65,45.12194102798316
1875,21.55154373059804,Outgoing,36-45,44.339567889221435
1876,21.97841905394978,Outgoing,46-55,49.818874727540376
1877,12.18915986710849,Outgoing,56-65,32.596470597492
1878,13.95389063127736,Outgoing,26-35,81.06494373377508
1879,6.582809038895249,Outgoing,18-25,75.96387823393222
1880,10.970649667519055,Incoming,36-45,82.36213566095375
1881,19.824258165487286,Incoming,26-35,63.66834462477783
1882,23.07791411774116,Outgoing,46-55,49.41043769956126
1883,8.82825564060039,Outgoing,36-45,82.2945860601377
1884,12.037678704235528,Outgoing,56-65,36.38066328174041
1885,14.867971215205365,Incoming,36-45,32.57582041933975
1886,16.400805794098034,Incoming,56-65,37.96976970460282
1887,10.95198240039177,Outgoing,26-35,60.45742533828597
1888,17.120305222320447,Outgoing,18-25,34.75789613224654
1889,12.630803264645419,Outgoing,36-45,46.89254023564003
1890,14.927738645608605,Incoming,18-25,17.962894122304476
1891,17.7314212400185,Outgoing,18-25,59.62195330856488
1892,15.03211134905469,Incoming,36-45,19.657932656337817
1893,12.818070547367157,Incoming,36-45,31.35677890269276
1894,14.451950980370846,Outgoing,18-25,74.34334269793288
1895,14.558185203973323,Incoming,46-55,73.6063663397222
1896,13.149944850589362,Outgoing,46-55,57.48626179092996
1897,13.706019686664488,Incoming,36-45,55.51327163470461
1898,22.993235852523583,Incoming,18-25,39.38080705691482
1899,17.804597239706194,Outgoing,18-25,34.541926725155975
1900,13.522598409854199,Outgoing,26-35,42.75516604485241
1901,18.484772022553678,Incoming,18-25,19.726916510753647
1902,13.33090255121995,Incoming,46-55,55.04897109907327
1903,20.865623187933206,Incoming,26-35,50.9766224961682
1904,16.84821096099047,Outgoing,46-55,31.331574665794662
1905,14.463489279978855,Outgoing,56-65,81.37363837682716
1906,17.238584629051388,Outgoing,36-45,62.13827420574096
1907,7.145619239657504,Outgoing,56-65,63.83683608017713
1908,9.366162655450974,Incoming,36-45,40.25320147921669
1909,9.030374968004722,Incoming,46-55,49.973398439473534
1910,15.714715473818533,Incoming,46-55,62.54745340374845
1911,23.66257499742546,Incoming,56-65,53.05564734200471
1912,26.15650073096316,Incoming,36-45,82.03801569539743
1913,18.190255507203787,Outgoing,36-45,45.92424861166498
1914,17.504222374722286,Outgoing,26-35,39.90878935527779
1915,5.994711329236305,Incoming,18-25,62.68505752942852
1916,12.28663100132989,Incoming,26-35,24.70705455426976
1917,11.061081240458805,Incoming,46-55,68.48593864616224
1918,11.89576200874442,Incoming,56-65,23.985763988160343
1919,14.159280907076052,Incoming,36-45,62.771693321171
1920,12.639547111514364,Incoming,26-35,37.03452891654675
1921,5.103500948121061,Incoming,56-65,59.53168293966786
1922,18.73955128058767,Incoming,56-65,68.14685892122034
1923,9.636284871300967,Outgoing,18-25,53.06842391007837
1924,16.196234320555746,Incoming,36-45,26.0075809671864
1925,25.370413348749867,Incoming,56-65,32.06449510985696
1926,10.403077042067883,Outgoing,36-45,35.42681717932435
1927,2.348562386268352,Outgoing,26-35,12.09986212804452
1928,13.569978890599446,Incoming,56-65,72.54955717463858
1929,20.504798174992857,Outgoing,56-65,52.202151715126575
1930,24.791737271102967,Outgoing,26-35,27.289639096220103
1931,8.852252027737915,Incoming,36-45,79.11349714916715
1932,17.483496116182607,Outgoing,36-45,35.973437997236736
1933,12.673447716099734,Incoming,56-65,55.01144978149743
1934,14.470258228479322,Incoming,26-35,33.49458909607596
1935,28.221716735085174,Incoming,46-55,9.634796933419445
1936,7.485148358024234,Outgoing,36-45,22.711188822974787
1937,16.268698307472867,Outgoing,46-55,41.030191382671376
1938,17.338465858827167,Incoming,56-65,67.96593742412095
1939,20.428931624696737,Incoming,46-55,56.930662936384905
1940,15.489915767354477,Outgoing,46-55,52.8041025234249
1941,16.54025269752051,Incoming,36-45,9.79944754510236
1942,13.041757162891045,Outgoing,56-65,75.4017229536019
1943,16.345634706225535,Outgoing,46-55,54.47359392991112
1944,13.284038622512949,Outgoing,36-45,47.611646602156796
1945,18.107859449280255,Outgoing,46-55,72.64846219977791
1946,13.15194831978183,Outgoing,36-45,74.94993447136548
1947,16.885501969510933,Outgoing,56-65,73.09180495218382
1948,14.853685931575109,Incoming,26-35,45.058270065934245
1949,20.63025125386084,Incoming,36-45,29.93046878431609
1950,14.743031382057568,Outgoing,36-45,69.77845834284146
1951,6.134837658965592,Outgoing,46-55,22.69891113859166
1952,21.309607503569957,Incoming,56-65,88.94513477328564
1953,10.471338495686904,Incoming,18-25,50.55999090389126
1954,11.731168306755901,Incoming,18-25,28.78231488600832
1955,12.021693529782539,Incoming,26-35,25.36262891686779
1956,21.872190465854086,Incoming,56-65,24.44790351887881
1957,4.321628930106522,Incoming,36-45,52.80725813441686
1958,30.68874266829997,Incoming,18-25,49.87215359880426
1959,20.28028404533026,Incoming,26-35,25.28155652981614
1960,16.1161945706458,Outgoing,56-65,42.87088426888196
1961,14.725529996918569,Incoming,26-35,22.641292278173154
1962,16.427770374288286,Outgoing,18-25,61.78603611888345
1963,17.605612141896692,Incoming,46-55,48.90813467774573
1964,18.226077929750286,Incoming,46-55,42.43194988165104
1965,17.778022330017244,Incoming,56-65,24.237785398649457
1966,15.447903406276245,Incoming,26-35,43.99688799554469
1967,14.013307898463369,Incoming,36-45,41.70544237307347
1968,14.24363358173244,Outgoing,18-25,56.354534024191935
1969,14.025458598236595,Incoming,46-55,53.34035956233921
1970,20.668850484335323,Outgoing,46-55,65.84120204158684
1971,17.967783611404307,Outgoing,26-35,40.308469129898754
1972,0.29805682667859834,Incoming,46-55,12.791769956070112
1973,18.279503882648804,Outgoing,26-35,69.8218575319608
1974,15.973680973593874,Incoming,18-25,31.279349739036387
1975,14.906456217770513,Incoming,26-35,27.86165893969489
1976,13.057407734555571,Incoming,46-55,49.13766909772496
1977,20.620563599930065,Outgoing,26-35,56.04541025909034
1978,19.737632310614288,Incoming,46-55,39.38327188570635
1979,11.135611660881954,Outgoing,56-65,39.226146370637466
1980,17.035261435622676,Incoming,46-55,42.1794736446889
1981,10.141716327293569,Incoming,46-55,78.33080701986287
1982,8.101909176055347,Outgoing,46-55,49.94643824883735
1983,11.866413877050174,Outgoing,56-65,30.640743210764075
1984,19.311967361913794,Outgoing,36-45,30.844332861940657
1985,19.765625226880434,Outgoing,46-55,44.98231640835262
1986,17.565427100486467,Outgoing,36-45,54.757158680560146
1987,18.625478934239986,Outgoing,18-25,59.67960323932381
1988,17.58089143557479,Incoming,26-35,52.48317207694431
1989,11.792592023885238,Outgoing,36-45,33.162532981658224
1990,17.159612723369705,Incoming,18-25,41.52117400878434
1991,19.002047626138413,Incoming,26-35,64.67815763729249
1992,18.771456649067872,Incoming,46-55,27.078160790938092
1993,20.944566857373214,Incoming,46-55,40.68493213845075
1994,18.541519236005318,Incoming,46-55,61.94925715762705
1995,16.757241037707914,Outgoing,56-65,67.50562853270353
1996,20.350751191582138,Incoming,56-65,46.141692578172346
1997,14.867393703754699,Incoming,56-65,41.77586378858368
1998,10.59062674386141,Incoming,56-65,23.557641171125198
1999,14.184665180281181,Outgoing,18-25,60.51279845454189
2000,11.275486775967755,Outgoing,18-25,76.37559370293579
2001,11.624108625128091,Outgoing,46-55,101.30308117199382
2002,14.277406646422412,Outgoing,26-35,57.72892367036093
2003,11.037900395000193,Incoming,56-65,48.982406967120376
2004,13.460192351804798,Outgoing,26-35,31.603787736981854
2005,5.531926665231072,Incoming,18-25,12.422861725137011
2006,16.066468536864694,Outgoing,56-65,53.53918499479666
2007,15.00602737681112,Outgoing,18-25,97.00678240308605
2008,10.914556844659046,Outgoing,18-25,75.41624459313826
2009,18.296228342162024,Outgoing,36-45,72.33128538227596
2010,19.68785068813279,Incoming,18-25,54.91205634115831
2011,6.9622006781551296,Outgoing,46-55,57.19046320560644
2012,11.186376107168929,Incoming,18-25,1.5250536344404537
2013,11.154288251063509,Incoming,56-65,65.25021161527994
2014,10.300484494455677,Incoming,46-55,38.413188608483686
2015,19.147374209658743,Incoming,18-25,35.965453068082255
2016,14.030869306135983,Incoming,46-55,43.53486093902785
2017,13.677425793446947,Incoming,18-25,42.859910210979706
2018,4.980688177966233,Incoming,46-55,35.64728816056675
2019,18.17709015104613,Outgoing,26-35,50.27744144351952
2020,8.803708025732638,Incoming,36-45,38.834448075838935
2021,15.299663151331641,Outgoing,46-55,52.00645911512292
2022,16.386884689790957,Outgoing,56-65,20.256443708999342
2023,21.803292979193255,Incoming,36-45,45.718844587359655
2024,8.455898004404439,Incoming,36-45,28.074088206274975
2025,0.0,Outgoing,18-25,37.17101363004268
2026,15.919247723768475,Outgoing,46-55,52.86797686067061
2027,24.002555907554267,Incoming,36-45,17.92004770490084
2028,21.19473176469719,Incoming,56-65,33.55185245455725
2029,16.048297076373128,Outgoing,56-65,61.37928769672668
2030,12.541819071839763,Outgoing,56-65,21.73644316268398
2031,19.035612983186553,Incoming,18-25,85.55734280557616
2032,10.132269001477656,Outgoing,26-35,74.08815912261294
2033,17.381788846781095,Outgoing,46-55,40.109458310954416
2034,17.527350795833133,Incoming,36-45,34.25580624429873
2035,20.3010495374944,Outgoing,46-55,54.03879806670964
2036,28.798300194555388,Incoming,36-45,21.05075485945681
2037,16.962079835893835,Incoming,18-25,9.957145503351342
2038,12.455181871462507,Incoming,46-55,40.81329751894867
2039,14.872128439040027,Outgoing,18-25,47.31902466995618
2040,6.15462047555441,Incoming,18-25,51.888544487070604
2041,11.526434344554708,Outgoing,46-55,37.705187677642314
2042,12.953587809434481,Incoming,46-55,75.47893458949895
2043,12.379558010327038,Incoming,36-45,20.09720683032233
2044,15.76177436016861,Outgoing,56-65,27.234757300838023
2045,10.887900338088997,Outgoing,18-25,59.73271912289623
2046,20.605153336622358,Outgoing,26-35,26.767052287257176
2047,15.001035324590985,Incoming,36-45,25.993590956053666
2048,14.953498394306928,Outgoing,36-45,52.46709584414327
2049,13.36052641743541,Incoming,56-65,28.92954759367937
2050,15.775953419294895,Outgoing,56-65,47.33831144158626
2051,19.125491323338174,Incoming,18-25,36.002868806844866
2052,10.664348921445498,Incoming,36-45,32.76672593254521
2053,11.709417554623716,Incoming,36-45,7.953892173101195
2054,13.481369856116677,Incoming,26-35,52.79126305642674
2055,8.270645382633926,Outgoing,18-25,25.056200157741422
2056,10.903710701392512,Outgoing,18-25,46.635155929389605
2057,12.618895632276704,Incoming,56-65,39.7579020330287
2058,19.37194590356364,Incoming,18-25,45.869838826002336
2059,16.312806645009626,Outgoing,26-35,47.006492519734785
2060,15.967949556837722,Outgoing,18-25,53.872565018365265
2061,19.25448981083986,Outgoing,46-55,35.44481397017115
2062,14.313141058003017,Outgoing,46-55,74.85392958546737
2063,16.952324249644448,Outgoing,26-35,13.051998782888468
2064,14.483891235337518,Outgoing,56-65,45.46817762945542
2065,16.326811746998143,Incoming,36-45,66.72461952821735
2066,12.08620671194209,Outgoing,18-25,59.535451060052075
2067,2.805914208617855,Outgoing,56-65,30.50328846942806
2068,14.328604189068479,Incoming,56-65,33.83509014023952
2069,22.113740680499703,Outgoing,18-25,29.864148813467924
2070,19.631077011207964,Outgoing,36-45,61.98455261328778
2071,19.826987422955852,Outgoing,18-25,35.20152542968983
2072,21.18065360903109,Incoming,36-45,55.102461762469005
2073,15.443287954807188,Outgoing,26-35,55.2860282815191
2074,15.986578537027977,Incoming,36-45,97.36786936470745
2075,11.91174052282825,Outgoing,56-65,56.26502519603407
2076,13.41963571986475,Incoming,26-35,33.77711970499073
2077,18.07885574885571,Outgoing,46-55,20.796994758672017
2078,21.019422185844082,Outgoing,26-35,44.482945707245094
2079,14.302768621595002,Outgoing,36-45,47.61828315145363
2080,12.749053675742942,Incoming,26-35,5.786009452188885
2081,15.002639794282986,Outgoing,26-35,35.722916794139735
2082,18.006033744645574,Outgoing,46-55,55.94705085655106
2083,7.780725919332291,Incoming,36-45,39.352886594676505
2084,3.5190952343138093,Incoming,56-65,69.37247571411675
2085,12.247315752542082,Incoming,26-35,18.8328711055896
2086,8.896437870429207,Outgoing,18-25,63.53765640306433
2087,12.459299011763445,Incoming,56-65,68.27779483051906
2088,14.261098405912643,Outgoing,26-35,69.12992951683073
2089,12.733757954884933,Incoming,56-65,18.682872306912426
2090,22.262337672353727,Incoming,18-25,56.29105591714769
2091,16.6337238230116,Outgoing,56-65,36.6249176295697
2092,16.502371798054142,Outgoing,56-65,21.877151160341977
2093,18.11103572021701,Outgoing,18-25,41.72264550052583
2094,9.305834411096154,Outgoing,18-25,31.900440161983813
2095,20.195558937101342,Incoming,18-25,68.41500936327739
2096,14.621178567322701,Incoming,46-55,60.261266860271384
2097,18.352403086206063,Incoming,18-25,26.951110637822644
2098,9.640713834799222,Outgoing,56-65,35.51557372338142
2099,7.231206169919679,Outgoing,18-25,42.38605148766753
2100,19.089448290125144,Incoming,26-35,48.55189705364206
2101,16.882047630487584,Incoming,18-25,70.12756549607562
2102,10.489742228212448,Outgoing,18-25,63.815646529612664
2103,10.651684593626527,Incoming,36-45,51.0278393794968
2104,20.627173922073847,Incoming,56-65,44.787023002101556
2105,9.05294053566336,Incoming,56-65,14.532919307850555
2106,23.213364766279817,Outgoing,26-35,75.83995252252113
2107,10.496896326760655,Incoming,46-55,41.058068042686855
2108,18.191959628041914,Outgoing,36-45,81.09680480852515
2109,13.356907621255077,Incoming,26-35,53.92218584263671
2110,18.015937155411716,Outgoing,26-35,90.50568417242889
2111,12.279429989429037,Incoming,56-65,62.126430667326325
2112,14.18603546963853,Incoming,36-45,21.359607375582424
2113,15.204595876978606,Incoming,56-65,37.71169039477576
2114,9.989062721092637,Outgoing,46-55,46.617300786560705
2115,18.704121727100627,Incoming,56-65,32.524342257833524
2116,12.433932167642073,Incoming,18-25,42.45878365635912
2117,13.857000423299906,Outgoing,56-65,22.661216828357812
2118,10.028253126957438,Outgoing,18-25,50.11442562198245
2119,2.1883317060234475,Incoming,26-35,54.748238980218794
2120,14.044861186999155,Incoming,46-55,29.917811855877623
2121,27.06307710806458,Incoming,18-25,88.80508586963823
2122,18.92302143949012,Incoming,46-55,51.27026522560918
2123,14.903698101328027,Incoming,56-65,33.665182677541765
2124,13.685545853958661,Outgoing,56-65,17.409214000695655
2125,15.112329464060231,Incoming,26-35,51.19885778794337
2126,17.73559557587605,Outgoing,56-65,44.79022934373294
2127,9.095935923455777,Outgoing,18-25,65.66081814572885
2128,20.571608473344362,Incoming,26-35,47.13259470056064
2129,18.57690657720622,Outgoing,46-55,26.12562435462546
2130,18.59092862853967,Incoming,26-35,83.41436592355163
2131,17.192378694048635,Outgoing,46-55,58.71249759014371
2132,15.09808328846995,Outgoing,36-45,44.91782576803283
2133,18.3643061798341,Incoming,18-25,53.29277062899477
2134,17.95907066870689,Incoming,18-25,59.48083913123316
2135,13.22979644529488,Outgoing,46-55,21.422867722131297
2136,12.131991135515495,Incoming,56-65,53.1538843992562
2137,15.509281476309933,Incoming,56-65,40.99753053412217
2138,22.74510075747594,Outgoing,36-45,60.145999712595035
2139,8.804464621730496,Outgoing,46-55,35.196361507874435
2140,7.6623736712378,Outgoing,36-45,37.90596289805835
2141,15.823804206182583,Incoming,46-55,83.25742197128116
2142,15.25443850928009,Incoming,36-45,74.61824181764273
2143,15.866708321852041,Incoming,46-55,0.0
2144,16.219765989542502,Outgoing,18-25,73.13523964928623
2145,13.883988726825974,Incoming,36-45,48.526959474844865
2146,22.449317193010412,Outgoing,36-45,35.83635874201976
2147,6.995480107617421,Outgoing,46-55,29.856505285846996
2148,10.857514876098769,Outgoing,26-35,31.01764743440023
2149,14.483726199254763,Outgoing,26-35,36.401281104831696
2150,6.784055944229163,Outgoing,18-25,27.457348326363128
2151,14.120727977839644,Outgoing,56-65,22.908006778547154
2152,23.30735082864009,Outgoing,56-65,29.192396983121785
2153,15.104432441479808,Incoming,18-25,56.467877101313746
2154,16.153504528593416,Outgoing,56-65,51.00180297141594
2155,8.699176174137099,Incoming,46-55,61.11712903103712
2156,11.918192959802614,Incoming,26-35,48.672603215798915
2157,13.124018098380315,Incoming,18-25,23.866413387104167
2158,13.41142451621883,Incoming,46-55,59.88881846987212
2159,21.408218975018844,Incoming,18-25,29.9062144225017
2160,17.78845530362562,Outgoing,26-35,62.93228603977868
2161,9.44271021531484,Incoming,56-65,26.681599940860785
2162,16.232523892160025,Incoming,46-55,36.2504674719295
2163,17.491108742483924,Incoming,26-35,42.7721671886417
2164,20.700745192606334,Outgoing,18-25,63.48809602113897
2165,22.902703432841868,Incoming,36-45,53.5199450425479
2166,9.924529040860657,Incoming,46-55,50.40002644301849
2167,10.94571244394831,Incoming,18-25,87.71337570110612
2168,8.71211070542692,Incoming,18-25,13.260336775497088
2169,13.829900704465093,Outgoing,26-35,29.232447145988978
2170,17.331791872231673,Incoming,18-25,28.376230439220173
2171,19.93667258294551,Outgoing,46-55,14.586953801554515
2172,14.620244881787386,Outgoing,46-55,35.60960974227945
2173,13.40076238372578,Incoming,18-25,63.75538327593412
2174,15.758789961243702,Incoming,26-35,38.16705202968497
2175,10.824285491849885,Outgoing,46-55,43.33994056027381
2176,25.447693608473866,Incoming,36-45,15.548903442394362
2177,6.961694864409706,Incoming,56-65,34.069488496793056
2178,15.923702894478623,Incoming,26-35,40.76602568824832
2179,25.118031096148197,Outgoing,26-35,62.84800845094228
2180,15.03399922279999,Outgoing,56-65,16.50167204163558
2181,14.049804824992528,Incoming,56-65,40.899825085577234
2182,13.212772885947864,Incoming,46-55,71.73636060137781
2183,14.098041591187961,Outgoing,18-25,41.09833428753472
2184,21.864242373382652,Outgoing,18-25,7.688771717626423
2185,3.940690443352466,Outgoing,36-45,75.58351554696382
2186,22.667168506481627,Outgoing,18-25,64.69793885076666
2187,7.880214237749275,Outgoing,36-45,67.38794350157582
2188,13.666738353827926,Outgoing,36-45,15.124327065092118
2189,12.85377789850669,Outgoing,26-35,80.24911451694429
2190,17.9427663488536,Incoming,26-35,34.53447829777605
2191,7.009378240581262,Outgoing,46-55,39.81122111559538
2192,17.310863330409713,Outgoing,56-65,35.94445668015993
2193,25.121548116434262,Incoming,56-65,68.93874363910415
2194,8.184129977035948,Incoming,36-45,46.40403294989409
2195,15.948530838051978,Incoming,56-65,59.63482065175251
2196,11.690089111016954,Outgoing,36-45,51.51802045768736
2197,17.12943603096518,Outgoing,56-65,48.09915992614159
2198,15.09573888707876,Incoming,46-55,31.064318725076074
2199,11.792565454778451,Incoming,26-35,86.24281174615531
2200,17.43936142435537,Incoming,26-35,20.732127429895417
2201,24.021740548933714,Outgoing,36-45,58.24507948069369
2202,14.045481041363507,Incoming,56-65,57.53313184214558
2203,18.59878971074091,Outgoing,18-25,73.0871257230485
2204,8.533635210644182,Outgoing,46-55,77.76180064758556
2205,10.217818115909957,Outgoing,56-65,47.252228011664485
2206,17.362031389401885,Outgoing,18-25,60.60788611849506
2207,22.420580142679825,Incoming,46-55,85.2974742090502
2208,16.7780667439283,Incoming,46-55,48.696464661554955
2209,13.434709847384228,Incoming,26-35,28.67133049869647
2210,14.99645702711677,Outgoing,36-45,42.31063774601157
2211,8.747961330151412,Incoming,56-65,23.907080027710656
2212,18.022576631776833,Outgoing,46-55,57.43633621989445
2213,19.411665311617046,Outgoing,56-65,71.2891241628127
2214,12.739548335834598,Outgoing,46-55,47.579170158649234
2215,12.649789261202493,Incoming,26-35,17.580799010927194
2216,16.329391148260243,Outgoing,36-45,70.43301670115355
2217,12.816401319797023,Outgoing,18-25,14.474020768684426
2218,14.669336926870887,Incoming,18-25,19.080904441539175
2219,25.49860894583258,Incoming,26-35,46.433232250105625
2220,13.764871496270016,Incoming,46-55,55.03570491350998
2221,13.20829923989389,Outgoing,26-35,58.444949975167084
2222,11.762290971824203,Outgoing,36-45,48.67720895907053
2223,18.720959857499682,Incoming,18-25,85.20087530269714
2224,14.093879133909486,Outgoing,56-65,51.303366821664035
2225,11.75313480839287,Outgoing,18-25,70.69336203505871
2226,21.60652016136506,Incoming,36-45,65.73909128189396
2227,22.098015022568184,Incoming,46-55,24.142525355909406
2228,11.997882171306475,Incoming,26-35,46.605390254289574
2229,5.6673002431969195,Incoming,18-25,92.46641026562038
2230,20.03756844918461,Incoming,18-25,39.91298292119485
2231,11.57685087119998,Incoming,56-65,36.50758951286619
2232,18.953127995813844,Incoming,26-35,53.41151162954044
2233,5.149480911440822,Incoming,56-65,40.62960141479896
2234,19.462986691496546,Outgoing,56-65,34.12590840995523
2235,8.944140353596094,Outgoing,46-55,40.334332114048266
2236,18.653820595332622,Outgoing,18-25,78.64019342737251
2237,15.07136533918217,Outgoing,26-35,47.26762617044855
2238,10.230302903016776,Outgoing,46-55,23.43849934490576
2239,12.964818435366098,Outgoing,46-55,19.765069238236713
2240,18.431592284783505,Outgoing,46-55,94.13609864108939
2241,15.529472265576171,Outgoing,36-45,45.53331261131795
2242,17.922064902362422,Outgoing,36-45,58.691570019308365
2243,24.882202922577427,Outgoing,46-55,34.57245547320781
2244,7.178791941444743,Outgoing,36-45,56.419719385428316
2245,23.08606287484312,Incoming,26-35,79.18659303203064
2246,15.521779687616064,Outgoing,18-25,36.954736325124905
2247,10.50607975838436,Incoming,26-35,59.17173559897165
2248,8.348431871305051,Outgoing,18-25,21.885074482192238
2249,14.054398046114832,Incoming,36-45,90.45732236733585
2250,19.6082505596223,Outgoing,26-35,55.37071860489149
2251,14.362254398112329,Incoming,56-65,41.74412311295416
2252,22.55577465123674,Outgoing,46-55,44.042517534276726
2253,7.744121549742205,Incoming,18-25,39.799236509713296
2254,14.939555260769728,Outgoing,18-25,40.82189671753014
2255,8.738032777934404,Incoming,56-65,1.0500971530068028
2256,16.81815941312484,Outgoing,56-65,48.04068535806489
2257,19.4344369504865,Incoming,46-55,47.20242638788575
2258,12.896191031594734,Incoming,36-45,59.773230745209545
2259,1.9789307168643298,Incoming,26-35,39.53712507116947
2260,15.994740733982473,Incoming,26-35,34.57927371717955
2261,17.183692758667547,Incoming,26-35,49.8445011109405
2262,17.021473774808488,Incoming,36-45,17.752637638190322
2263,21.17891095911077,Incoming,46-55,52.86846375069169
2264,9.644731601754756,Incoming,26-35,12.763614809565581
2265,18.401080527252248,Outgoing,18-25,72.41637297661592
2266,20.962537562389876,Outgoing,18-25,63.685399113215496
2267,6.107062079967417,Outgoing,18-25,31.476282471519735
2268,16.598259129594886,Incoming,56-65,63.22276026676074
2269,12.479100844961643,Incoming,56-65,52.230284485077625
2270,14.59238663449177,Outgoing,36-45,29.819795378302803
2271,16.738382417691682,Outgoing,26-35,9.542476855418215
2272,12.563857179432238,Incoming,56-65,56.32871366852905
2273,11.62145960419194,Incoming,18-25,34.1143630572993
2274,15.170762087440123,Outgoing,56-65,71.89939139392159
2275,9.563770305685987,Incoming,18-25,50.28067467763702
2276,9.570874355574073,Outgoing,26-35,36.00834607005366
2277,18.396866414782515,Incoming,36-45,85.95677466180943
2278,9.25602982420672,Outgoing,46-55,61.5289298520601
2279,18.33156250454606,Outgoing,46-55,0.0
2280,17.312956464269757,Incoming,18-25,40.27216462418267
2281,6.370966356047017,Outgoing,56-65,22.318220159751533
2282,11.612176738321725,Incoming,56-65,34.004041245593825
2283,20.97054701523686,Incoming,18-25,47.10535202162928
2284,10.094172344301592,Incoming,26-35,57.08097017175093
2285,12.677978688453061,Incoming,18-25,55.227314842271475
2286,17.31030446625948,Incoming,26-35,71.55746153129604
2287,18.91695254641298,Outgoing,36-45,62.73196755017334
2288,13.742305569777521,Incoming,36-45,61.4949385825101
2289,12.012449026541791,Incoming,18-25,54.02984646266549
2290,22.111849308492538,Outgoing,36-45,75.73597705451803
2291,23.694498318987897,Incoming,56-65,43.67446913618165
2292,19.894290253908977,Outgoing,26-35,44.19393462529619
2293,15.42659071282512,Incoming,46-55,11.888532940549396
2294,10.958671391795368,Outgoing,46-55,71.12328087620071
2295,10.847777967217173,Incoming,36-45,48.46148488441691
2296,17.61257052632879,Incoming,26-35,108.67211412342544
2297,17.09199110444342,Incoming,56-65,41.88934616475084
2298,22.007992964732146,Incoming,46-55,51.7715625883347
2299,18.252250462680696,Incoming,56-65,60.930099072168275
2300,7.48459849120091,Outgoing,56-65,27.96200054022574
2301,20.259738088614593,Outgoing,46-55,57.170954277584556
2302,10.009696863427935,Incoming,46-55,50.693228641143705
2303,13.080143640238242,Outgoing,36-45,43.926236206463244
2304,16.251001031258472,Incoming,26-35,73.45207917486013
2305,24.978337448919824,Incoming,18-25,31.925025641786885
2306,30.549592780026806,Incoming,26-35,55.49804226164443
2307,18.033615295680914,Outgoing,18-25,79.09328582770092
2308,14.08401690639806,Incoming,46-55,35.86756488087403
2309,17.672528242402752,Outgoing,56-65,44.06228034615402
2310,19.43827712936918,Incoming,26-35,96.90609126943656
2311,13.396661872214041,Incoming,56-65,59.48782130312114
2312,23.97605677956161,Outgoing,26-35,39.87605046714765
2313,16.15035379595701,Incoming,26-35,66.05249520156956
2314,17.48871544545697,Outgoing,56-65,38.63812896817949
2315,18.329621260272308,Incoming,36-45,18.70168151679858
2316,17.10793305307228,Incoming,46-55,77.4472789053034
2317,19.19470250234806,Incoming,36-45,27.938814717379714
2318,11.913734067265384,Outgoing,36-45,99.03425249994582
2319,12.208491230269846,Incoming,26-35,40.21335249075589
2320,9.499228835141526,Outgoing,46-55,92.6652936312371
2321,17.19750615310113,Incoming,26-35,22.626578629598843
2322,18.89468251756057,Incoming,18-25,70.50987172532506
2323,17.28886433075943,Outgoing,26-35,59.994525459693
2324,23.372462166737687,Incoming,56-65,66.75492451110304
2325,14.972019905854767,Incoming,26-35,69.36045413352521
2326,18.343708277962563,Outgoing,18-25,40.04509715437656
2327,9.54149561930343,Outgoing,26-35,23.82312315994003
2328,13.064501487627995,Outgoing,18-25,48.98164539321564
2329,18.47768878782889,Incoming,46-55,54.46060515170268
2330,19.245510553715718,Outgoing,26-35,40.563107576889905
2331,13.53016526167909,Outgoing,18-25,55.551079403197235
2332,14.642003740709665,Incoming,46-55,56.5925106234948
2333,7.410631266595953,Outgoing,56-65,31.79947106912268
2334,13.214853995966953,Outgoing,36-45,57.899425633809315
2335,19.45191581759893,Incoming,18-25,44.65575952610708
2336,17.87602508053283,Outgoing,56-65,36.00038199593258
2337,17.50332860690605,Incoming,46-55,65.74750276447986
2338,15.2488684359048,Outgoing,56-65,34.46017576612911
2339,15.035315793140882,Outgoing,26-35,40.86664820190548
2340,11.698394302632764,Incoming,36-45,51.441017003733116
2341,18.494142101012674,Outgoing,18-25,77.48623241308478
2342,17.10486472194695,Incoming,46-55,53.85568155448596
2343,17.460094239963997,Outgoing,36-45,60.565766649493355
2344,12.369825786662098,Outgoing,46-55,44.04714928007007
2345,4.233285400643778,Incoming,56-65,48.43020751247318
2346,20.48576355876848,Incoming,46-55,49.022455329608114
2347,12.60581271995798,Outgoing,46-55,55.866124720340494
2348,10.686121179784397,Outgoing,56-65,44.0806485390348
2349,18.467394559569968,Outgoing,56-65,76.79999770952419
2350,13.039936800404352,Incoming,36-45,42.53667522995716
2351,20.29968192023311,Incoming,18-25,15.855177295892652
2352,18.08502974788349,Outgoing,56-65,104.85593208740039
2353,18.417846616002386,Outgoing,36-45,43.45262618112496
2354,8.170221443997328,Outgoing,46-55,76.26339574182694
2355,21.059719926932004,Incoming,46-55,78.09581683919518
2356,16.30625265616928,Outgoing,26-35,68.90428624500764
2357,13.153614303768984,Incoming,56-65,46.03945560805195
2358,15.716942336711256,Incoming,36-45,55.73369639748686
2359,6.118823835508401,Outgoing,36-45,24.509795813901455
2360,17.043264057403356,Incoming,18-25,89.80295547636553
2361,9.853142459089643,Incoming,36-45,32.96388003634661
2362,8.236648570782329,Outgoing,56-65,44.92198074518249
2363,7.388204068910545,Outgoing,36-45,51.97972974080502
2364,20.563441874949625,Outgoing,26-35,47.8512049032608
2365,11.853683031536058,Outgoing,46-55,36.862534354132116
2366,22.668638549582496,Outgoing,46-55,77.88678104109377
2367,12.32099268473851,Outgoing,36-45,69.0055856697656
2368,6.463210212035266,Outgoing,36-45,56.440944086513866
2369,9.417377800256705,Incoming,36-45,42.008938880065
2370,21.179058100034695,Outgoing,36-45,71.28551743688942
2371,14.220509110316662,Outgoing,26-35,40.71062734444869
2372,12.258563517546996,Outgoing,56-65,81.40783680675631
2373,15.800091129263938,Outgoing,26-35,52.22441830966855
2374,17.508913680837725,Outgoing,26-35,74.5956305394543
2375,20.586994079512305,Outgoing,26-35,47.72359347632833
2376,22.242496149464632,Incoming,46-55,51.43066364081889
2377,13.20115677105457,Outgoing,26-35,74.50842122917334
2378,8.369761569589809,Incoming,36-45,93.87850303608889
2379,12.932674194383619,Outgoing,26-35,81.20733635009762
2380,16.30140253291443,Incoming,36-45,67.542692387557
2381,10.181205368946944,Incoming,56-65,61.78566865915193
2382,10.214245425524785,Incoming,46-55,39.86102619480748
2383,16.718939407749428,Outgoing,56-65,55.904594822108656
2384,14.756738242147744,Outgoing,56-65,31.739016320065364
2385,15.163984977057932,Outgoing,46-55,57.51564267369548
2386,11.207523326499652,Outgoing,36-45,58.80101321387147
2387,13.847996428971163,Outgoing,36-45,10.783097170636168
2388,10.378834278658477,Outgoing,36-45,50.77477218383414
2389,19.450992055623935,Incoming,46-55,58.2974979817821
2390,20.176246673618763,Incoming,26-35,48.32580285721956
2391,5.769060688809532,Incoming,18-25,57.16097677713142
2392,10.35244569903795,Outgoing,26-35,23.16555513287372
2393,7.517353724549604,Outgoing,26-35,34.48271388879483
2394,11.74988032796551,Incoming,56-65,70.69876326327865
2395,14.582810151048196,Outgoing,18-25,50.011433312915536
2396,7.75177390150735,Outgoing,36-45,56.79757962629817
2397,10.390700934373434,Outgoing,26-35,39.069576785828424
2398,9.980213139592507,Incoming,46-55,50.389880465537125
2399,16.03633664699472,Incoming,26-35,3.959756397296026
2400,15.346721685181253,Outgoing,36-45,66.92023876841533
2401,11.391312233313734,Incoming,26-35,86.15865677904941
2402,15.88410436069699,Incoming,56-65,28.699649015707184
2403,12.266599577063673,Outgoing,56-65,31.193356249808637
2404,13.641724448369734,Outgoing,26-35,58.817597964749645
2405,23.367260451492683,Incoming,56-65,79.47758581013491
2406,21.70230525895174,Incoming,46-55,49.95805365234111
2407,8.502093815362013,Outgoing,18-25,25.41363958374992
2408,19.148662089395874,Outgoing,26-35,45.827655267242534
2409,19.05698277245796,Outgoing,46-55,29.40135839376415
2410,9.258683556236909,Incoming,46-55,36.62307414262447
2411,19.093888218774303,Incoming,46-55,43.91917801693367
2412,22.689659592062764,Outgoing,36-45,31.413508235167455
2413,9.387275968777931,Outgoing,26-35,34.4418855165087
2414,10.412485894928682,Outgoing,26-35,51.49068000444487
2415,20.08830733421751,Outgoing,26-35,54.3007162427446
2416,16.35747655412824,Incoming,18-25,21.520393323580656
2417,17.757381376197618,Outgoing,46-55,57.927634450186744
2418,16.702946082002484,Outgoing,26-35,42.36132273737204
2419,16.95347960464072,Incoming,56-65,64.40523047105218
2420,8.367639358444585,Outgoing,36-45,65.60995041375719
2421,20.23658853310724,Incoming,18-25,39.10917638089903
2422,20.84794996213887,Incoming,36-45,62.28295388075466
2423,13.85304627965986,Incoming,46-55,33.260879206023404
2424,14.782615250930688,Outgoing,56-65,76.4752412567058
2425,7.3444624872213895,Incoming,46-55,34.01727598287071
2426,17.571273780089175,Outgoing,26-35,57.05499217251026
2427,17.86028720857072,Incoming,36-45,46.2478171071144
2428,14.689044915003445,Incoming,56-65,29.66210971524798
2429,20.621766799352514,Incoming,36-45,68.01831523570618
2430,13.329613845100297,Outgoing,18-25,37.71736382266418
2431,17.823029629468003,Outgoing,56-65,15.998556700433873
2432,9.901678306539422,Incoming,18-25,0.0
2433,14.88223924562881,Outgoing,56-65,32.49910611144058
2434,14.128228710485821,Incoming,26-35,77.51816838597946
2435,16.12653961020471,Incoming,36-45,75.1547693500732
2436,13.152365355833208,Incoming,36-45,35.62803195304936
2437,14.34263702164166,Incoming,46-55,42.510901705972415
2438,19.13023585720753,Outgoing,56-65,40.70173848887954
2439,12.816178813808913,Incoming,56-65,23.331357091008627
2440,6.967114496306603,Outgoing,18-25,31.02336256753314
2441,23.747919521027104,Incoming,56-65,69.6229903880157
2442,21.907270393452432,Incoming,36-45,60.07775742758801
2443,8.538686524471906,Incoming,56-65,55.46177717059778
2444,18.448539026225973,Incoming,46-55,23.297067766782828
2445,12.485126147243285,Incoming,46-55,52.014064280679555
2446,16.317436076655298,Outgoing,36-45,3.9231006102395654
2447,16.47112064506747,Outgoing,36-45,66.85605382521067
2448,13.82796099841839,Incoming,36-45,55.17149801474283
2449,11.081171672068017,Outgoing,56-65,23.095350958003394
2450,11.547294738418703,Outgoing,56-65,82.3285111498008
2451,10.419040422593788,Incoming,26-35,14.076706816628374
2452,10.840888958847776,Incoming,18-25,60.606123644992046
2453,14.664108549753223,Incoming,56-65,61.10343537957324
2454,11.421200054446242,Incoming,26-35,25.206591212950386
2455,18.410260328563098,Outgoing,26-35,49.24298618379766
2456,22.436230776679636,Outgoing,46-55,17.263443156942742
2457,12.099733793149785,Outgoing,56-65,0.0
2458,16.197022502676884,Outgoing,26-35,28.64247546136683
2459,17.498425551514668,Incoming,46-55,37.66750115476006
2460,17.360011354596374,Incoming,18-25,62.885123616215836
2461,15.379776339580436,Incoming,46-55,51.3481617012164
2462,18.713412091798613,Incoming,18-25,51.87090918772292
2463,17.411244763403285,Outgoing,36-45,29.7115675343283
2464,8.811687888363512,Outgoing,36-45,39.39977391917227
2465,19.345780321946364,Incoming,46-55,31.40146780261678
2466,19.436454186333712,Outgoing,36-45,25.500519859403834
2467,11.183569479107092,Outgoing,56-65,38.12601146025486
2468,15.18968917723801,Incoming,46-55,51.49024770192668
2469,18.416644964055347,Outgoing,26-35,38.54722961151593
2470,13.953430902103193,Incoming,56-65,43.52994661150054
2471,20.364890238830057,Outgoing,46-55,63.898296218227806
2472,26.819362473096803,Outgoing,18-25,39.98491162618593
2473,11.070069836825088,Incoming,36-45,23.32066738024217
2474,8.094776984231125,Incoming,36-45,61.26907043202478
2475,16.51909297802438,Incoming,36-45,55.316992970165686
2476,18.607812525630717,Outgoing,46-55,56.57318996344629
2477,13.845668130776154,Incoming,56-65,62.516773150714194
2478,22.26630331660517,Outgoing,18-25,59.13283054615891
2479,8.306971001383756,Incoming,36-45,50.57457384942608
2480,18.464593115158056,Outgoing,56-65,97.82905325704186
2481,11.970695896205534,Incoming,26-35,24.300625073960912
2482,23.59688953103648,Incoming,26-35,38.271654430228836
2483,24.96257676584059,Outgoing,18-25,69.34668729356333
2484,11.166717061083261,Outgoing,36-45,52.85172584191149
2485,12.2522143204571,Incoming,26-35,65.15846068022478
2486,19.29793943489901,Outgoing,56-65,53.39512859073743
2487,13.064346751052426,Incoming,56-65,77.48113102319962
2488,14.772943910338808,Outgoing,26-35,29.849782887335085
2489,15.12694210271205,Outgoing,36-45,76.84919778813419
2490,5.401634219011719,Incoming,18-25,73.41992986408533
2491,14.930811269528814,Incoming,36-45,25.7942177153924
2492,11.55136112967913,Outgoing,46-55,62.613308197753454
2493,12.53438588800114,Outgoing,26-35,49.13920135526821
2494,22.21816001734407,Outgoing,46-55,37.86835961761872
2495,8.717465528603718,Outgoing,26-35,12.22761620564561
2496,19.066025933739887,Incoming,18-25,29.783726577653663
2497,13.605185348340957,Incoming,36-45,64.16224280369178
2498,13.601199157520828,Outgoing,36-45,66.27682538521114
2499,18.951859480258555,Incoming,26-35,45.78579038847657
2500,16.70025647284445,Outgoing,56-65,66.33970286286569
2501,17.853064986097657,Outgoing,46-55,68.90520155788275
2502,19.840923302664304,Outgoing,36-45,53.092799172526945
2503,13.343458084083386,Incoming,36-45,35.553327522995914
2504,11.938816327461248,Outgoing,26-35,58.82108225631289
2505,9.57424736721101,Incoming,56-65,59.73969415317727
2506,10.872947350105225,Incoming,46-55,63.478887807006195
2507,29.745472126543625,Outgoing,56-65,67.3080654000448
2508,21.22339790368393,Incoming,56-65,22.756708561575568
2509,8.244628168959894,Outgoing,26-35,39.80141509268516
2510,8.38771021628215,Outgoing,56-65,12.027573086243606
2511,17.40933030859246,Incoming,46-55,64.93992076710694
2512,17.736323986889836,Outgoing,18-25,45.753771040391676
2513,17.744419176586824,Incoming,18-25,58.6162814139483
2514,13.725221032231511,Incoming,46-55,20.486425036196835
2515,14.3727286999855,Incoming,26-35,78.019616993861
2516,16.639397620796785,Outgoing,36-45,26.1132167076145
2517,15.429465031466652,Incoming,26-35,65.49126608764918
2518,3.903498136262325,Outgoing,46-55,52.35900341785083
2519,13.851001847124031,Outgoing,56-65,46.21114444947642
2520,10.742967828698433,Incoming,18-25,44.59679786775652
2521,15.87605709454256,Incoming,56-65,37.2387398136774
2522,29.92629501301705,Outgoing,26-35,75.90392353801536
2523,16.83740832737152,Incoming,46-55,50.25225668704485
2524,13.43235156913801,Incoming,18-25,24.615569392935598
2525,19.60900750988626,Incoming,46-55,42.3207959593032
2526,17.413439436046062,Outgoing,18-25,52.566780544058766
2527,17.100472452259208,Incoming,18-25,67.95610562890651
2528,18.034252966078355,Outgoing,18-25,37.90760558965586
2529,25.282717824147706,Outgoing,26-35,39.24446888390904
2530,9.345557823370422,Incoming,46-55,50.4686425429481
2531,17.368160384057273,Incoming,36-45,67.46849639894651
2532,10.368094350092308,Outgoing,36-45,22.624909288079408
2533,17.77756323171124,Outgoing,36-45,60.107092619834916
2534,10.406567442569528,Incoming,46-55,40.718749397426876
2535,12.913165931974579,Outgoing,56-65,43.511348365030265
2536,13.524550428810468,Incoming,46-55,90.03151490259498
2537,19.879083596723547,Outgoing,18-25,46.07061550896949
2538,19.59227221971207,Incoming,56-65,65.0938750061716
2539,8.771413117768077,Outgoing,18-25,64.37827674406697
2540,15.274670554999243,Incoming,18-25,26.399521718029867
2541,11.452100726254137,Incoming,46-55,13.092113495541916
2542,8.707475446623327,Outgoing,36-45,66.41964184833822
2543,13.914914747878148,Incoming,56-65,28.329076151029625
2544,13.457586057720901,Outgoing,26-35,16.716340908579454
2545,27.13358243172761,Outgoing,36-45,70.52324429688396
2546,17.16479912680348,Outgoing,26-35,29.611465324488144
2547,8.111912496228815,Outgoing,46-55,34.54965048631212
2548,12.176129979145289,Incoming,56-65,89.4874631017859
2549,20.106916477146992,Outgoing,46-55,16.80529277236858
2550,25.442213864349625,Outgoing,26-35,24.87427917186149
2551,7.070083438810208,Outgoing,18-25,40.80603715052159
2552,5.600378074304775,Incoming,46-55,45.194863203311556
2553,24.35482587685891,Outgoing,56-65,32.12509435764694
2554,16.94807088685452,Incoming,46-55,26.826898053541672
2555,10.658536340618168,Incoming,36-45,80.19988648863861
2556,17.673145430612177,Outgoing,46-55,55.25972248209431
2557,1.8212613049156108,Incoming,26-35,61.70337488418376
2558,15.016877532985806,Outgoing,46-55,47.25549646882928
2559,16.639105864215427,Incoming,56-65,55.78909897718273
2560,19.62135069768915,Incoming,46-55,68.65803322219182
2561,9.930520238537312,Outgoing,46-55,30.074019709093307
2562,15.428435807016795,Incoming,56-65,55.296719930359636
2563,10.372876869702063,Outgoing,46-55,63.920846268157824
2564,16.276918778371584,Incoming,56-65,80.8959469276852
2565,10.52326838818488,Outgoing,26-35,88.95781959603522
2566,12.959495804198896,Outgoing,56-65,51.39719593963523
2567,10.020923026048855,Outgoing,26-35,72.77277899374269
2568,18.255681209118286,Outgoing,26-35,0.0
2569,19.29225558328333,Incoming,56-65,81.04565818753429
2570,13.82689715021293,Outgoing,46-55,35.48232676558393
2571,15.191189974800142,Outgoing,36-45,45.17805102024218
2572,7.75704292683228,Outgoing,56-65,58.82208968734042
2573,13.501616759966065,Outgoing,46-55,46.93115265368972
2574,14.748976914791276,Incoming,26-35,53.92906759136269
2575,28.103965455149876,Outgoing,18-25,81.75385936452287
2576,9.440164871129182,Incoming,36-45,42.31559909308057
2577,22.32088619376219,Outgoing,46-55,28.261523669988932
2578,19.98429386732904,Outgoing,36-45,86.26927714597102
2579,16.403182022450682,Outgoing,18-25,60.53528434009355
2580,23.793102420975668,Outgoing,18-25,88.44477950626927
2581,16.860527363034315,Outgoing,18-25,67.27259821157809
2582,16.945795978339643,Outgoing,56-65,23.528112159731265
2583,14.734396734912274,Incoming,36-45,62.90769343513763
2584,21.117844412093138,Incoming,56-65,30.32103868234891
2585,20.482346169054416,Outgoing,18-25,50.14863604879334
2586,11.871613562518938,Outgoing,46-55,48.48571192784485
2587,8.403764027006163,Outgoing,18-25,17.646723907338874
2588,13.985096813021714,Incoming,56-65,33.74379020876427
2589,10.999807178011768,Outgoing,18-25,94.103746003182
2590,14.682377126923225,Incoming,18-25,54.76754809682329
2591,21.187190673420695,Incoming,56-65,46.488077306740955
2592,12.713491724566051,Incoming,56-65,86.25780439881851
2593,14.785883093442125,Incoming,46-55,42.07529379861663
2594,15.290113674041976,Incoming,56-65,48.1715927606176
2595,19.242154411026423,Outgoing,46-55,69.816057122457
2596,3.7655533300769743,Incoming,26-35,41.985284027673
2597,11.966498526173517,Incoming,26-35,35.069585212949974
2598,16.056418461397364,Outgoing,56-65,4.924871692785651
2599,21.000394782134308,Outgoing,18-25,31.27003373234477
2600,12.540487762468974,Incoming,36-45,31.079445080207737
2601,5.61723646979063,Outgoing,18-25,53.171333909372194
2602,18.098557229830682,Outgoing,56-65,37.79083468544448
2603,11.823188055871853,Outgoing,46-55,93.16038021714391
2604,9.051666704548193,Incoming,18-25,28.84742139530388
2605,11.87827305143388,Incoming,26-35,78.0129337371481
2606,14.077373211720753,Outgoing,56-65,54.39505910255098
2607,11.976276677308936,Outgoing,18-25,66.13548071424778
2608,3.9721697145046537,Incoming,18-25,64.9203918947174
2609,19.485330984435663,Incoming,46-55,5.63528939375167
2610,21.374375206393612,Outgoing,46-55,49.76894642046886
2611,18.25760995669753,Incoming,46-55,44.75543725532336
2612,9.311571647875917,Incoming,36-45,27.340438106174652
2613,13.99254233026241,Outgoing,56-65,59.19252074431736
2614,14.967393423852709,Outgoing,56-65,84.33080631754943
2615,17.993971947809552,Incoming,26-35,0.0
2616,18.341702443590403,Incoming,26-35,39.310606483165586
2617,11.32913100610752,Incoming,56-65,25.084676717727543
2618,15.409977782067802,Outgoing,18-25,51.43555652475386
2619,17.286402023076207,Outgoing,56-65,43.487574337000076
2620,22.279111610733832,Outgoing,36-45,37.886455744856434
2621,18.522532699123616,Outgoing,26-35,63.790136566581175
2622,18.945283436877595,Incoming,26-35,82.72362602114197
2623,15.419133139646805,Outgoing,26-35,103.22637303515671
2624,22.05229572601752,Outgoing,56-65,35.207419030628245
2625,17.048813979797487,Incoming,26-35,13.582488963638617
2626,10.694560449132148,Outgoing,26-35,61.1839286815668
2627,22.016849850625952,Incoming,56-65,82.20969470646406
2628,18.489516362695138,Outgoing,18-25,66.27379934081456
2629,12.784779894357587,Incoming,26-35,82.12694079060623
2630,12.602535163003783,Incoming,26-35,45.49026658795761
2631,16.48287772570381,Incoming,26-35,37.80851120453743
2632,17.315923976337924,Outgoing,36-45,52.308718148026244
2633,15.986461328156032,Incoming,56-65,43.38893625266223
2634,16.556543367214424,Outgoing,26-35,63.26188042680688
2635,23.499786872881902,Outgoing,36-45,69.39535556006982
2636,20.35771576117443,Outgoing,18-25,70.96167329143772
2637,15.953177956325122,Outgoing,18-25,60.2118534160878
2638,19.706552903837416,Outgoing,36-45,54.91644653350599
2639,9.837380482362303,Outgoing,18-25,65.88853378501696
2640,16.989635249734043,Incoming,46-55,10.740161846945576
2641,24.04653174866555,Incoming,18-25,54.21141504667884
2642,13.90977052303813,Outgoing,46-55,51.04956114340902
2643,10.761830356904575,Outgoing,36-45,54.26160791943109
2644,11.739555557034697,Outgoing,46-55,48.24752907491538
2645,9.551834813288059,Outgoing,18-25,58.63710986923232
2646,11.076190459361483,Outgoing,26-35,38.5079415693197
2647,13.147459507049856,Incoming,46-55,72.5904685890726
2648,7.97216490410679,Incoming,18-25,59.47299554826948
2649,15.078091669748016,Outgoing,26-35,53.01371715767721
2650,19.511385868933235,Outgoing,36-45,36.0496685872776
2651,10.4612190992654,Incoming,36-45,66.3063377041581
2652,22.596419618208845,Outgoing,56-65,54.133193969889824
2653,17.553960442637973,Outgoing,36-45,34.890332129261665
2654,20.152902928120287,Outgoing,56-65,48.866769151735234
2655,11.710827230739316,Incoming,36-45,62.58165238482479
2656,19.272626135333077,Incoming,36-45,61.0314707763965
2657,9.540330498023435,Outgoing,36-45,59.740179356163104
2658,19.451237504182544,Incoming,56-65,51.850627834821545
2659,15.859196698967656,Incoming,56-65,70.51639066603794
2660,17.76625609992392,Outgoing,46-55,74.7559300762322
2661,9.12202697187574,Incoming,18-25,64.74645231351082
2662,10.524650788616977,Incoming,18-25,38.25097450288585
2663,17.986141091266923,Incoming,18-25,28.83876565418965
2664,10.258259978878996,Incoming,36-45,39.121204660568125
2665,17.316031460495616,Incoming,18-25,89.07313495953446
2666,8.164310967698771,Incoming,56-65,55.63391827654707
2667,19.24087106333334,Outgoing,46-55,92.5288365505277
2668,8.837383426157455,Outgoing,26-35,47.59603312825127
2669,17.761499688397617,Outgoing,46-55,44.82372659014157
2670,18.128154668230003,Incoming,18-25,48.518869267118525
2671,11.516140907852126,Outgoing,18-25,48.156518398933926
2672,17.910132835423635,Incoming,56-65,34.52698176264551
2673,16.30221131666778,Incoming,46-55,27.02303463666646
2674,12.30579071903631,Outgoing,56-65,60.02673254361726
2675,9.95722657961896,Incoming,56-65,71.09801435194727
2676,5.186871541637105,Outgoing,26-35,98.89962601332803
2677,16.748250236498468,Incoming,56-65,41.325741866179555
2678,7.175986143189724,Outgoing,56-65,42.9468902627185
2679,15.476720997206542,Outgoing,26-35,34.57541411097965
2680,13.682758919588755,Outgoing,36-45,72.51454858747135
2681,18.39571387719098,Outgoing,36-45,66.29974909592529
2682,13.489772502550679,Incoming,26-35,32.46130836250947
2683,13.352761068264543,Outgoing,56-65,31.95603826054114
2684,18.659353521441478,Incoming,18-25,69.05029517191795
2685,16.675290145420586,Outgoing,46-55,57.663923024168156
2686,16.58077978591389,Outgoing,18-25,65.16777426022287
2687,17.34633794904263,Outgoing,18-25,32.34463043322174
2688,7.322139383964471,Incoming,56-65,12.445502721795869
2689,18.78394339993491,Outgoing,46-55,32.5006996663966
2690,18.06234397006801,Outgoing,46-55,63.755334600224536
2691,9.916584357117515,Incoming,36-45,92.22115957269781
2692,13.779597631628993,Outgoing,26-35,41.41072020944783
2693,14.803463561861845,Incoming,56-65,95.51711763753731
2694,14.327516077991337,Outgoing,46-55,66.59639534983376
2695,16.669299832842672,Outgoing,56-65,22.139353965823474
2696,22.156833909155917,Outgoing,36-45,54.280676756220636
2697,20.408833638364143,Incoming,18-25,67.27948556823722
2698,8.438904032842968,Outgoing,46-55,1.4903420289462659
2699,18.110349951530242,Outgoing,36-45,62.88902315826764
2700,21.64466659767705,Outgoing,56-65,73.45442359646225
2701,16.934042603446013,Incoming,36-45,57.977362482622866
2702,20.454902125929834,Incoming,36-45,48.765575786371535
2703,25.061352228503825,Incoming,36-45,46.541468339971864
2704,20.118547730534907,Incoming,36-45,45.373553446163555
2705,16.246542978208645,Incoming,36-45,26.480403924657814
2706,20.225442370423767,Incoming,36-45,36.24952336190066
2707,15.724439165484457,Outgoing,26-35,41.66811908695681
2708,15.119515216424777,Outgoing,56-65,52.26988692451484
2709,13.242928821431338,Outgoing,18-25,38.86370484685867
2710,22.81706679416054,Outgoing,56-65,32.617415150041396
2711,10.907856670289993,Outgoing,46-55,65.1954171825169
2712,22.66183862339058,Incoming,46-55,57.412279438957114
2713,17.49932061870186,Incoming,56-65,39.21540926420866
2714,8.003469125990293,Incoming,36-45,60.12556942975175
2715,16.83824646495711,Outgoing,26-35,40.9368421262813
2716,4.49986746174188,Incoming,18-25,51.2613005897624
2717,18.12754008415518,Outgoing,36-45,69.50088109445734
2718,19.426157414944953,Incoming,56-65,37.92517813667473
2719,12.038220221739731,Outgoing,56-65,26.55176784332514
2720,15.61773847977791,Incoming,26-35,47.09730833957317
2721,24.770787168751433,Outgoing,26-35,22.73069967629076
2722,12.471266478690318,Incoming,56-65,44.451029812980494
2723,9.705462064716997,Outgoing,36-45,44.38725041373086
2724,22.408317012312992,Incoming,36-45,0.7263175218887454
2725,24.812935952653973,Outgoing,36-45,60.612703274890194
2726,15.018478359239237,Outgoing,18-25,46.34620466637359
2727,20.05731517704178,Outgoing,18-25,73.63792905543872
2728,21.707379577654407,Outgoing,36-45,54.31063959588165
2729,11.287578837308079,Incoming,56-65,64.71217140631097
2730,12.573470823160658,Incoming,26-35,73.80077506414086
2731,21.154372565773674,Incoming,46-55,47.36565834458507
2732,23.425071393542545,Outgoing,26-35,49.98353622272196
2733,17.814404300871775,Incoming,26-35,18.529135532195365
2734,10.600928232489728,Outgoing,46-55,74.79075490468483
2735,24.935305558497205,Incoming,36-45,47.08605200556891
2736,12.345145510940178,Outgoing,26-35,29.885388993040365
2737,13.324311094142741,Incoming,46-55,64.79444972974855
2738,16.711689172448107,Outgoing,56-65,6.4043761607149605
2739,22.77080210357387,Outgoing,56-65,41.414515542536435
2740,19.269879882761117,Incoming,56-65,68.16622082423682
2741,17.074327501809552,Incoming,36-45,41.245562960681895
2742,17.31644265059053,Incoming,26-35,35.64156098102837
2743,15.21757334321733,Outgoing,26-35,41.67690405774099
2744,17.79069757259253,Outgoing,18-25,9.80141471062852
2745,2.3521996115284853,Outgoing,56-65,64.30956863566067
2746,13.516962704651007,Incoming,36-45,47.54227916046174
2747,16.206609674583905,Outgoing,46-55,44.55350780010476
2748,9.244929581902465,Incoming,36-45,44.62662767181917
2749,16.9316165890578,Outgoing,26-35,50.281595969291686
2750,13.977643895069392,Incoming,56-65,63.06874741344133
2751,23.77737849157745,Outgoing,18-25,48.95872917601502
2752,22.865098626074282,Outgoing,36-45,22.767269036403754
2753,12.670972154409185,Incoming,18-25,61.510322430881345
2754,14.245811442166524,Outgoing,26-35,59.97139382008453
2755,14.630262171958037,Outgoing,46-55,54.110539964329206
2756,12.741702619201886,Incoming,36-45,71.50482613922638
2757,15.975124920140633,Outgoing,26-35,50.607573528259174
2758,11.208589655562049,Incoming,56-65,72.22752177978512
2759,9.346923325312368,Incoming,36-45,78.14422042956792
2760,18.113556119501343,Outgoing,18-25,61.64625771048965
2761,18.147647921109055,Outgoing,36-45,35.04132756244125
2762,10.978421201700037,Outgoing,26-35,47.38428562995119
2763,19.476777153812996,Incoming,26-35,74.77712068116747
2764,11.842111354173344,Outgoing,18-25,20.047442678609862
2765,16.265826190189905,Incoming,26-35,42.160926636427824
2766,19.10172006306228,Outgoing,36-45,43.14070327106512
2767,14.831937176481436,Outgoing,18-25,32.695787992925325
2768,17.27370456070567,Incoming,26-35,67.45757899837574
2769,12.417851780562142,Outgoing,26-35,57.53630142081554
2770,14.017667082859514,Outgoing,36-45,35.77883286799016
2771,13.970702845598298,Outgoing,26-35,62.11025840471679
2772,11.267108267298806,Outgoing,36-45,46.83167530663564
2773,14.116129184421089,Outgoing,56-65,32.196108535553144
2774,7.256908505681267,Incoming,36-45,35.74163179514265
2775,12.544231264289476,Outgoing,46-55,58.7210214955188
2776,13.575622533151646,Incoming,26-35,68.78019757043677
2777,13.7191012375231,Outgoing,56-65,40.26463534090428
2778,13.792512770646105,Outgoing,18-25,60.88882667338024
2779,14.691179000699355,Incoming,46-55,81.63508315154965
2780,17.39720759043032,Outgoing,18-25,24.82258887259494
2781,19.372585370662613,Outgoing,46-55,57.113397456772475
2782,11.751173865758664,Incoming,56-65,66.61311382590816
2783,8.983995723054278,Incoming,56-65,48.09700366802339
2784,9.789777938784486,Outgoing,56-65,74.76566421711294
2785,12.563985394025364,Incoming,46-55,93.97674076522568
2786,13.240393410917454,Incoming,36-45,56.86710696772606
2787,11.150019669012714,Incoming,18-25,45.328205354440016
2788,8.519416678750527,Incoming,36-45,69.53965615323914
2789,12.719395862629058,Outgoing,36-45,66.84137720755803
2790,15.907133100569856,Outgoing,26-35,0.0
2791,17.975147329177823,Incoming,18-25,49.94528887817773
2792,12.212884734458394,Outgoing,46-55,42.10801066521772
2793,12.935010889282829,Incoming,26-35,57.934113830278335
2794,10.366508455763446,Outgoing,26-35,46.126834394124195
2795,14.842804148126119,Outgoing,56-65,48.296478154579965
2796,10.757856829045927,Incoming,46-55,32.73574481077837
2797,17.865639066206,Incoming,36-45,64.69058436848975
2798,6.070667540329444,Outgoing,36-45,83.10084442937463
2799,13.201851637737688,Outgoing,36-45,33.0465610156993
2800,16.50553669595871,Outgoing,56-65,22.058899537060533
2801,15.919172581612521,Incoming,36-45,50.400064396549276
2802,28.46516831990248,Outgoing,18-25,49.42688677929472
2803,16.749000122839536,Incoming,36-45,73.41865572240721
2804,9.979727015789948,Incoming,36-45,25.416100952429357
2805,14.522678764554636,Incoming,18-25,39.24089649951805
2806,6.118768332667742,Outgoing,56-65,7.04593521466294
2807,14.597001253516195,Incoming,26-35,77.49967272423646
2808,10.834719714996208,Outgoing,46-55,55.01089256646727
2809,19.57695137780081,Incoming,56-65,40.731341720384066
2810,12.252298627022325,Outgoing,36-45,23.554570428176472
2811,14.416170421023766,Outgoing,26-35,25.39047883645498
2812,11.822210792977984,Incoming,46-55,58.285337995827824
2813,23.694256759266658,Incoming,46-55,27.851499087985797
2814,13.393786169410442,Outgoing,46-55,52.08010846297139
2815,24.162785217396006,Outgoing,18-25,90.85889722270062
2816,19.070758810591332,Incoming,18-25,43.04824754110359
2817,17.41033363667693,Incoming,26-35,30.771111120512423
2818,16.8436657365876,Outgoing,36-45,57.640144109055264
2819,16.968986491081257,Outgoing,26-35,25.48416518436545
2820,5.361637103271949,Incoming,36-45,84.39969060658807
2821,13.605583029246217,Outgoing,56-65,78.0723933705667
2822,19.225789855921608,Incoming,46-55,46.716567620927115
2823,14.755514082629473,Incoming,46-55,32.054136371515604
2824,7.974050765982125,Incoming,18-25,41.48460254449279
2825,14.737977747112653,Incoming,56-65,44.08668775829143
2826,23.520527581277456,Outgoing,56-65,57.6713426341413
2827,21.234458577673596,Incoming,36-45,70.79264658602233
2828,14.689979953169841,Incoming,56-65,29.2697473848282
2829,19.757246385290433,Outgoing,18-25,70.21819130685489
2830,13.167464898159741,Outgoing,36-45,62.35371225622596
2831,6.480642065866405,Incoming,26-35,39.84421018386787
2832,10.377670059352228,Incoming,36-45,28.265762086459794
2833,22.81444384254099,Incoming,26-35,52.32465434585136
2834,13.630034590853478,Incoming,36-45,28.808230325958316
2835,13.78308010312491,Incoming,46-55,70.47361698325211
2836,13.500809018625597,Incoming,26-35,27.522344557355908
2837,24.520682947865033,Outgoing,18-25,60.95412386326288
2838,23.129794576810315,Outgoing,26-35,48.38767270369836
2839,26.09390116724067,Incoming,26-35,38.787502312495974
2840,14.204773947999744,Outgoing,36-45,47.94336987361418
2841,16.478122443735476,Outgoing,46-55,71.59966339268404
2842,7.416787252896045,Incoming,36-45,26.154851820124204
2843,22.384672130591373,Outgoing,36-45,41.75686889616367
2844,9.161102243660325,Outgoing,46-55,34.96512870625624
2845,16.083877818813146,Incoming,36-45,49.22765732902571
2846,9.513487361835779,Incoming,46-55,36.306382149746916
2847,12.05566586630652,Incoming,18-25,14.638375152267713
2848,10.813687844751499,Outgoing,46-55,28.897249061352753
2849,11.96062369662091,Incoming,56-65,82.75510037076224
2850,12.304386484255108,Outgoing,46-55,54.93456422572545
2851,12.258656025374615,Incoming,46-55,54.24724107616155
2852,19.166669558901535,Incoming,56-65,44.347752199827234
2853,9.4756860346874,Incoming,46-55,48.96749151781661
2854,16.102707135069334,Incoming,26-35,41.4037615433724
2855,21.089795761527792,Outgoing,36-45,60.538570620821304
2856,12.43401817743302,Outgoing,36-45,52.01617708518746
2857,11.410405546261991,Incoming,18-25,26.574635796827696
2858,13.847376874098746,Outgoing,18-25,55.074490062083854
2859,20.898626041803553,Incoming,56-65,0.8251615345689913
2860,15.970538154766789,Incoming,26-35,58.27718399355571
2861,12.343928526962006,Outgoing,18-25,21.812862863269572
2862,17.419383255940197,Outgoing,36-45,48.07889827659848
2863,9.488539250817883,Incoming,18-25,26.10744793607622
2864,18.40679755221474,Incoming,18-25,50.05646399066194
2865,17.043036538508836,Incoming,46-55,61.565570385524445
2866,13.46095764430558,Outgoing,18-25,80.0565417049916
2867,10.807071007763845,Incoming,56-65,19.17284689977043
2868,10.566595388582714,Incoming,36-45,69.50945911342271
2869,17.674086681729552,Incoming,56-65,52.62305410754943
2870,21.14490251244531,Incoming,56-65,40.98665694350752
2871,11.813461264856027,Incoming,26-35,65.19713010118919
2872,17.29193351775742,Incoming,46-55,45.28150297829586
2873,4.564864906989657,Outgoing,56-65,64.35061032801359
2874,12.076911346714002,Incoming,26-35,30.154605737440104
2875,14.84470533564549,Incoming,36-45,37.34005935407416
2876,10.451582915090832,Outgoing,36-45,68.87200105589199
2877,10.31746812605202,Outgoing,26-35,79.70801047140844
2878,11.661102217655568,Incoming,56-65,49.299362016943014
2879,16.460963641631867,Outgoing,56-65,0.0
2880,14.063354907968126,Incoming,46-55,46.019014347830904
2881,3.808843833375139,Outgoing,46-55,50.648522356448595
2882,4.396499236824669,Outgoing,36-45,45.344532466136556
2883,11.965674110714122,Incoming,46-55,56.72677123331062
2884,17.28843293026776,Outgoing,26-35,40.46180144805356
2885,1.2624757863738267,Incoming,36-45,66.77741721356054
2886,12.501349119241848,Outgoing,56-65,26.66573454537916
2887,12.368760717412894,Incoming,36-45,74.73697414708282
2888,21.94168889104224,Outgoing,18-25,81.00157647922185
2889,13.074890941435681,Incoming,36-45,31.73880523879385
2890,16.914944923704642,Incoming,46-55,31.728003487938746
2891,15.706285700437316,Incoming,26-35,58.21390627555056
2892,4.3471676009639975,Incoming,56-65,26.255591805142213
2893,18.841036083158688,Outgoing,56-65,40.1479425779536
2894,16.07698252728144,Incoming,46-55,72.0505391291203
2895,17.54134319837295,Outgoing,46-55,64.75213528953925
2896,34.63118853218163,Outgoing,46-55,89.60392683379179
2897,4.579435302507058,Incoming,18-25,53.415682952004154
2898,23.62348324880554,Incoming,26-35,37.78323995443629
2899,13.562762402998223,Outgoing,18-25,51.02487023306041
2900,16.436644522015047,Outgoing,46-55,46.98823321182731
2901,14.77243877349379,Outgoing,26-35,47.26885781593729
2902,12.878818333009782,Incoming,46-55,49.52392583808534
2903,12.150835358806207,Incoming,26-35,31.36466582307527
2904,16.647543677865045,Outgoing,56-65,55.644355099412856
2905,7.414131516641604,Outgoing,18-25,21.82673464482818
2906,18.75289583760883,Outgoing,46-55,35.663467841837715
2907,12.91902797557373,Incoming,46-55,47.62242473720365
2908,9.349653304798212,Outgoing,36-45,4.808933746888172
2909,12.749935710020932,Outgoing,56-65,65.37983072689835
2910,21.285746084312862,Outgoing,46-55,8.936909803049893
2911,12.323324564918885,Outgoing,18-25,63.39175381796356
2912,16.7922680910481,Incoming,56-65,24.143814201436754
2913,11.345218621422633,Outgoing,46-55,41.90162618593001
2914,18.7896092496181,Incoming,18-25,60.382612938988586
2915,18.42753869395102,Incoming,36-45,93.96279038958966
2916,24.243044166482058,Outgoing,36-45,52.32903955414699
2917,14.122180272503922,Incoming,18-25,10.347473436009842
2918,18.343274023789533,Outgoing,56-65,69.07390265271547
2919,15.490337697694724,Outgoing,18-25,45.36163190281964
2920,21.47935890931507,Outgoing,18-25,51.39813308917647
2921,11.405838061956349,Outgoing,36-45,61.157260597752284
2922,18.725026564386404,Outgoing,36-45,5.492440861885719
2923,14.026513519416591,Incoming,36-45,50.13073695470391
2924,14.67905911445751,Incoming,46-55,41.80612220094609
2925,15.458762422241865,Outgoing,46-55,74.43669812011038
2926,16.261201982133386,Incoming,26-35,64.54227526677485
2927,14.41885478439021,Outgoing,46-55,17.45996154436905
2928,16.073565915852633,Incoming,56-65,75.25251704698097
2929,22.890590287810923,Incoming,56-65,58.99050176320422
2930,19.92724842807609,Outgoing,36-45,19.055168050935634
2931,19.34577296248448,Incoming,18-25,51.11506206985546
2932,12.722302369880646,Incoming,36-45,70.69652227711711
2933,10.55379585885838,Incoming,18-25,25.71912254853212
2934,19.776502791188765,Outgoing,36-45,77.55154671690835
2935,19.380233962648973,Incoming,36-45,19.747424517449485
2936,22.36335337875491,Incoming,56-65,34.17545646706031
2937,11.980096870153853,Incoming,18-25,31.14258329220616
2938,13.852256723198265,Incoming,26-35,77.53867463177323
2939,6.80257918737283,Incoming,26-35,40.17967726901606
2940,13.037644469695636,Incoming,36-45,26.743659946780042
2941,19.982852552897235,Incoming,36-45,58.904217578281234
2942,12.667523103859011,Incoming,56-65,63.22361981185438
2943,18.20239897600412,Incoming,18-25,63.35072189588263
2944,14.047484470010943,Outgoing,36-45,44.57321669547981
2945,16.620285141107804,Incoming,26-35,55.09068602073896
2946,9.261543050921663,Incoming,18-25,36.995338275414284
2947,15.426047248169505,Incoming,36-45,83.4960335587146
2948,0.044320145496383745,Incoming,18-25,72.88410317315864
2949,14.065519209190075,Incoming,56-65,71.65913658081351
2950,6.8476337814243,Outgoing,26-35,65.88231869147091
2951,21.029972582734082,Outgoing,18-25,60.39466611990003
2952,18.887036763822557,Outgoing,26-35,25.11275031700424
2953,17.333354909830405,Outgoing,36-45,62.66602472511297
2954,22.6050311357969,Incoming,46-55,52.285304601266404
2955,10.255417395875813,Incoming,18-25,75.26728169901838
2956,23.736815989577792,Incoming,26-35,66.14838364764856
2957,19.660957821301924,Outgoing,18-25,61.00760940306043
2958,13.81722356390527,Outgoing,36-45,16.31550404939688
2959,20.67810073591472,Outgoing,36-45,48.219989267830584
2960,9.468532437941828,Outgoing,26-35,38.842154801926874
2961,10.877429192361632,Incoming,56-65,55.04731848366147
2962,11.957051383801499,Incoming,18-25,41.689034571147126
2963,12.355111459679923,Outgoing,18-25,44.48108447813388
2964,9.717211786198735,Incoming,36-45,59.18067809813408
2965,21.115415335476627,Outgoing,18-25,41.35723772862448
2966,13.705727998150842,Outgoing,26-35,52.43183079148025
2967,16.762524841784398,Outgoing,46-55,19.61176218251387
2968,12.148243167931597,Outgoing,36-45,33.351970464798825
2969,5.896983497257414,Incoming,46-55,63.12087134405921
2970,16.35028679195711,Incoming,18-25,25.39615766607051
2971,5.438725122901115,Outgoing,56-65,74.91450155205995
2972,14.656829769572656,Outgoing,26-35,69.48798710602642
2973,8.158424805835947,Incoming,18-25,44.63540129320427
2974,24.936379996154038,Incoming,26-35,109.97468211004929
2975,19.556813610873608,Outgoing,18-25,74.86207155696587
2976,15.528768956357402,Outgoing,18-25,31.0144098658853
2977,21.318533388273345,Outgoing,18-25,64.92348107400096
2978,10.768420112671322,Outgoing,36-45,51.31726132639515
2979,17.717396893350465,Outgoing,46-55,34.46575818281178
2980,15.999052168593568,Incoming,56-65,28.601817136675823
2981,16.32010040666835,Incoming,46-55,69.89786669776758
2982,21.361767500533837,Outgoing,46-55,38.04109070751733
2983,18.66246051389901,Outgoing,26-35,47.96247289925896
2984,16.443618314125118,Outgoing,36-45,31.579481435469432
2985,6.725562818858519,Outgoing,36-45,35.03684125402818
2986,10.199768523602682,Incoming,18-25,47.46141599857056
2987,14.386455332021379,Incoming,46-55,57.76364585448303
2988,15.466861871383257,Outgoing,56-65,0.0
2989,9.34898137663038,Incoming,26-35,50.338395983335005
2990,27.058383377892106,Outgoing,36-45,35.077579748299286
2991,22.581970276267864,Outgoing,18-25,78.0472530690045
2992,18.010591601962417,Incoming,56-65,108.85505292010873
2993,15.360184306418724,Outgoing,46-55,42.81441930092569
2994,13.938955150494241,Incoming,56-65,15.555428785736112
2995,10.240407699888822,Outgoing,36-45,52.33753939837133
2996,15.387402592594313,Outgoing,26-35,45.891413410135904
2997,16.288762700713754,Outgoing,46-55,89.42701298002581
2998,8.791197122591878,Outgoing,26-35,83.33178686751086
2999,16.670882086224488,Incoming,56-65,67.30749941193129
3000,14.223704755876255,Outgoing,56-65,38.266118375746835
3001,5.4609622106130455,Incoming,18-25,63.55533132361607
3002,10.69807494610249,Incoming,46-55,55.30012718136608
3003,12.931972332891778,Outgoing,56-65,54.826464065987814
3004,24.43843828670095,Incoming,36-45,18.835403028642595
3005,17.78276562266879,Outgoing,36-45,71.23590676907293
3006,8.322592154500544,Incoming,26-35,52.156166566224705
3007,17.430181447088184,Incoming,36-45,47.9831730491085
3008,7.263480055308173,Outgoing,56-65,37.996870099823454
3009,20.413455269435367,Outgoing,36-45,34.12767000693245
3010,12.644376740910607,Incoming,46-55,56.34517162557964
3011,14.531819056304146,Outgoing,26-35,15.016743962838362
3012,21.62898323771095,Outgoing,46-55,65.78997519300086
3013,8.56418215707875,Incoming,56-65,28.91789126008629
3014,8.014409074435044,Incoming,56-65,8.826386275894158
3015,12.082003368269977,Outgoing,36-45,86.43790631852042
3016,20.191894255096585,Incoming,18-25,32.83825901308843
3017,7.403269622615788,Outgoing,18-25,35.55681676956608
3018,0.8392220094471554,Outgoing,56-65,72.6907666201615
3019,12.744205707955006,Incoming,56-65,87.08861801033282
3020,17.7587039995546,Outgoing,26-35,19.339968427931396
3021,21.001308748694147,Incoming,56-65,30.87663879498661
3022,12.684193189573005,Outgoing,56-65,32.34642355678807
3023,12.942866964419988,Outgoing,26-35,68.69603325391309
3024,20.769503671278734,Outgoing,46-55,82.78264255859067
3025,5.651291501522897,Incoming,46-55,28.39494876843842
3026,13.057396124084953,Incoming,26-35,78.29490675936441
3027,15.95211944962529,Outgoing,26-35,35.81931776942596
3028,17.24609360642517,Incoming,46-55,56.72245805891144
3029,12.450966534045588,Incoming,46-55,24.570926011443646
3030,15.172205058529206,Outgoing,46-55,47.56139172836004
3031,2.5583632329350525,Incoming,46-55,47.777745718545674
3032,11.70875793833076,Incoming,36-45,43.69683387369453
3033,17.26754356277234,Incoming,26-35,57.69941962639394
3034,10.088529828726603,Outgoing,18-25,29.859382702949482
3035,15.294921107947987,Outgoing,36-45,32.325534036263164
3036,17.23436250401349,Incoming,18-25,58.75744289898711
3037,13.287253995711175,Outgoing,18-25,76.84070661951458
3038,15.852318854982855,Incoming,56-65,49.54372611904154
3039,10.186337173576938,Outgoing,26-35,60.07341546924345
3040,13.966943601519766,Incoming,36-45,65.1616002059468
3041,18.051080847946114,Outgoing,26-35,66.61010377266983
3042,15.78486480484217,Incoming,46-55,30.92950548326723
3043,12.067343652180323,Outgoing,26-35,34.45979539590192
3044,16.121082021453965,Incoming,18-25,36.1985081211293
3045,18.57304895318309,Outgoing,46-55,88.57267601787929
3046,4.75029360711261,Outgoing,26-35,60.16385878343808
3047,20.79537032477949,Outgoing,26-35,59.266314407700335
3048,13.318726306594641,Incoming,18-25,57.32471506367477
3049,17.12744966620115,Incoming,46-55,23.58413192761002
3050,20.98623461822614,Incoming,18-25,88.76380941554078
3051,8.14163151384767,Outgoing,26-35,59.58375061573921
3052,11.452794987862267,Incoming,36-45,64.46320225309906
3053,13.557256520621475,Outgoing,36-45,14.689574221683955
3054,11.081232394377858,Outgoing,56-65,65.59287704723036
3055,23.67468287918404,Outgoing,36-45,42.87575099744746
3056,10.716139530866037,Incoming,46-55,23.544340505475255
3057,12.222266102565667,Outgoing,56-65,30.924726682564053
3058,16.021945158014884,Incoming,46-55,24.702115830932673
3059,8.989252369619557,Incoming,36-45,24.364316097707793
3060,13.02159644121868,Outgoing,36-45,51.2109564072842
3061,16.587266306250875,Incoming,26-35,42.26474422536698
3062,13.335697978087444,Outgoing,46-55,56.681387243227746
3063,14.533065705500258,Outgoing,18-25,83.51951742136009
3064,12.353339437758146,Incoming,26-35,47.40992572745325
3065,7.427648454096165,Outgoing,46-55,5.102214120831462
3066,16.607966056696192,Outgoing,56-65,45.16083576904367
3067,23.774665358236206,Outgoing,46-55,73.86788872795744
3068,15.09200815391719,Incoming,56-65,48.281210550063406
3069,16.126320586237746,Incoming,56-65,80.58661307383403
3070,18.463613775584296,Incoming,36-45,59.05883186275638
3071,8.653347517266504,Outgoing,18-25,13.234605312052217
3072,23.512573290648028,Outgoing,46-55,52.19164500876717
3073,16.01164398211401,Incoming,18-25,55.940025885294574
3074,23.159284495445544,Incoming,56-65,71.60711602547288
3075,11.334835022380053,Incoming,36-45,86.39273143223136
3076,24.090309612789124,Incoming,18-25,68.15451039417398
3077,18.875777470173915,Incoming,26-35,58.80959594774434
3078,17.765200429261792,Outgoing,56-65,63.52376543156693
3079,16.17012227176574,Incoming,26-35,46.63986387100865
3080,13.757356909627752,Outgoing,18-25,20.742443263851413
3081,21.00265829236936,Outgoing,18-25,50.82992172445721
3082,15.701799349240234,Outgoing,18-25,57.305806549178115
3083,5.164651482064238,Outgoing,46-55,25.92684748176154
3084,9.414067691464988,Incoming,56-65,76.53243278999884
3085,14.070771239036263,Outgoing,56-65,70.10822030964863
3086,16.549994915827774,Incoming,56-65,22.564771694242616
3087,14.71705755550052,Outgoing,46-55,77.3166457757975
3088,21.094853948968314,Incoming,18-25,43.83371261580305
3089,5.244490679806876,Incoming,18-25,34.43016869763303
3090,15.7179396825258,Outgoing,26-35,71.58555385493052
3091,5.910103873064227,Incoming,46-55,48.978911744798836
3092,18.79856147742084,Outgoing,36-45,87.98370641673739
3093,14.527706427789987,Incoming,46-55,32.94223912226498
3094,17.09804986012059,Outgoing,26-35,15.366849520546907
3095,10.680585197051169,Outgoing,26-35,44.39123437667717
3096,21.397324658288756,Incoming,26-35,65.78444998120946
3097,20.208623320294258,Incoming,18-25,31.457140289289136
3098,17.917721515059437,Outgoing,36-45,23.397992344002418
3099,14.352413765682796,Outgoing,26-35,54.578548054055084
3100,17.899286426475662,Incoming,56-65,20.72625579664967
3101,11.465537160063256,Outgoing,18-25,56.13385399226827
3102,19.27777829510356,Outgoing,36-45,43.18753897543646
3103,23.247404471619603,Outgoing,56-65,59.889329767047464
3104,20.35305279989593,Incoming,36-45,22.323423921507963
3105,11.351987650962952,Outgoing,36-45,75.96326302887807
3106,16.807086586365514,Outgoing,56-65,46.3393103001262
3107,8.534292281206762,Incoming,46-55,65.27045335809646
3108,17.861951555878377,Outgoing,36-45,69.19750922569779
3109,17.253017064312694,Outgoing,46-55,26.851100952680884
3110,5.65091830233918,Outgoing,36-45,67.64515019216152
3111,9.191080780438181,Outgoing,56-65,21.498664497113488
3112,13.584305516281164,Incoming,36-45,22.597245144802145
3113,13.49570126429587,Outgoing,26-35,89.27998471976869
3114,8.952615322905974,Outgoing,26-35,72.2370673759325
3115,16.944893646760917,Outgoing,36-45,91.47328350867511
3116,16.25736804470256,Outgoing,56-65,42.59571938784179
3117,14.028654340107403,Outgoing,56-65,52.048573281560174
3118,11.221042499208185,Incoming,18-25,60.54709493504727
3119,20.243535632082818,Incoming,56-65,49.75608866812211
3120,23.277035565441476,Outgoing,46-55,35.077279586081914
3121,12.582192580767314,Outgoing,36-45,32.07830604239902
3122,11.939165414225897,Incoming,26-35,54.27724465657899
3123,17.456038327059982,Incoming,56-65,28.6628031667539
3124,13.209853101265068,Incoming,26-35,28.10273015266295
3125,14.303013996683829,Outgoing,18-25,57.87144022309185
3126,18.698265758623357,Outgoing,36-45,48.096812970287694
3127,5.453219562463536,Outgoing,56-65,68.7441254116337
3128,21.591511624263347,Outgoing,26-35,41.50177179834316
3129,15.363402621646706,Outgoing,56-65,38.37488100048929
3130,12.942534277189099,Outgoing,18-25,58.471067920709416
3131,14.553829228892756,Incoming,26-35,33.75950250892346
3132,14.812146775102594,Incoming,26-35,36.837445488866294
3133,6.343993482775373,Outgoing,36-45,37.6309121924117
3134,22.47469113726618,Outgoing,36-45,45.80595787408894
3135,15.206628161353093,Outgoing,26-35,85.44873086591805
3136,17.215010652236877,Incoming,36-45,22.464223500856857
3137,19.757748852870215,Incoming,26-35,75.91015164234918
3138,9.894187712198498,Incoming,46-55,64.75573512579834
3139,17.367359495176142,Incoming,56-65,81.33957694739985
3140,13.661794545506032,Outgoing,46-55,112.73372096644546
3141,19.23385387608247,Incoming,46-55,78.62906041575711
3142,4.363862898242523,Incoming,56-65,68.51333895815722
3143,14.504528498793656,Outgoing,26-35,23.75007296749965
3144,11.985896721080191,Outgoing,26-35,26.275554769779145
3145,17.161314753170778,Outgoing,36-45,57.20380368730443
3146,17.350220936841012,Incoming,18-25,16.038477041608708
3147,11.46187052588987,Outgoing,26-35,62.308785025824385
3148,11.439130679119781,Incoming,56-65,7.301562184779769
3149,14.446673157213352,Incoming,18-25,73.0446677112923
3150,10.516788863423958,Incoming,56-65,43.56599376132803
3151,19.209918477260636,Incoming,56-65,52.53193890940378
3152,13.15396399776277,Outgoing,56-65,35.032554071590354
3153,0.46505890339179246,Outgoing,18-25,12.029471795548552
3154,13.125889716890969,Incoming,46-55,74.69390558388524
3155,9.807280895780139,Outgoing,56-65,76.71402789909428
3156,6.843620922695273,Incoming,36-45,42.97024469592604
3157,8.812866808887136,Incoming,26-35,63.238591294680155
3158,15.54704235916485,Outgoing,26-35,42.18217159579192
3159,21.643204141241156,Outgoing,26-35,55.76979688532493
3160,16.565922369324902,Incoming,18-25,65.1827839784022
3161,11.967483058921301,Outgoing,36-45,61.10169849147747
3162,17.279520975853515,Incoming,36-45,76.8193922681869
3163,12.70454844890504,Outgoing,36-45,60.377613514106706
3164,11.526998154184277,Incoming,36-45,50.561692340771906
3165,9.228186658835078,Incoming,36-45,34.77162064245156
3166,6.240855966241405,Outgoing,46-55,40.429892393521584
3167,13.050381467202774,Outgoing,36-45,66.20102793450033
3168,15.790267449600659,Incoming,36-45,19.96346962171763
3169,14.516881649925551,Outgoing,18-25,72.11614606825593
3170,12.920165360263207,Outgoing,18-25,44.377125479709335
3171,10.271269696516095,Incoming,36-45,33.6278819118422
3172,18.041230958424844,Incoming,46-55,28.025516464370654
3173,8.414340400267076,Outgoing,36-45,63.48735571296774
3174,18.880139569217377,Outgoing,36-45,49.70717292393363
3175,9.988914905366375,Incoming,36-45,81.7753044645964
3176,11.237823813234826,Incoming,56-65,24.73848698948158
3177,7.666074046921615,Incoming,46-55,38.43672753876274
3178,12.492989265571817,Incoming,26-35,48.15557683745173
3179,19.876562292389895,Incoming,36-45,34.96286512060132
3180,17.578140442219784,Incoming,26-35,50.12237328283606
3181,19.892110560140175,Incoming,46-55,56.390015328310376
3182,17.61071272966968,Incoming,36-45,59.6896847825948
3183,9.481650857348153,Outgoing,26-35,80.12334261768922
3184,13.346053878362213,Outgoing,26-35,23.930551424368392
3185,11.099004354412687,Outgoing,46-55,56.755206398706214
3186,21.6528745201952,Incoming,36-45,37.06114360823667
3187,9.016056767868442,Outgoing,56-65,58.600267600471696
3188,19.468488446945553,Incoming,46-55,58.62664372706094
3189,19.464769350543847,Outgoing,56-65,30.261612335353373
3190,24.148101008580436,Incoming,36-45,31.97695314731825
3191,12.951567036852513,Incoming,26-35,60.2328612693915
3192,18.561610797900812,Outgoing,46-55,50.46809021488261
3193,26.408259182694213,Incoming,46-55,45.607563185367916
3194,11.911791615331516,Outgoing,46-55,63.15973659549947
3195,7.324798762338202,Outgoing,18-25,64.63436951724263
3196,5.599949830461181,Outgoing,36-45,39.407397745965945
3197,18.563560144306656,Outgoing,18-25,32.958937247150004
3198,5.584248959707081,Outgoing,46-55,24.761620463247162
3199,13.138404735310386,Outgoing,46-55,50.6690824040297
3200,17.186565935194803,Outgoing,56-65,21.536794457028705
3201,15.92587768414957,Outgoing,18-25,51.98856916458068
3202,17.12722432092086,Outgoing,26-35,74.33673582848878
3203,16.11144927900427,Incoming,36-45,42.93080459427431
3204,21.394329066566968,Incoming,26-35,39.27591438919673
3205,10.238418096306015,Outgoing,26-35,89.9568954725429
3206,11.615024307707344,Incoming,36-45,80.19403638375292
3207,11.13670277364588,Incoming,46-55,34.708042588891715
3208,19.150959059313053,Outgoing,56-65,52.7802636211795
3209,19.501992941975317,Outgoing,46-55,56.57356484696165
3210,17.25612659659254,Incoming,46-55,54.07320845452357
3211,20.917468334449637,Outgoing,18-25,86.29346895425576
3212,9.109795663118096,Outgoing,26-35,51.74459784838841
3213,23.336120557755685,Outgoing,26-35,54.744697512620334
3214,22.61619310856129,Incoming,26-35,63.773245902928316
3215,18.678109986228733,Outgoing,56-65,73.79839432095335
3216,23.9089945438553,Incoming,56-65,68.73798388608212
3217,6.716883961611131,Outgoing,56-65,60.76169572623279
3218,12.37775931868674,Outgoing,36-45,18.826003892121832
3219,11.323482696590238,Incoming,56-65,40.23724551883148
3220,18.607396618786716,Outgoing,18-25,66.38842414410541
3221,9.749296301989272,Incoming,18-25,55.00797394558611
3222,18.787475746687427,Incoming,46-55,66.52257267645903
3223,21.852680719983567,Outgoing,46-55,87.74332123342495
3224,18.476014500419996,Outgoing,46-55,26.46073589881351
3225,16.418755118307505,Incoming,46-55,72.75820349609168
3226,10.060633295496254,Incoming,18-25,43.39273075012738
3227,10.765745169373176,Outgoing,46-55,68.70699638549465
3228,21.248094526483335,Outgoing,18-25,49.17558513263765
3229,18.896745019526662,Outgoing,56-65,92.54009077785992
3230,14.80490240311228,Outgoing,56-65,52.60173872523476
3231,12.910452271170547,Outgoing,36-45,37.18971551288039
3232,4.870960634443115,Incoming,46-55,58.397492455835355
3233,9.645737906577807,Incoming,56-65,56.4788556143654
3234,24.557095435698617,Incoming,56-65,72.76194188220896
3235,8.597722144987667,Incoming,26-35,58.96105597209851
3236,15.947399106105403,Outgoing,26-35,99.50129278338606
3237,20.03721986597599,Incoming,18-25,47.77191729195455
3238,8.725386659988537,Outgoing,36-45,48.00760100439052
3239,15.923552373905416,Outgoing,26-35,37.922278998938914
3240,19.689577687553275,Outgoing,36-45,51.71336676708354
3241,15.062496609536252,Outgoing,56-65,54.621182421659086
3242,29.34201527833384,Outgoing,18-25,55.62421059911755
3243,6.657003705609023,Incoming,36-45,51.34375350987998
3244,20.293642649419397,Outgoing,26-35,37.80357566545403
3245,14.135991313017678,Outgoing,56-65,32.3666974383529
3246,18.859600774183377,Outgoing,46-55,42.49652550328887
3247,17.20653575849623,Incoming,56-65,72.83075320470226
3248,11.334219014450017,Outgoing,26-35,77.13599370982959
3249,16.1449819622967,Outgoing,26-35,48.4607092711913
3250,5.7104927430085635,Outgoing,46-55,31.168340670651506
3251,18.016237502856967,Incoming,56-65,48.37652779366418
3252,16.49079232995263,Outgoing,36-45,91.83330870540159
3253,18.19330084321551,Incoming,36-45,69.97935670633241
3254,20.290591625435752,Incoming,56-65,61.01485383065095
3255,16.838099201048554,Outgoing,36-45,69.25369834105139
3256,15.740447098991382,Incoming,56-65,80.81133222682625
3257,10.59465831669354,Incoming,56-65,26.942675969057607
3258,11.438896181754746,Outgoing,26-35,42.15920262605754
3259,20.933673100886654,Outgoing,18-25,39.42556734326369
3260,22.181677028529894,Outgoing,26-35,61.74228794141967
3261,13.809447818439729,Outgoing,36-45,53.20221781279194
3262,15.23001373626637,Incoming,18-25,65.12622581378815
3263,10.476928125031169,Incoming,56-65,39.86225300265555
3264,20.863784226337224,Outgoing,36-45,77.43904101358312
3265,18.32708411845889,Outgoing,46-55,48.61332583701397
3266,24.706087182318747,Outgoing,36-45,63.89091103916366
3267,10.608384614101306,Incoming,18-25,73.90812997845879
3268,13.109960504908914,Outgoing,18-25,72.30248630989936
3269,16.157229612627862,Incoming,56-65,57.216568168035934
3270,18.232447688628852,Incoming,46-55,66.38693812765091
3271,13.921661812261839,Incoming,56-65,84.83321327944574
3272,10.635194547731498,Incoming,46-55,60.27202467949392
3273,19.407037644617855,Outgoing,46-55,35.4070719587684
3274,18.605676812727907,Outgoing,56-65,61.6610146192777
3275,10.418629497181374,Outgoing,36-45,49.25437563960819
3276,21.77721400552748,Incoming,26-35,3.0399773119131197
3277,20.85099354598302,Incoming,46-55,59.23996047406185
3278,15.671482486238965,Outgoing,18-25,52.33301300031214
3279,15.397989311880181,Incoming,56-65,73.12835542994877
3280,17.770288855579537,Incoming,36-45,34.998126850233874
3281,10.69148464871871,Incoming,46-55,19.88580675241385
3282,15.150157395820411,Outgoing,36-45,53.37361718821019
3283,4.238082276954099,Outgoing,56-65,57.60354775210892
3284,19.38227822751468,Outgoing,18-25,51.87665890771138
3285,7.192533887790703,Incoming,46-55,50.41417367370807
3286,22.517099142144996,Outgoing,46-55,28.62546091587347
3287,13.349399530167748,Outgoing,36-45,47.22165726050154
3288,13.941665090344115,Outgoing,56-65,43.0318834099117
3289,11.86133046957747,Incoming,26-35,71.45417481534881
3290,13.559805630389619,Incoming,46-55,57.58650728061228
3291,22.092656725740184,Incoming,18-25,44.4400575650961
3292,2.5609567173246024,Incoming,46-55,84.47769752845531
3293,21.384826930440937,Incoming,46-55,44.62184647569981
3294,16.69011740550854,Outgoing,26-35,61.155734477723264
3295,8.964891760713922,Outgoing,26-35,46.66157332821435
3296,9.62343803475381,Incoming,56-65,82.62305030056008
3297,23.381965136041018,Incoming,46-55,51.73719551627222
3298,10.272465600286344,Outgoing,46-55,52.328284557813475
3299,9.233247447020203,Incoming,36-45,47.20259282454573
3300,20.686572711823647,Incoming,36-45,53.9302385200243
3301,16.692764381429573,Incoming,18-25,73.99075677295818
3302,10.310372117318007,Incoming,18-25,66.91687689369375
3303,16.083124877023096,Incoming,36-45,50.56152362232342
3304,9.871236581798613,Outgoing,18-25,84.02650212913308
3305,20.504106992113027,Outgoing,46-55,67.45971282685139
3306,20.30685482436567,Incoming,26-35,41.23637761605302
3307,17.660030994109714,Incoming,46-55,22.39303292532124
3308,16.808305306235084,Outgoing,36-45,41.699723964068596
3309,23.80594062433687,Incoming,56-65,58.266975571005055
3310,14.998431636941126,Outgoing,56-65,61.94400741262854
3311,9.090629372895993,Incoming,36-45,77.18275366604038
3312,17.247369564161534,Outgoing,46-55,28.10908049762
3313,25.43023524768557,Outgoing,18-25,41.21689332106379
3314,9.92620253407074,Incoming,18-25,26.44714660250974
3315,13.192686166530072,Incoming,56-65,23.22401576841109
3316,17.082230190507264,Outgoing,36-45,37.44362508093363
3317,14.730475754971303,Incoming,36-45,57.33224488588042
3318,10.088482098113428,Outgoing,26-35,65.42788869780632
3319,20.609289281152353,Incoming,56-65,31.032917867566507
3320,26.600203610086297,Incoming,36-45,33.81448161225521
3321,15.980657295119537,Incoming,26-35,14.40353649353132
3322,10.479658551319998,Outgoing,18-25,54.28704416553991
3323,7.255197374732624,Outgoing,56-65,35.357221960585235
3324,16.289879906105906,Incoming,56-65,83.26062756423696
3325,20.519386716581288,Outgoing,36-45,58.1961759929919
3326,17.375838732476907,Incoming,36-45,46.571085130864496
3327,14.987980795405731,Outgoing,46-55,37.17775144911095
3328,12.053641741053468,Incoming,18-25,20.106595596115415
3329,9.53918183640955,Outgoing,18-25,22.642564461091382
3330,19.17375663162441,Outgoing,26-35,37.5571809085573
3331,19.568858106927927,Outgoing,26-35,36.02194235951391
3332,7.271351066546334,Outgoing,46-55,30.016563143080113
3333,22.94919489090342,Outgoing,18-25,57.54189454884689
3334,17.870356104470005,Outgoing,26-35,60.285311848297184
3335,21.997973225728966,Incoming,18-25,40.82735205396544
3336,8.289361257574424,Incoming,18-25,88.70304536530634
3337,8.170879222922807,Outgoing,26-35,15.06541266967816
3338,14.255153451163515,Incoming,36-45,51.16327797944526
3339,17.51392213447597,Outgoing,36-45,45.628395918241495
3340,23.98180411463482,Incoming,26-35,38.985982360654866
3341,18.530394569075657,Incoming,46-55,36.04674307973881
3342,13.786593615939832,Incoming,56-65,49.86080234175284
3343,9.86815396167054,Incoming,18-25,45.48944345356543
3344,21.150002863595752,Outgoing,56-65,42.16246945774881
3345,10.176472871246425,Incoming,26-35,24.025607300212506
3346,23.142342773861607,Incoming,18-25,17.637763643790024
3347,13.578076751967453,Incoming,56-65,44.229670496088694
3348,22.952910363089252,Outgoing,36-45,41.95807791006939
3349,18.39465645029639,Incoming,46-55,46.05926279446345
3350,14.315022552787708,Outgoing,56-65,47.82756404220982
3351,12.403018140869367,Outgoing,46-55,39.54995316234364
3352,13.2954606132696,Incoming,36-45,45.75185152363589
3353,17.141583461876188,Outgoing,56-65,32.92943383793011
3354,15.385782481088583,Incoming,26-35,80.47891618326567
3355,12.030942959656475,Incoming,18-25,34.00519703700063
3356,14.17184294841184,Incoming,36-45,42.58038581069319
3357,15.392885148595749,Incoming,46-55,35.52422421772239
3358,4.35632952792594,Incoming,46-55,35.18836919590194
3359,17.290840573943495,Incoming,36-45,50.49283133275893
3360,10.101393876415965,Incoming,26-35,47.95531580233976
3361,9.233337983971275,Outgoing,26-35,40.810792192495796
3362,6.563278264446449,Outgoing,46-55,44.330480168913766
3363,6.030537510660549,Incoming,36-45,35.60372898013459
3364,8.222762484438555,Incoming,36-45,58.034512754523206
3365,11.454895211847548,Outgoing,18-25,91.10385485181428
3366,24.76629568763284,Incoming,46-55,32.50317445533563
3367,12.370601620523981,Outgoing,26-35,57.87926447469209
3368,15.888750531340158,Outgoing,56-65,50.898979140414205
3369,17.002406932531642,Incoming,26-35,63.37259516265179
3370,15.655325931079243,Incoming,26-35,63.93585920992143
3371,14.612782696370031,Outgoing,56-65,54.10825394437321
3372,9.023531182003776,Outgoing,46-55,49.203588477698005
3373,22.25463774139606,Incoming,18-25,41.31099600703107
3374,24.035983218189426,Incoming,26-35,34.70079293782729
3375,6.586706529386571,Outgoing,26-35,48.063086780964305
3376,9.879857045568102,Outgoing,46-55,24.308223371646392
3377,13.600948288114969,Outgoing,46-55,38.12288019765063
3378,10.177311025449043,Incoming,36-45,72.13707248945137
3379,17.529827767279325,Incoming,46-55,51.970244421593826
3380,11.358638987966934,Incoming,46-55,67.853288378711
3381,25.825280339033014,Outgoing,26-35,79.39287773316849
3382,20.95274297171798,Outgoing,18-25,46.459410881703654
3383,16.062870153161075,Incoming,26-35,54.14651668387283
3384,20.13493131659866,Outgoing,46-55,43.96308211694489
3385,20.529502121786543,Outgoing,36-45,33.74788479048787
3386,12.180262559708783,Outgoing,18-25,30.940634813351906
3387,10.918913777290175,Outgoing,36-45,66.86300745192983
3388,15.390715314848237,Outgoing,56-65,54.17254560971296
3389,19.308180622489722,Incoming,36-45,86.93206144162106
3390,15.695301993267089,Incoming,36-45,69.44104025847781
3391,7.115017589045014,Incoming,46-55,35.37574020927264
3392,10.985877780245788,Incoming,46-55,66.80684360453543
3393,14.63013568202811,Incoming,46-55,43.898489217954896
3394,14.621671978370848,Outgoing,46-55,74.33719418258002
3395,24.862710883949042,Outgoing,46-55,40.27332245513959
3396,8.07006028800501,Outgoing,36-45,28.95148079514655
3397,17.527946209179373,Incoming,56-65,34.08489845877181
3398,22.44556554164145,Outgoing,46-55,35.10670195170172
3399,26.35724872711398,Outgoing,56-65,33.19496470762672
3400,12.978012884080194,Outgoing,56-65,38.547834487897866
3401,17.457147263600998,Incoming,26-35,67.13383740650475
3402,17.848801785993235,Outgoing,26-35,85.92088416532368
3403,15.977408657766453,Outgoing,18-25,23.396209688929925
3404,14.50577399380347,Incoming,26-35,75.27026085666299
3405,17.17987694750023,Incoming,46-55,40.44592568051142
3406,2.3387695739015726,Outgoing,56-65,56.95765062404468
3407,18.410347450313157,Incoming,18-25,16.917079388534056
3408,15.630889518309836,Outgoing,26-35,60.480700346897116
3409,13.887625516108674,Incoming,36-45,9.893752063678747
3410,25.23431097859779,Outgoing,18-25,56.27870144620331
3411,11.625329906047238,Outgoing,46-55,55.14512094058673
3412,12.984620054674846,Incoming,56-65,53.82015268590935
3413,24.95776651102367,Incoming,46-55,35.30179698734141
3414,10.839693475750718,Incoming,46-55,60.990533488592874
3415,12.249423585317306,Incoming,36-45,57.821630188334346
3416,14.26487288284575,Outgoing,36-45,45.800944327177604
3417,19.203672410647748,Incoming,56-65,63.43700614350388
3418,16.039012536766567,Outgoing,26-35,48.0879170686899
3419,8.536873264238686,Outgoing,46-55,60.57554317817524
3420,12.339157184364051,Outgoing,26-35,47.482413452118195
3421,11.963227833938943,Incoming,56-65,54.33403982219081
3422,14.613894773884772,Outgoing,46-55,61.49445882150524
3423,17.129218293149144,Outgoing,26-35,42.0417485276393
3424,17.09102877943986,Incoming,46-55,25.323268274916092
3425,6.119941229757989,Outgoing,36-45,55.52158011096309
3426,20.319704937804282,Outgoing,36-45,73.78782757225859
3427,16.262844229983116,Outgoing,18-25,55.98301945914892
3428,21.92266023796953,Incoming,56-65,56.362846293927454
3429,17.22099163645336,Outgoing,26-35,49.15647787006719
3430,20.50661478867881,Outgoing,46-55,64.78237305546402
3431,17.332726557250634,Outgoing,18-25,46.281291677241256
3432,21.73112878101374,Incoming,56-65,40.92202437746276
3433,17.611253180088895,Incoming,56-65,72.10596505749731
3434,14.510423767785479,Incoming,56-65,39.38923363414636
3435,26.362173602234407,Outgoing,26-35,67.78941892903498
3436,19.44518561139946,Outgoing,36-45,72.11870923915419
3437,17.868722105022066,Outgoing,18-25,61.33633864124121
3438,8.61847791730832,Outgoing,26-35,25.01528960854735
3439,8.558461912682311,Outgoing,46-55,50.54309818444995
3440,16.463577410709267,Incoming,26-35,45.96000005882765
3441,15.727605988841203,Outgoing,46-55,40.080014893293736
3442,11.92938717495842,Outgoing,46-55,52.85503174692855
3443,15.7049134980603,Incoming,56-65,65.38412694995097
3444,22.943134640217977,Incoming,26-35,40.828946797376034
3445,18.477012372751492,Outgoing,36-45,46.572346514526515
3446,9.294957451236309,Incoming,46-55,45.178821323360246
3447,14.442455864285282,Incoming,56-65,73.27742091088624
3448,10.975167595737195,Incoming,36-45,44.85798764378827
3449,13.061500417957195,Outgoing,26-35,25.31188684476509
3450,12.931921671851786,Incoming,36-45,18.53130322018972
3451,12.611772086979974,Outgoing,26-35,57.254591331319396
3452,8.724323140133025,Incoming,46-55,34.786365202281964
3453,14.361726592409049,Outgoing,18-25,63.37449010544957
3454,12.19696181576345,Outgoing,18-25,23.375600229857373
3455,0.35275654998866024,Outgoing,46-55,39.221756667787844
3456,25.264860122508317,Incoming,36-45,23.388623009597037
3457,20.44384827108336,Incoming,26-35,58.692214310978464
3458,13.11849637537502,Incoming,18-25,62.976950812493
3459,15.094095248702992,Outgoing,26-35,56.77250315273201
3460,9.14172826341219,Incoming,46-55,28.281273591923146
3461,23.47861438905433,Incoming,36-45,35.084725117786675
3462,24.486443473865556,Outgoing,26-35,54.686279772231075
3463,15.783468641232623,Incoming,36-45,16.24517183751272
3464,20.117653220926723,Outgoing,18-25,45.17730111224194
3465,15.876433894669619,Incoming,26-35,80.33810706671763
3466,8.316372805620347,Outgoing,56-65,46.400889016392505
3467,12.940883155181714,Outgoing,18-25,20.22910721936097
3468,15.659639833859785,Incoming,36-45,37.85181504647729
3469,12.727261406282778,Outgoing,46-55,37.386153486448485
3470,13.90673361282482,Incoming,56-65,92.80617559673122
3471,14.543002212454427,Incoming,26-35,83.31358161027791
3472,14.595607510672693,Incoming,18-25,64.61870868203155
3473,15.261292452487416,Incoming,26-35,43.138481385172035
3474,9.696974668016995,Outgoing,26-35,74.01259321959446
3475,11.414919254360319,Outgoing,56-65,27.330807218990827
3476,8.577078671500153,Outgoing,56-65,71.53150630488518
3477,19.889077748431003,Incoming,56-65,68.55947074840088
3478,4.471765290798377,Incoming,56-65,46.97308530701439
3479,20.767951716584626,Outgoing,46-55,72.78372626701544
3480,21.931746986314216,Outgoing,36-45,41.055577410723004
3481,13.489097065086893,Incoming,56-65,24.69828803803533
3482,1.9843145608635062,Incoming,18-25,69.55930025999842
3483,13.193447190163548,Incoming,26-35,48.295141417210814
3484,14.679079193555904,Outgoing,56-65,62.03561206597335
3485,9.947008900355433,Incoming,18-25,86.41773183118812
3486,12.423908030958787,Outgoing,46-55,35.554918552074064
3487,22.650975994316756,Incoming,18-25,47.1324099032005
3488,18.324635811508706,Outgoing,18-25,81.39269009155427
3489,10.3771794281095,Incoming,46-55,63.37463461710567
3490,7.01200415202284,Outgoing,46-55,36.00434511590807
3491,13.364913411951145,Outgoing,26-35,30.89964592921043
3492,13.93271610324781,Outgoing,56-65,39.43838719793309
3493,17.480995936816583,Incoming,18-25,35.231705903942434
3494,12.323416437161704,Outgoing,36-45,54.74696238979062
3495,17.557497876809308,Outgoing,36-45,51.56869014395199
3496,24.675770200301145,Incoming,26-35,55.58475508550703
3497,19.077505112221314,Outgoing,36-45,33.18374396880435
3498,14.759557463346137,Outgoing,26-35,48.583321849494894
3499,14.084247644733527,Incoming,56-65,8.886004520875666
3500,13.216634329100645,Outgoing,26-35,52.90012634722733
3501,20.903204562260722,Incoming,46-55,73.5088128991173
3502,11.863432770243485,Outgoing,46-55,21.505081813076394
3503,15.226113544999913,Incoming,46-55,59.668564612949226
3504,15.255989509405426,Outgoing,46-55,37.779712964788736
3505,12.49107903594234,Outgoing,46-55,66.05002307386738
3506,8.137672260579496,Outgoing,46-55,53.172949024245575
3507,16.61487251808834,Incoming,46-55,58.09408225320882
3508,14.694980140723082,Outgoing,46-55,51.29647797510881
3509,17.50120234718285,Outgoing,46-55,76.56663612768705
3510,12.331998467804166,Incoming,56-65,56.948209553902046
3511,21.10410649406524,Incoming,46-55,35.89152571995098
3512,10.616131093940776,Incoming,26-35,51.974301046420074
3513,23.560201420089463,Outgoing,56-65,42.622379140679016
3514,6.2618174508586915,Outgoing,36-45,53.247998130391785
3515,17.173850322784457,Outgoing,18-25,41.604605752663744
3516,17.377153412633117,Incoming,56-65,36.463785289073705
3517,11.022214660295589,Incoming,46-55,53.98544425496892
3518,17.12196968930506,Outgoing,56-65,51.115792572331074
3519,21.397593348800793,Outgoing,18-25,71.27911690091695
3520,3.915905803229677,Incoming,18-25,41.70088241734374
3521,17.51372403745407,Incoming,46-55,10.382923050093858
3522,2.5336458983496115,Incoming,46-55,42.72258403073374
3523,10.17167598238396,Outgoing,26-35,17.471384821668458
3524,23.145831824504725,Incoming,18-25,58.313439481931525
3525,12.09108983303973,Incoming,46-55,16.52204143302425
3526,9.130600177955138,Incoming,18-25,30.23257875171797
3527,14.01031135507659,Incoming,26-35,42.75331083450274
3528,25.33953169081776,Outgoing,36-45,80.87901209522289
3529,5.84158876396987,Incoming,18-25,28.542197685701648
3530,9.743450441803278,Outgoing,26-35,50.24809966293172
3531,22.487158415898133,Outgoing,26-35,61.59953153914518
3532,24.288511717688664,Incoming,26-35,79.68121106441394
3533,14.48284387854858,Incoming,56-65,65.55589503442819
3534,8.804736487366789,Outgoing,46-55,71.8781390326493
3535,25.479217509045796,Incoming,18-25,67.28614117703083
3536,22.972211958745984,Outgoing,56-65,25.817540572077217
3537,18.394734938811165,Incoming,18-25,57.193842086340936
3538,10.937988255312899,Outgoing,56-65,66.97321904344446
3539,14.754853295809816,Outgoing,46-55,30.869994206519603
3540,14.198199594775847,Outgoing,26-35,38.40480246551955
3541,16.65425652307789,Incoming,18-25,33.936154097458875
3542,22.25500719065668,Outgoing,26-35,65.45245971936066
3543,19.397085205687016,Outgoing,46-55,48.61437759341736
3544,9.613119615076208,Incoming,18-25,43.58308211329806
3545,21.882482250097688,Incoming,36-45,24.366601666940248
3546,16.565660700065777,Outgoing,36-45,48.65211493612415
3547,18.43532897929458,Outgoing,36-45,38.64823290030502
3548,22.332704296393015,Incoming,46-55,54.86679130528324
3549,9.442098752432244,Outgoing,36-45,27.140656027090984
3550,14.820872106467686,Incoming,18-25,53.55812519012401
3551,12.342727243203925,Incoming,36-45,41.22098459002359
3552,7.1607028731727205,Incoming,18-25,25.01406148529707
3553,16.733549888024598,Outgoing,46-55,23.454319242437066
3554,27.55778275792212,Incoming,26-35,26.45959223954612
3555,5.799611277471236,Outgoing,56-65,45.872018851189154
3556,14.838596944752648,Outgoing,36-45,52.41990868727001
3557,18.20271467537387,Incoming,56-65,55.396472647543625
3558,15.615391008280906,Incoming,26-35,56.15105835456895
3559,14.434359737421298,Incoming,46-55,34.829534780416
3560,8.503918182770878,Incoming,46-55,71.1680581619035
3561,16.163933714700818,Outgoing,26-35,41.15548947983694
3562,11.216180114920368,Outgoing,56-65,59.00299520119464
3563,4.050391475107233,Incoming,36-45,46.716891330123666
3564,20.972961102568654,Outgoing,18-25,57.51242463406083
3565,19.79192909921021,Incoming,46-55,45.71343867710173
3566,15.258304884255399,Outgoing,26-35,57.872697531491326
3567,16.145373441028514,Outgoing,56-65,49.852222602393525
3568,20.371590063577806,Outgoing,36-45,66.27681141301377
3569,16.121698283890414,Incoming,56-65,33.62629913577604
3570,19.520087773806573,Outgoing,36-45,14.602173282188431
3571,13.51258899563075,Outgoing,18-25,30.532851611318065
3572,21.559918692869733,Outgoing,18-25,71.37836830476067
3573,16.603928629663418,Outgoing,26-35,46.90882360224521
3574,15.97025971802937,Incoming,26-35,51.84124591093125
3575,8.64969455643984,Outgoing,36-45,28.92726771907226
3576,16.434779271508543,Incoming,36-45,51.31107450300557
3577,10.840225412527744,Incoming,36-45,29.543747118546072
3578,11.80858636735753,Outgoing,36-45,32.4843744989449
3579,10.923121858419394,Outgoing,18-25,41.95032634352239
3580,9.668825340503876,Incoming,26-35,58.90194515684291
3581,25.62385701508481,Incoming,26-35,61.0369516128502
3582,21.656695309942016,Incoming,46-55,61.580897958756736
3583,24.601837510721307,Outgoing,26-35,18.238317699112518
3584,8.88552490222218,Outgoing,26-35,49.86670999219477
3585,15.356268749554463,Incoming,56-65,46.06436333234528
3586,8.532461873979521,Incoming,56-65,19.356351678370892
3587,11.52152561401468,Incoming,46-55,50.31967533444397
3588,10.409365082917127,Outgoing,36-45,44.99145565126477
3589,21.197920032207808,Outgoing,46-55,60.23051344235775
3590,13.0188516094912,Incoming,46-55,51.62494152479605
3591,20.34189666847008,Outgoing,18-25,39.013589394334936
3592,18.02060444794259,Incoming,26-35,68.51524900913955
3593,26.518193760523943,Outgoing,18-25,5.575329984497515
3594,7.6027788843013795,Incoming,26-35,48.7146974314078
3595,21.296166198933996,Outgoing,46-55,14.734981360161285
3596,20.732204352003638,Outgoing,26-35,31.756134575877603
3597,10.133105809864826,Outgoing,36-45,60.49627406018699
3598,20.0356666823658,Outgoing,36-45,24.516050391183942
3599,16.680724815131143,Outgoing,46-55,21.525643625921305
3600,13.86261870023296,Outgoing,56-65,97.63889966831249
3601,10.880322565140002,Outgoing,36-45,22.81421897159671
3602,11.40445274275407,Incoming,46-55,83.01041806175947
3603,25.24906047892963,Incoming,18-25,46.55595670841479
3604,15.003414094787413,Incoming,56-65,39.503417571220496
3605,18.910650007657296,Outgoing,36-45,61.335727811764094
3606,11.045503091662233,Outgoing,46-55,76.73188151088999
3607,11.100735268891807,Outgoing,46-55,27.07864115783343
3608,20.40992404624971,Incoming,18-25,39.79500420542939
3609,8.252118942242339,Incoming,18-25,66.93739469368505
3610,12.923931160473643,Incoming,56-65,55.75988624854
3611,15.17013705536116,Incoming,36-45,72.03835661282766
3612,15.556863009200262,Incoming,46-55,60.30223908863559
3613,14.104533574919218,Incoming,56-65,86.16448018298297
3614,16.979098905479617,Outgoing,56-65,53.571771976673006
3615,18.464278779089057,Incoming,18-25,54.43622296661924
3616,18.67318772729665,Outgoing,46-55,56.43442744031597
3617,10.070980956660867,Incoming,26-35,47.15022296546884
3618,13.579224510356013,Incoming,18-25,66.96174317601849
3619,20.97381430938469,Outgoing,46-55,54.74082447726052
3620,19.47323593786936,Outgoing,56-65,65.76360018290288
3621,8.135702742594681,Outgoing,56-65,68.8899970724832
3622,16.757399501761007,Incoming,36-45,58.56909363120655
3623,5.108873753125948,Incoming,26-35,60.03432648468394
3624,15.234674510301849,Outgoing,18-25,29.793404248069322
3625,24.488835083729885,Incoming,36-45,38.99292824360357
3626,10.260536413655068,Outgoing,36-45,66.86766905981463
3627,10.82838477254209,Incoming,26-35,78.47262363637027
3628,18.820148907864297,Incoming,18-25,11.191395489832793
3629,7.28599242395177,Incoming,18-25,38.642737054971704
3630,11.836224850574805,Outgoing,56-65,50.472412048293
3631,17.982205687908763,Incoming,18-25,32.41451075838644
3632,11.828570761552985,Outgoing,36-45,33.549607116366346
3633,13.820150063945142,Outgoing,56-65,59.4983974758761
3634,18.720928551575174,Outgoing,18-25,81.62751938342868
3635,17.107730417682806,Outgoing,26-35,9.363528873557179
3636,16.33409198147701,Outgoing,36-45,46.59047702036607
3637,13.304388603649807,Outgoing,46-55,59.26560683580776
3638,16.850305576344777,Outgoing,26-35,65.60427944400483
3639,14.381336599501218,Outgoing,26-35,56.38254686138077
3640,17.289028049628925,Outgoing,18-25,85.2280509987223
3641,12.51533987441011,Incoming,56-65,50.57813186651588
3642,14.087155128102294,Outgoing,56-65,76.23985580784195
3643,10.05021103723993,Incoming,36-45,37.07264659308062
3644,14.82496194996882,Outgoing,18-25,51.159658931776995
3645,10.944995681855776,Incoming,56-65,25.745698484022984
3646,9.429767749190034,Incoming,46-55,68.01728881097989
3647,16.293305739276942,Incoming,18-25,47.59114274717647
3648,16.063698879288303,Incoming,18-25,57.15642125039796
3649,18.914368674742864,Incoming,56-65,43.732627374298524
3650,12.844372152124505,Incoming,26-35,61.72857003318032
3651,17.04026423418378,Outgoing,18-25,57.94867947711504
3652,17.753987861368316,Outgoing,26-35,30.106971400575873
3653,17.223869039157975,Outgoing,36-45,31.26465134833979
3654,10.87173158598929,Outgoing,36-45,49.44462539317296
3655,15.746817411355945,Outgoing,56-65,63.19147914813315
3656,16.820701480273307,Outgoing,36-45,87.25791106227695
3657,15.03589233453971,Incoming,56-65,56.05981713331458
3658,4.567611708144577,Outgoing,56-65,70.1506280497708
3659,15.8024481198674,Incoming,26-35,17.74298130471663
3660,26.06265519698621,Incoming,26-35,90.25911698867965
3661,13.199803656215087,Incoming,36-45,62.113724222583855
3662,11.359614510723395,Incoming,26-35,49.007909776824405
3663,16.86674279855699,Incoming,18-25,46.706079050841495
3664,16.561891052332857,Incoming,46-55,27.856004042820036
3665,20.96367582708207,Outgoing,18-25,33.57426408559658
3666,8.710659220455561,Incoming,18-25,88.20871264266827
3667,18.65690126287496,Incoming,56-65,30.21991123427975
3668,17.952110306257318,Outgoing,46-55,29.8346448426731
3669,14.28926731529727,Outgoing,56-65,35.955590278488415
3670,16.69343658960845,Outgoing,26-35,26.036384940774546
3671,20.147287407991787,Outgoing,26-35,50.306131496910204
3672,19.361576900142254,Outgoing,46-55,71.77821025330478
3673,9.284903439631357,Outgoing,36-45,37.79015347455933
3674,19.10079093377742,Outgoing,26-35,22.533514404783574
3675,14.676556974837407,Incoming,18-25,55.83722626029308
3676,15.364370490077578,Outgoing,46-55,48.88451324640374
3677,15.365984955008473,Incoming,46-55,70.0544910016325
3678,14.2487850560087,Outgoing,26-35,40.909834013954594
3679,20.958537485535324,Outgoing,26-35,44.7968644074665
3680,14.58141020075394,Incoming,56-65,47.00939270913462
3681,9.402269358084157,Outgoing,56-65,51.78008221106964
3682,13.032350720151356,Outgoing,18-25,42.14876645284821
3683,15.893473584052378,Outgoing,46-55,38.907117839079824
3684,21.146073921485254,Outgoing,36-45,12.99244630236317
3685,18.01547342474417,Outgoing,36-45,38.692255817597655
3686,10.74732360626478,Outgoing,46-55,64.30446536163504
3687,27.425949583394456,Outgoing,18-25,67.00491038737772
3688,16.3238765548899,Incoming,56-65,40.57773952817399
3689,21.376953689995073,Outgoing,56-65,75.98971996363524
3690,14.241427832113855,Incoming,56-65,49.4259185659929
3691,17.666796223527246,Incoming,36-45,23.243072563681043
3692,19.197342522592024,Incoming,36-45,16.952318870914887
3693,21.09097355877128,Incoming,18-25,74.36515845239452
3694,20.286841526891124,Incoming,36-45,42.53992549477852
3695,19.360985000364888,Incoming,26-35,25.718709538548417
3696,13.424566344029458,Incoming,36-45,4.814476571289305
3697,12.141269790219694,Outgoing,56-65,42.08567778249714
3698,16.663037551620988,Outgoing,18-25,58.095017179927225
3699,19.665640361705346,Outgoing,46-55,36.04617711907591
3700,13.886396496116966,Incoming,46-55,28.935096797322572
3701,20.325859828571932,Outgoing,18-25,39.01248462786545
3702,22.263083727430896,Incoming,26-35,74.86384038289711
3703,10.418395404632902,Incoming,46-55,22.140367646496188
3704,10.8153964810186,Outgoing,56-65,37.165979391549655
3705,14.298124705473318,Incoming,46-55,74.21515479235181
3706,16.538063340945982,Incoming,46-55,59.88352578847507
3707,12.377164931164746,Outgoing,56-65,53.58255627557912
3708,21.76101339433572,Incoming,36-45,37.031077291675025
3709,17.120334307592255,Outgoing,26-35,50.610096290008556
3710,15.197235241203698,Incoming,56-65,39.24341863093399
3711,7.820452380657362,Incoming,56-65,32.81227737858498
3712,8.420920917862464,Outgoing,18-25,28.398850493965195
3713,16.405046251409033,Outgoing,26-35,65.68191192744997
3714,4.3370218692258184,Outgoing,36-45,48.791877355677286
3715,20.063187048220357,Incoming,56-65,56.29027487605392
3716,14.209230778138398,Incoming,36-45,53.03346371602807
3717,31.215464847973667,Outgoing,56-65,58.81837655616719
3718,26.539581253080552,Outgoing,56-65,44.90562420028216
3719,14.092754653762416,Outgoing,18-25,40.366850978908516
3720,14.468314987343426,Incoming,46-55,33.694393412177554
3721,19.97790757001015,Incoming,26-35,21.720617331857728
3722,23.515863049590187,Outgoing,18-25,27.55933658754167
3723,6.8098547128199165,Outgoing,36-45,42.691645577995565
3724,6.068122673226567,Outgoing,56-65,17.939210311290438
3725,11.889825972228092,Incoming,56-65,22.354281917279394
3726,17.91368791586932,Outgoing,26-35,70.84279785270354
3727,17.484367952537987,Outgoing,18-25,54.48358969707585
3728,20.34885727491925,Outgoing,18-25,40.963265435929586
3729,9.001512358173459,Incoming,36-45,95.4314891780912
3730,3.4192806851556163,Incoming,18-25,17.035005625739423
3731,19.290070976510727,Outgoing,18-25,69.51222552923645
3732,10.859018635173827,Incoming,46-55,47.77067834441168
3733,4.907560678056811,Outgoing,26-35,65.70094045825624
3734,15.725318729796909,Outgoing,18-25,52.17907434541614
3735,18.965878441093388,Outgoing,36-45,12.555098755094846
3736,14.389714339393613,Outgoing,56-65,51.90920935117657
3737,12.710758069087554,Incoming,18-25,56.71111709279196
3738,14.203188839270467,Outgoing,18-25,6.160294029511718
3739,13.147086187996086,Outgoing,56-65,88.88096587603798
3740,8.259764440299165,Incoming,46-55,56.22415188345544
3741,11.426596615047842,Outgoing,26-35,63.43975480272991
3742,17.606399525069072,Incoming,46-55,26.689412208473765
3743,16.6083927068825,Outgoing,36-45,63.81235044291236
3744,15.840299029834101,Outgoing,18-25,71.79008919126112
3745,10.024257590733104,Outgoing,46-55,55.07136456275692
3746,14.092484189321665,Outgoing,26-35,49.81256882958471
3747,4.114674767785726,Incoming,36-45,32.128237502031666
3748,15.89238331942695,Outgoing,46-55,45.67586164433348
3749,22.144288539067837,Incoming,18-25,39.759409714814396
3750,7.629339339789471,Incoming,26-35,61.43991274785368
3751,12.070361633411224,Incoming,18-25,33.00248149765195
3752,16.64553389355065,Outgoing,18-25,61.293014430071146
3753,21.264213172137417,Incoming,36-45,33.22028874540687
3754,12.758876918499253,Incoming,26-35,44.75294891679963
3755,11.538748353670519,Incoming,56-65,62.320887940256334
3756,5.155384287919585,Outgoing,18-25,35.92406560027912
3757,15.517190646540532,Outgoing,26-35,63.01072977955204
3758,25.21038020071872,Incoming,18-25,61.059883153427364
3759,16.38679230982338,Incoming,46-55,44.580986532461125
3760,14.888605104081433,Outgoing,46-55,73.23566402711579
3761,16.61041155383493,Incoming,26-35,51.55568683954229
3762,14.94453998025699,Incoming,36-45,72.045530531707
3763,10.934928138699352,Incoming,56-65,85.86929849754357
3764,19.116399578388528,Outgoing,46-55,45.173979565973774
3765,16.12880761555877,Incoming,36-45,62.899099680547934
3766,15.088066259668286,Incoming,56-65,37.24864149354249
3767,10.123169863608751,Outgoing,46-55,29.343711809836037
3768,21.517539659673794,Incoming,56-65,46.090806852271434
3769,18.32351372666555,Outgoing,18-25,22.74799440501074
3770,12.235395813163489,Outgoing,26-35,31.2478444070538
3771,20.009124268409685,Outgoing,46-55,61.828651986421356
3772,12.512145808073964,Incoming,46-55,39.72701969102323
3773,11.089982537444815,Incoming,18-25,64.21028174243723
3774,11.201484412598564,Incoming,46-55,55.988238760349745
3775,6.144657234559544,Incoming,46-55,87.02308124038231
3776,17.35771190209103,Incoming,46-55,60.48674571152092
3777,5.84427560830825,Incoming,46-55,72.28436140558628
3778,8.857780843671186,Incoming,46-55,58.03769326255093
3779,4.622059954607334,Incoming,36-45,56.22787002156145
3780,14.569651536045535,Outgoing,46-55,73.2946608422663
3781,14.24839769864064,Incoming,18-25,63.37594931730529
3782,13.36651893406818,Incoming,46-55,54.20127225914856
3783,9.787111526647118,Outgoing,56-65,54.11309331859435
3784,9.1388312328168,Incoming,56-65,60.764586236608324
3785,17.32184931773287,Outgoing,18-25,36.5725296108023
3786,12.247240341457562,Incoming,36-45,35.72401067722603
3787,16.581791607680724,Incoming,18-25,78.50811864745864
3788,10.573756569378887,Outgoing,36-45,87.28827327719995
3789,15.905313713855412,Outgoing,26-35,31.422350831796685
3790,21.516390186580317,Incoming,56-65,36.620111351205914
3791,17.930829001963918,Outgoing,56-65,72.8504563900829
3792,12.937930908917599,Incoming,56-65,60.67039986284793
3793,16.285994851779638,Incoming,36-45,63.52856210641844
3794,13.796674127348934,Incoming,18-25,67.93202589706114
3795,15.039400923473641,Incoming,36-45,45.185356765118485
3796,13.371944739257483,Incoming,56-65,56.599398499803726
3797,14.178323970573045,Incoming,56-65,55.04384301396184
3798,16.060466765370876,Outgoing,56-65,32.83016799509079
3799,10.033206502090247,Outgoing,56-65,56.30181886431408
3800,9.920605865050108,Outgoing,26-35,74.75421392299336
3801,8.057287230843944,Incoming,56-65,43.31733522313277
3802,6.9986444774814505,Outgoing,36-45,53.05138497481868
3803,8.913586538897604,Incoming,56-65,54.13417832021712
3804,15.797312534020646,Outgoing,46-55,44.306708991294585
3805,10.53606242254058,Incoming,26-35,63.53802475388716
3806,17.56807232115548,Incoming,56-65,36.39868737490025
3807,15.173568743762809,Incoming,46-55,76.65291037391867
3808,5.157478932809731,Incoming,36-45,62.524111232644906
3809,18.274877921108448,Incoming,26-35,31.26462798654211
3810,19.05399322795855,Outgoing,56-65,83.96019369772506
3811,10.030686625825734,Incoming,36-45,53.36202922523191
3812,17.10095771447496,Outgoing,46-55,35.54104965529896
3813,10.717508812954005,Incoming,26-35,72.09109049982382
3814,15.488351883741677,Incoming,56-65,59.8934303889605
3815,8.677507965225171,Incoming,36-45,14.560805915319236
3816,6.034467737327116,Outgoing,26-35,39.48679365512292
3817,13.085914051935157,Incoming,46-55,55.58194674443087
3818,14.38135526862582,Outgoing,56-65,6.808666447146827
3819,13.01160153192698,Incoming,26-35,51.70140170774788
3820,9.079847208887202,Outgoing,46-55,53.1595874541052
3821,13.000504689344314,Outgoing,46-55,26.33016235248355
3822,16.34647376290367,Outgoing,36-45,55.41289772519927
3823,14.775534849387315,Incoming,46-55,50.14927678250067
3824,15.912505152996067,Incoming,46-55,26.174117882299708
3825,11.649423997728835,Outgoing,18-25,68.3912109372565
3826,20.858589573580797,Incoming,46-55,66.7570758953561
3827,9.119133317226098,Incoming,56-65,44.205258262952775
3828,17.437801485433592,Incoming,26-35,46.02837353216353
3829,20.90945546479981,Outgoing,56-65,64.52527875190691
3830,17.40454046374448,Outgoing,56-65,45.98673713776387
3831,13.98737886467585,Incoming,36-45,11.381835989596908
3832,12.358514766685104,Outgoing,18-25,59.73873114799855
3833,20.18043825523128,Incoming,18-25,33.73481358522983
3834,7.8851253736916345,Incoming,56-65,42.203138911648125
3835,10.149378698101781,Outgoing,26-35,79.15741135902951
3836,13.012211172541393,Outgoing,18-25,47.320430519824036
3837,21.18826878755999,Incoming,18-25,50.03469871747746
3838,16.89883818020448,Incoming,56-65,60.19334550927195
3839,10.159771207448774,Incoming,18-25,60.10667887748065
3840,13.448461473075481,Outgoing,36-45,31.616044652444334
3841,11.928384279518529,Outgoing,56-65,48.79402968931251
3842,11.451055038832324,Incoming,18-25,50.72305055851654
3843,19.894447792783897,Incoming,18-25,55.44053793257654
3844,8.141284353682472,Outgoing,18-25,55.78443881833239
3845,23.043904278671867,Incoming,56-65,101.74882457554915
3846,19.141148450923115,Outgoing,26-35,26.482804588255107
3847,20.45430835301849,Outgoing,46-55,69.60183240395912
3848,12.685302439873709,Incoming,18-25,73.66751611666118
3849,14.250296404604454,Incoming,46-55,59.85567947847054
3850,7.83424092737644,Outgoing,46-55,36.9936921025385
3851,12.376687964665985,Incoming,18-25,83.29336060535253
3852,17.468274238215756,Outgoing,18-25,6.160342705196044
3853,21.48031530890698,Outgoing,46-55,36.334666055643474
3854,9.464215915987742,Outgoing,26-35,73.43364394445622
3855,13.17247031507367,Incoming,46-55,42.59776793154964
3856,14.243503898837389,Incoming,26-35,81.92929049600372
3857,8.021053989037574,Incoming,36-45,19.76390510643199
3858,17.956746208792,Outgoing,26-35,27.75796212103984
3859,11.380048341286955,Outgoing,56-65,39.367236597460504
3860,14.02304824411488,Outgoing,18-25,58.34798555073058
3861,12.740253140440611,Outgoing,36-45,45.55959699239954
3862,11.053307471401627,Incoming,46-55,40.19201494875158
3863,14.964775072597227,Incoming,26-35,78.40792862197048
3864,13.921952107159889,Incoming,36-45,80.26889950778302
3865,13.140710588606673,Outgoing,56-65,41.71240468584889
3866,11.357691891598286,Outgoing,26-35,15.804643853406752
3867,16.597623353914777,Incoming,46-55,6.850323416252408
3868,23.268086342461423,Outgoing,46-55,54.78580229560713
3869,15.699436164195637,Incoming,26-35,63.11911244437595
3870,19.980591074555644,Outgoing,56-65,51.25995571157092
3871,8.048890374232688,Outgoing,18-25,48.58183785838483
3872,15.788807196468847,Outgoing,18-25,33.90914770611835
3873,9.513158405144667,Outgoing,46-55,63.099595878276766
3874,7.615375362340493,Outgoing,56-65,83.56370757797819
3875,11.303142962704818,Incoming,46-55,5.662446453288879
3876,20.959496672067864,Incoming,18-25,48.449976224245695
3877,19.750079143348227,Incoming,46-55,30.593033011727993
3878,16.215023610272,Outgoing,26-35,20.19068011892297
3879,7.336497200550346,Incoming,26-35,27.40048258431168
3880,14.018596743060316,Incoming,56-65,57.59345711368809
3881,16.50850004450868,Outgoing,18-25,58.09924395182332
3882,15.87768114789299,Outgoing,56-65,79.205755223496
3883,5.781032082596271,Incoming,56-65,50.17563094290922
3884,10.54841075990064,Incoming,18-25,14.835567402608433
3885,14.679611179256417,Incoming,36-45,45.23660915248057
3886,17.68145454758595,Incoming,36-45,22.272418555684325
3887,4.019360894500268,Incoming,46-55,25.8640822715599
3888,14.189380122600708,Outgoing,36-45,61.6111811681299
3889,15.715243849394762,Incoming,26-35,53.8836181118884
3890,19.248059942581065,Incoming,56-65,61.75131190870661
3891,18.464287921187182,Incoming,46-55,42.85014305456544
3892,17.912856594044026,Incoming,56-65,65.81059126850712
3893,11.000297466490329,Incoming,18-25,41.73194203419777
3894,5.459989314383462,Incoming,36-45,72.33365665484494
3895,13.034736214692995,Outgoing,18-25,56.89277878943085
3896,20.0081591260428,Outgoing,46-55,45.86006259030765
3897,21.96727263762216,Outgoing,26-35,54.24186088352194
3898,18.552745511488926,Incoming,36-45,49.64278598050164
3899,17.14670411400867,Incoming,18-25,81.92213030625845
3900,16.898198241929826,Outgoing,36-45,54.90875245157578
3901,12.219406266196097,Incoming,56-65,49.96774655210983
3902,14.3496985322319,Incoming,26-35,45.230182858984016
3903,23.345347629131656,Incoming,36-45,66.86368438490021
3904,10.287209971040618,Outgoing,26-35,64.1582667810701
3905,23.07389395354926,Outgoing,56-65,44.523167393747435
3906,13.389859227539707,Outgoing,56-65,26.887169707543826
3907,21.62716054547539,Incoming,18-25,31.960637232432926
3908,7.965924952512308,Outgoing,46-55,46.31674920915608
3909,17.929521005823247,Outgoing,18-25,76.97855012238166
3910,11.31614932026189,Outgoing,26-35,44.99646741506172
3911,7.923664040379062,Incoming,18-25,38.11752780068871
3912,16.092670212054728,Outgoing,36-45,14.785613735027077
3913,20.047358942979844,Outgoing,18-25,80.27082871204593
3914,10.775292807032518,Incoming,46-55,61.3805629196292
3915,7.504920197707994,Outgoing,46-55,65.92019940011716
3916,14.540776178325224,Incoming,26-35,69.2337610385875
3917,14.562823356114095,Incoming,56-65,46.705395424820736
3918,17.741598137772492,Outgoing,46-55,51.691812674950704
3919,19.747972856822443,Outgoing,26-35,79.77203883903988
3920,14.70292409363753,Outgoing,46-55,53.59161778638274
3921,24.277516573971315,Incoming,46-55,61.750505801279886
3922,16.12117372267646,Outgoing,56-65,67.41101434401023
3923,13.267867469965502,Outgoing,36-45,62.85862664845287
3924,6.94216320448586,Outgoing,26-35,47.43661659467013
3925,13.686702398419161,Incoming,46-55,49.32232314372161
3926,13.318065272944319,Incoming,46-55,65.55280875951884
3927,19.80152398140735,Incoming,18-25,65.52005719869453
3928,17.31241812033427,Outgoing,36-45,73.36465198038923
3929,9.103154391836913,Outgoing,56-65,61.02193966619677
3930,15.861271932055187,Incoming,26-35,61.93211227184109
3931,18.357655858645266,Outgoing,46-55,41.07533266431106
3932,22.640156796939163,Outgoing,26-35,38.37700977856197
3933,19.437519837070298,Incoming,56-65,65.61261348702989
3934,18.80423327155739,Incoming,36-45,38.5162986396725
3935,15.300429973075818,Incoming,18-25,49.58597993766276
3936,16.941560027117248,Outgoing,36-45,77.58046481942581
3937,21.247524503530794,Outgoing,18-25,74.41140584690177
3938,8.336113012601752,Outgoing,26-35,56.035776615943675
3939,13.25280336391522,Incoming,36-45,44.0772084033258
3940,11.137156256218796,Incoming,36-45,47.532421793129906
3941,16.89576559363062,Outgoing,36-45,67.35320282111229
3942,21.151110878253938,Incoming,56-65,49.27001445107669
3943,12.01512856639463,Incoming,26-35,38.83435213979472
3944,3.0484781626528097,Outgoing,18-25,74.31549512815948
3945,12.93889627487765,Incoming,36-45,53.63200278258562
3946,19.567368660087034,Outgoing,26-35,38.454883580165074
3947,17.688149514749398,Incoming,56-65,59.57880377865262
3948,17.140931239052883,Outgoing,56-65,69.42436826385017
3949,13.6000334906276,Incoming,26-35,29.84653870424479
3950,8.604846318901068,Outgoing,18-25,45.99092173294131
3951,17.576471608122336,Incoming,26-35,45.06633264823176
3952,10.828590949826875,Incoming,26-35,59.045743315669526
3953,25.920483666902282,Incoming,46-55,62.64016645719717
3954,17.85253604177258,Incoming,56-65,38.97052177441029
3955,12.096758487230245,Incoming,18-25,20.1449764818795
3956,11.943073763056859,Outgoing,46-55,70.63597509198802
3957,14.535278966932058,Outgoing,26-35,27.601094588455744
3958,13.80249038989125,Outgoing,56-65,55.423684100877544
3959,20.584168877649773,Incoming,46-55,47.36038202538636
3960,15.932080848720231,Outgoing,46-55,53.248878104081506
3961,11.34184130545736,Incoming,18-25,83.02467943413717
3962,24.45220342577891,Incoming,26-35,110.76563227243656
3963,15.246541657601114,Outgoing,18-25,17.331251772027827
3964,18.844198379844485,Outgoing,46-55,69.67812310665848
3965,11.958867462776205,Incoming,46-55,46.87504454644708
3966,16.815578138722618,Incoming,18-25,70.95709027425104
3967,16.555549955715975,Outgoing,46-55,69.14526152358327
3968,5.551753539519236,Outgoing,36-45,78.19489614396326
3969,25.0763755523032,Incoming,56-65,55.69929830325394
3970,21.453222304612737,Incoming,26-35,32.20847030089952
3971,13.014023419270062,Outgoing,56-65,68.55298977419241
3972,9.488651297720722,Incoming,26-35,52.35995152288129
3973,16.73780806901776,Incoming,46-55,45.32313569731735
3974,15.433488497071982,Outgoing,18-25,40.47552238590076
3975,16.778344742816145,Outgoing,18-25,70.12671138210258
3976,15.957886980970448,Incoming,46-55,82.06738984014754
3977,17.53120494652963,Incoming,26-35,26.092948826007316
3978,22.236528496959032,Outgoing,46-55,62.43904484957861
3979,17.840516025643232,Incoming,26-35,42.552256291547096
3980,9.751722505450294,Outgoing,46-55,20.654552036157728
3981,21.81281426356226,Incoming,46-55,52.95411641526017
3982,23.203072817441438,Outgoing,46-55,33.33724439620879
3983,30.760283672560426,Incoming,18-25,18.444935443996048
3984,9.38252983380201,Incoming,26-35,34.365190555509315
3985,16.214410065751373,Incoming,46-55,29.44452164172293
3986,4.589506484055065,Outgoing,56-65,37.06626293873217
3987,17.765745781896044,Outgoing,56-65,23.48231846092622
3988,12.258998509166137,Outgoing,18-25,42.097197827475725
3989,24.617228974124764,Incoming,36-45,35.73501743832055
3990,11.126925149907091,Incoming,18-25,57.51227754291315
3991,6.554084810163692,Outgoing,36-45,61.87077972796631
3992,12.6436812964874,Outgoing,18-25,55.202971535568835
3993,5.122561143914313,Incoming,56-65,45.29111084252982
3994,18.75549727253655,Incoming,46-55,44.75144808615371
3995,4.674584768718397,Incoming,26-35,33.25850025177269
3996,15.142287905915794,Incoming,46-55,33.74010681180126
3997,4.610940900719015,Outgoing,56-65,64.07207736157473
3998,13.398510977316791,Outgoing,26-35,14.80594802699072
3999,23.21689077902267,Incoming,36-45,48.38550123374115
4000,16.803239457178975,Incoming,36-45,43.529418768775976
4001,10.68253197517533,Incoming,56-65,61.982642027497846
4002,14.84398255530458,Outgoing,26-35,21.499760331552984
4003,15.090084360222233,Outgoing,46-55,50.24961410971879
4004,17.36315172921703,Incoming,56-65,56.85968682718214
4005,8.165708183595868,Incoming,36-45,11.905375627520101
4006,17.962836369236655,Incoming,56-65,28.513440542765256
4007,1.4780418419861245,Incoming,46-55,48.164203063744175
4008,11.850577238180948,Incoming,18-25,60.282938152686086
4009,12.558630787742278,Incoming,18-25,53.649986222254
4010,18.166634130356194,Outgoing,46-55,61.209085058996145
4011,15.113154263384345,Outgoing,26-35,28.412549747186908
4012,7.972184730718567,Outgoing,56-65,18.224993005439465
4013,10.075034370914924,Incoming,46-55,51.69011611513579
4014,15.993400047737035,Incoming,18-25,25.412935235717704
4015,14.604663290677218,Incoming,36-45,32.69355347904394
4016,12.104379451821268,Outgoing,46-55,68.64556709652747
4017,12.595831052440104,Incoming,46-55,53.78199113533702
4018,18.480839985796443,Outgoing,46-55,38.637101894891714
4019,12.411537135653926,Incoming,18-25,36.03936990718073
4020,14.559543779854634,Incoming,18-25,62.4184311377833
4021,25.849682940402715,Incoming,46-55,54.239418712999665
4022,7.881586815580385,Outgoing,46-55,25.70886715354618
4023,5.740786342126707,Outgoing,26-35,11.043525337981052
4024,18.917948323993034,Outgoing,36-45,87.636036652803
4025,11.606784693529484,Incoming,56-65,25.550415493648842
4026,13.408812361286898,Outgoing,56-65,60.55393006600246
4027,11.094218109344428,Incoming,56-65,80.21385864676348
4028,13.700999296162438,Incoming,18-25,52.95195137666311
4029,22.992690560481705,Outgoing,18-25,37.99126647065591
4030,19.010642293090598,Outgoing,26-35,21.479019166085756
4031,19.311117559434884,Incoming,18-25,21.199789273599393
4032,7.918864721036773,Incoming,46-55,57.53389697352772
4033,9.244231317235654,Incoming,36-45,79.01952645899969
4034,0.8046067025728654,Incoming,36-45,42.09081806590942
4035,10.95309589458623,Outgoing,36-45,38.88559075701272
4036,19.783515931928292,Outgoing,36-45,63.94962181622373
4037,17.584732578741853,Outgoing,56-65,36.28105492190507
4038,13.89243368523938,Incoming,56-65,55.489658152568424
4039,14.888498581409735,Incoming,46-55,50.83602900171025
4040,11.555572287122972,Incoming,26-35,41.81063882843889
4041,16.02379441200892,Outgoing,18-25,49.68923682526959
4042,18.829391397403075,Incoming,18-25,85.26304229299959
4043,6.9205660629476355,Incoming,56-65,62.09065888201913
4044,16.49823843918674,Outgoing,36-45,71.85001608511956
4045,19.662174354773335,Outgoing,46-55,31.62611278159878
4046,12.924498555183153,Incoming,26-35,71.91872295215148
4047,18.503503060602917,Outgoing,56-65,62.7804095093797
4048,29.073272222362764,Incoming,46-55,20.008078068812644
4049,14.47828603506554,Outgoing,46-55,60.79581466742199
4050,16.966535250026617,Incoming,56-65,39.73451726410646
4051,11.309714581693042,Outgoing,46-55,19.083926473487676
4052,15.906255813010253,Outgoing,36-45,52.59551464655239
4053,17.30135812491152,Outgoing,46-55,60.7808518212522
4054,15.97421170135069,Outgoing,26-35,53.03216137289126
4055,9.901523401455716,Incoming,46-55,47.817228303084896
4056,16.031808856627254,Incoming,18-25,43.38829323083336
4057,22.310979693588184,Outgoing,46-55,99.33176018683113
4058,17.243178822572638,Incoming,56-65,26.348612229427083
4059,19.809935945359207,Outgoing,18-25,67.45843964714408
4060,13.814940149936861,Outgoing,56-65,50.30845941777967
4061,18.74950119711855,Incoming,26-35,32.91066987465936
4062,16.396339191082628,Incoming,36-45,49.03201898742842
4063,10.245446351563839,Incoming,26-35,22.14134724822765
4064,16.592605023994373,Incoming,18-25,38.09019186386293
4065,10.041516682798449,Incoming,36-45,49.06131348328788
4066,11.83559862557604,Incoming,46-55,18.977658828017404
4067,15.94664153646187,Incoming,18-25,60.12765076976116
4068,16.48622136690062,Outgoing,36-45,30.724779181769357
4069,9.053837674614353,Incoming,56-65,20.96558083972895
4070,20.26992885591438,Outgoing,36-45,28.39164528343259
4071,17.860031391502364,Incoming,56-65,93.51908323670973
4072,11.47635782194558,Incoming,56-65,10.438717162623206
4073,7.312076017754123,Outgoing,36-45,58.72246177539581
4074,14.275477104592843,Outgoing,26-35,34.96727457961427
4075,12.7702814306942,Outgoing,26-35,42.99743656964877
4076,15.565702285265115,Outgoing,56-65,62.078618573606654
4077,13.184416694222168,Incoming,18-25,61.09637429677841
4078,4.962715696274952,Incoming,36-45,36.386071616764184
4079,13.058265308494208,Outgoing,18-25,22.84351986733412
4080,13.471904444658435,Outgoing,26-35,62.442819474012786
4081,18.168305123870294,Incoming,18-25,61.047543860186885
4082,11.509001626944752,Incoming,46-55,44.30060982423623
4083,23.393373366862832,Outgoing,46-55,58.838887676167566
4084,5.441797246741215,Incoming,26-35,41.08341038048929
4085,21.555837489013122,Incoming,18-25,33.45924869930424
4086,13.878405145609475,Outgoing,36-45,50.0792436224215
4087,19.297924361717783,Outgoing,26-35,60.38065482183035
4088,15.399007420293666,Outgoing,46-55,56.185005391048676
4089,20.697777680127345,Outgoing,26-35,60.18325360153345
4090,13.063190177235944,Incoming,18-25,34.78842253421748
4091,9.506897874110939,Outgoing,18-25,81.63762249516506
4092,22.102521436355318,Incoming,18-25,43.15238289322751
4093,14.432596770589294,Incoming,56-65,47.62168697046817
4094,16.107792368121054,Incoming,18-25,23.626881815642644
4095,21.173759570223975,Incoming,46-55,46.12289687405432
4096,9.840223789527826,Outgoing,46-55,60.64475473703034
4097,17.977454488196287,Incoming,56-65,65.25021225385329
4098,12.050526217685546,Outgoing,46-55,81.23881474373565
4099,14.33915322177814,Incoming,46-55,60.40469791650922
4100,15.361394826921444,Outgoing,26-35,55.538263915994065
4101,7.49889069276532,Incoming,18-25,41.07409776971362
4102,11.105814785897827,Incoming,26-35,36.76519183533986
4103,21.755364462065696,Outgoing,26-35,69.4049702933631
4104,19.43095594292398,Outgoing,46-55,69.02140703477818
4105,14.686802113363825,Outgoing,36-45,28.459745983024547
4106,16.215617292564467,Outgoing,18-25,64.46191774306962
4107,13.528787471817711,Incoming,36-45,63.00767382791685
4108,21.78291692913991,Incoming,46-55,27.723822299716115
4109,13.99823711102918,Incoming,56-65,60.809136095783536
4110,16.15921046067424,Incoming,26-35,29.009070810363852
4111,20.730150720710327,Incoming,46-55,1.4141406465302282
4112,11.113142575770468,Outgoing,46-55,46.797951726159006
4113,22.79394592248447,Outgoing,36-45,55.156294105099775
4114,7.347692951283116,Incoming,56-65,47.69858390233774
4115,23.148210655563993,Outgoing,26-35,107.34213634375948
4116,13.136622080240127,Incoming,56-65,57.57702458469949
4117,13.78650626087359,Incoming,56-65,52.942836385974005
4118,5.549949144085286,Outgoing,56-65,58.59182606628182
4119,12.726026413111535,Incoming,18-25,41.173619911998045
4120,9.80096734486558,Outgoing,56-65,68.58958124187077
4121,11.961768273132638,Incoming,46-55,57.220038923542035
4122,14.313445171055601,Outgoing,18-25,56.303434077849815
4123,19.78895807236453,Incoming,18-25,37.51759554266122
4124,16.038016757003128,Incoming,56-65,18.713393471018133
4125,16.53838326700557,Outgoing,46-55,39.972278218454186
4126,9.522403055772187,Incoming,26-35,55.65267712519785
4127,10.59622955198635,Incoming,56-65,41.106010405101074
4128,23.99362509175656,Outgoing,18-25,55.83454334134742
4129,11.323994826183768,Outgoing,26-35,45.352762462873905
4130,23.28104126028648,Outgoing,26-35,58.61158969253047
4131,13.784694005595668,Incoming,18-25,30.463517482493717
4132,15.01143968071752,Outgoing,26-35,53.857800237701625
4133,20.351825801149648,Outgoing,46-55,37.18091707297206
4134,21.359462109693283,Outgoing,46-55,19.234341157387277
4135,14.445937198604563,Incoming,56-65,46.6969175394325
4136,13.058784732392306,Outgoing,56-65,80.72635147636093
4137,14.720397757388934,Incoming,26-35,20.82847184308035
4138,16.689787641160592,Incoming,18-25,52.38784500788399
4139,19.456518434348776,Outgoing,46-55,65.95154126528449
4140,15.021149294970758,Incoming,36-45,96.00061370288903
4141,18.094431490115767,Incoming,56-65,40.14134035106625
4142,23.191798661354703,Incoming,46-55,37.35998790791374
4143,16.906548061323925,Incoming,26-35,26.666156081214673
4144,16.55826428002389,Incoming,46-55,72.81032669692439
4145,7.405445874549661,Outgoing,46-55,32.651713415218495
4146,1.8463493158546829,Outgoing,26-35,42.588071364493
4147,16.94187864615084,Outgoing,56-65,13.021242452574896
4148,14.525878843595638,Incoming,56-65,67.67943685357052
4149,12.42608662542629,Outgoing,36-45,73.16516561556053
4150,16.217651020931722,Incoming,36-45,66.9155012716873
4151,14.69798135401546,Incoming,56-65,17.893494372925637
4152,20.638901253169493,Incoming,56-65,62.14302081558613
4153,15.43055434129489,Incoming,56-65,16.54659230551998
4154,11.265383574649162,Outgoing,56-65,51.16080604128481
4155,19.950831194796443,Incoming,46-55,54.10155159967594
4156,13.914344625268988,Outgoing,36-45,56.2036643621653
4157,17.632683418361538,Outgoing,26-35,60.69273065274937
4158,12.612946469035997,Incoming,18-25,49.839327928814555
4159,11.750865572512819,Outgoing,26-35,10.751409745428951
4160,15.420841150928482,Outgoing,18-25,60.70242017599064
4161,15.064143217718426,Outgoing,46-55,51.95216282255496
4162,17.399135176834164,Incoming,36-45,31.947604172575335
4163,13.656771233451288,Incoming,18-25,18.612051577267824
4164,5.818201081148013,Incoming,56-65,80.80044371848717
4165,12.836130582058058,Outgoing,46-55,74.62601076581365
4166,18.96909233571908,Outgoing,18-25,64.11914814614909
4167,13.513119603784467,Incoming,56-65,36.474001775305936
4168,13.76808298742726,Incoming,46-55,0.0
4169,19.931882529529688,Outgoing,18-25,65.2935835087047
4170,11.440133863705386,Incoming,56-65,57.3337354771015
4171,7.285983908785502,Incoming,36-45,42.50675381855647
4172,14.196844402372529,Outgoing,46-55,72.49612613395752
4173,12.579130243756314,Outgoing,18-25,66.95995067925699
4174,10.16876840123373,Incoming,56-65,53.521909764616986
4175,14.123107720506546,Incoming,36-45,50.701168357422276
4176,17.45752823623392,Incoming,56-65,51.01935435199363
4177,14.953557192160922,Incoming,36-45,63.59879745669492
4178,16.53490536343119,Outgoing,18-25,32.850473069140236
4179,24.067038492577115,Incoming,56-65,58.51966243570073
4180,13.28560569221218,Incoming,56-65,31.588181110608186
4181,16.391743173223347,Outgoing,26-35,76.73110343504469
4182,12.453933187004328,Outgoing,46-55,60.64257143150469
4183,10.768201400565136,Outgoing,56-65,36.235434767221406
4184,12.075461732911151,Outgoing,36-45,51.611916480595
4185,12.606207142391558,Outgoing,46-55,32.92427239943919
4186,16.797378987735627,Outgoing,18-25,80.08225675401592
4187,26.745378933503787,Outgoing,46-55,82.45751968942419
4188,11.4197828186208,Incoming,26-35,63.92447365125696
4189,12.916873471922688,Incoming,18-25,81.13313135309156
4190,14.68438493444376,Outgoing,56-65,53.03591897745001
4191,16.978994243548737,Incoming,18-25,65.27025134349594
4192,16.317754059773925,Incoming,18-25,74.49449043819511
4193,21.420478969740586,Outgoing,26-35,49.88512808968166
4194,2.8680396473239593,Outgoing,36-45,51.4220771463469
4195,3.065350649021637,Outgoing,18-25,68.67313202857795
4196,12.520609139949254,Outgoing,36-45,62.92995931191986
4197,20.486500937718546,Outgoing,46-55,34.89078559597894
4198,7.171759841972019,Incoming,26-35,6.263412574570623
4199,0.0,Incoming,56-65,46.48943874805904
4200,17.855897031096042,Outgoing,18-25,8.06171641549642
4201,16.21828611851357,Outgoing,36-45,30.179653277889035
4202,9.54895796600285,Incoming,18-25,32.51426085599232
4203,10.07230199639535,Incoming,26-35,38.62715378119747
4204,10.151281401826628,Incoming,56-65,66.40876288327082
4205,15.552676587369701,Outgoing,46-55,70.7535908146052
4206,11.868423619084965,Outgoing,46-55,60.17481439614414
4207,17.470319594877598,Incoming,36-45,62.650139521236106
4208,0.7268666854780452,Outgoing,46-55,63.12240912737292
4209,10.715740674361005,Incoming,36-45,0.06340017558152056
4210,9.369730195444749,Outgoing,56-65,50.20395364014233
4211,13.718296608137539,Outgoing,18-25,14.070825576599894
4212,12.309761207549307,Incoming,26-35,60.18278951343081
4213,18.989218899478832,Incoming,56-65,8.137837053606063
4214,5.7033161416997125,Outgoing,56-65,46.39122929298601
4215,15.22745738165376,Incoming,46-55,60.95539552039173
4216,17.791682116058528,Outgoing,46-55,27.64484103367376
4217,24.283237182809774,Incoming,26-35,69.2343192102644
4218,12.591170144532624,Incoming,18-25,60.13244339903494
4219,16.622293021762584,Outgoing,56-65,57.616493916758195
4220,5.980686037188175,Outgoing,46-55,63.96003175021064
4221,3.040218978434881,Outgoing,56-65,42.815998244666886
4222,19.2238718789085,Incoming,18-25,53.03837727513618
4223,14.972198531759647,Incoming,36-45,50.201031444683984
4224,20.892563448992114,Outgoing,18-25,49.7490211076771
4225,8.132985555151254,Incoming,56-65,36.55937846705846
4226,17.599510697643762,Outgoing,56-65,25.149357705545885
4227,24.344089202719267,Outgoing,26-35,43.2628330142105
4228,17.09852804178633,Outgoing,56-65,42.16104185611466
4229,16.382907527955243,Outgoing,46-55,35.2653802496622
4230,15.04278040412175,Outgoing,26-35,67.04107563620049
4231,7.145592714370439,Incoming,56-65,26.55586764288774
4232,21.77786467855174,Incoming,18-25,46.56981682217517
4233,11.94571180097467,Outgoing,56-65,73.32679423122505
4234,17.522416281915085,Incoming,18-25,68.18258705199105
4235,7.184828467143732,Outgoing,18-25,74.32587770194566
4236,9.102701677461098,Incoming,56-65,38.184388452515456
4237,22.175436996111177,Incoming,18-25,65.68576251455414
4238,13.263488555210785,Outgoing,36-45,28.740592060437365
4239,22.266377380212724,Incoming,26-35,44.482520883669196
4240,14.60884670470741,Outgoing,56-65,46.36488378439614
4241,5.790511135210712,Incoming,36-45,38.48319575603979
4242,19.460337998658602,Outgoing,18-25,42.763720238309496
4243,12.050538411221961,Outgoing,18-25,40.13248145005295
4244,18.493444067585216,Outgoing,26-35,30.352123777966092
4245,15.12605433770041,Outgoing,36-45,67.12827012011583
4246,7.284408860285648,Outgoing,36-45,46.35099994251461
4247,15.821473826852845,Outgoing,56-65,54.02873087834572
4248,25.981115710763994,Incoming,18-25,53.275537423857095
4249,17.464932292572296,Outgoing,46-55,51.094528502200426
4250,14.712411234972684,Incoming,56-65,51.85609092112857
4251,20.37671700978449,Outgoing,56-65,43.891655599379575
4252,16.053342326015553,Incoming,56-65,78.36793737029726
4253,16.04767115131397,Outgoing,26-35,65.21489523270718
4254,9.541874139204488,Outgoing,26-35,50.367640655420395
4255,16.16924012894799,Incoming,56-65,41.058911280678736
4256,20.177217082084724,Outgoing,46-55,47.623583145418394
4257,10.819689239499876,Outgoing,36-45,58.35243032743492
4258,22.12247910623474,Outgoing,36-45,79.99880185072624
4259,14.54146987927437,Outgoing,18-25,22.53904910669911
4260,10.561152442307296,Incoming,36-45,63.19549517283555
4261,19.988160384601223,Outgoing,36-45,72.53447273557269
4262,13.566028821308654,Incoming,46-55,20.265630601895364
4263,18.79757443743054,Outgoing,36-45,46.3769824653745
4264,13.541206838707314,Outgoing,46-55,28.709640538339222
4265,14.700869282350482,Outgoing,26-35,58.610592233540686
4266,17.46780102167146,Outgoing,46-55,42.83298135288896
4267,16.45448528795003,Incoming,26-35,47.39721866239749
4268,5.022341097741307,Outgoing,46-55,41.77888385443052
4269,9.39378129952804,Outgoing,56-65,64.40326865536537
4270,19.64704992395408,Outgoing,26-35,54.58065921196277
4271,14.339317055492264,Incoming,26-35,54.61853528079311
4272,12.38134348614289,Incoming,36-45,53.21243650162907
4273,8.207129923712628,Incoming,26-35,61.44981760904274
4274,9.601318393620758,Incoming,46-55,44.76056290287353
4275,4.891006800190263,Outgoing,56-65,84.01549575081853
4276,14.493596406492335,Outgoing,56-65,25.30410497562961
4277,12.007812097094765,Incoming,36-45,15.481631036607027
4278,10.167060545073424,Outgoing,46-55,13.826388627828536
4279,14.659382874160235,Outgoing,46-55,8.40823761415129
4280,16.81985315426369,Incoming,18-25,63.46339629640504
4281,25.465989661049726,Outgoing,26-35,61.027353985652816
4282,7.440582902183932,Incoming,36-45,74.1555298355119
4283,20.79690521650261,Incoming,56-65,28.86723570588956
4284,19.86550780507536,Incoming,18-25,64.90922909491002
4285,11.104536303116497,Incoming,46-55,51.13648124298612
4286,16.016179772930155,Incoming,26-35,53.331729983117185
4287,12.711833753311923,Incoming,56-65,62.512457906992154
4288,15.928442902093694,Outgoing,18-25,34.874364978751125
4289,22.545655067022754,Outgoing,46-55,101.74498270808975
4290,18.028031163156566,Outgoing,56-65,76.63760608550707
4291,17.54304186616721,Incoming,56-65,39.36588092009279
4292,12.848453400226788,Incoming,46-55,28.185238845533043
4293,7.579716675378324,Incoming,46-55,48.24191676390617
4294,13.957658947297961,Outgoing,36-45,53.64516887164085
4295,21.033040774319574,Outgoing,56-65,71.31230519416621
4296,7.364160717051762,Incoming,46-55,26.62558176863348
4297,9.724553159116525,Incoming,18-25,55.709738863983326
4298,15.631338681170341,Incoming,26-35,19.419699511704216
4299,10.076726075763688,Incoming,36-45,58.72715186822238
4300,11.037382764423937,Incoming,46-55,47.84991559083899
4301,12.882007091359114,Outgoing,26-35,88.73359524571526
4302,8.171912979049253,Incoming,36-45,19.07994911560646
4303,10.129390768918158,Incoming,56-65,77.4121676298021
4304,18.517139583936544,Incoming,26-35,15.923373296675635
4305,8.46315108884518,Incoming,36-45,23.455794511869918
4306,7.010639327525812,Outgoing,46-55,16.458108830556696
4307,11.849875102330529,Incoming,46-55,55.00705216902108
4308,18.65977751254923,Incoming,36-45,26.52602378492533
4309,14.015390960015552,Incoming,56-65,23.03336989438924
4310,12.677094609421909,Outgoing,36-45,54.05535203246761
4311,15.221793987578035,Incoming,18-25,59.035507717493815
4312,6.27146283570174,Outgoing,36-45,50.796986083006516
4313,17.473528268875164,Incoming,36-45,46.755617019568945
4314,16.91717515701822,Incoming,46-55,86.57819264874357
4315,12.953457629521393,Incoming,56-65,52.916725324839405
4316,20.029622558982084,Incoming,36-45,66.11382947844498
4317,9.362519505234808,Incoming,26-35,52.858442513799176
4318,20.639544966267845,Incoming,46-55,28.042474234906315
4319,15.772468327976256,Incoming,46-55,60.99775363804034
4320,13.317237050609133,Incoming,36-45,36.884053770604154
4321,14.900631823158442,Incoming,26-35,48.18027723921527
4322,14.463676170945291,Outgoing,36-45,56.10805363786852
4323,21.101414482088586,Outgoing,26-35,11.171638662267142
4324,9.616604362644932,Outgoing,46-55,17.80995752216542
4325,11.187403804267008,Outgoing,26-35,68.18918344995126
4326,20.1815144603624,Incoming,36-45,36.72507106802112
4327,12.022325324080704,Incoming,18-25,37.67356021782278
4328,19.50266538665796,Outgoing,18-25,53.3287679474164
4329,23.497179915043546,Outgoing,26-35,42.28654805756261
4330,12.991024865291832,Outgoing,36-45,58.35176763285579
4331,18.406811632876526,Outgoing,56-65,48.977564225339115
4332,9.231538593300709,Incoming,18-25,53.97205900360897
4333,18.773666490339046,Outgoing,46-55,35.962832195154945
4334,15.997119929933836,Incoming,36-45,53.871896465618555
4335,17.365191410801074,Incoming,36-45,72.10178173670889
4336,11.772139639823024,Incoming,18-25,38.64503567771603
4337,6.6945829221641375,Outgoing,56-65,68.30636600544302
4338,17.516260323747524,Outgoing,46-55,48.968793633547016
4339,4.682984237602728,Incoming,56-65,64.68963311955875
4340,13.413247538787326,Outgoing,46-55,52.57542636706222
4341,19.70590933209985,Outgoing,18-25,49.331781598041474
4342,15.95948867936518,Incoming,36-45,56.994593641527324
4343,24.741713223949066,Incoming,46-55,74.27195124604498
4344,20.125545762908867,Outgoing,36-45,54.72194588430151
4345,11.730508058372118,Incoming,26-35,59.570616618167946
4346,15.136566899257193,Outgoing,26-35,42.63030172846597
4347,14.76314648727782,Outgoing,18-25,81.41772947990052
4348,7.089116183269364,Incoming,18-25,62.80674221859343
4349,10.298005417578235,Incoming,18-25,51.55416920050012
4350,12.196195465100699,Outgoing,26-35,47.54692655490651
4351,4.818897485720317,Incoming,46-55,69.55816538546222
4352,15.237467341258215,Outgoing,56-65,37.87591845909481
4353,13.754640776734796,Incoming,18-25,14.34249967457334
4354,6.635530493442129,Outgoing,56-65,51.44799198848911
4355,17.02106432638666,Incoming,56-65,73.80009146228687
4356,18.579363723454797,Outgoing,26-35,81.82617622369348
4357,16.135172394324446,Outgoing,46-55,47.8541211313224
4358,13.379659123955149,Incoming,26-35,50.87175327883567
4359,17.957210758759274,Outgoing,18-25,60.3906086503191
4360,18.401101802383454,Outgoing,26-35,44.7130116227247
4361,16.537017848598442,Outgoing,26-35,60.328118967822974
4362,10.876938747826195,Outgoing,26-35,48.291964978634645
4363,16.383003827555903,Outgoing,18-25,70.2273651438036
4364,20.977403254127395,Incoming,18-25,64.45961026195647
4365,12.016854706941348,Outgoing,26-35,66.20455664604866
4366,25.489696695662154,Outgoing,26-35,45.89364710395824
4367,12.371845330073079,Outgoing,56-65,88.51854641004522
4368,15.162035066700682,Incoming,46-55,59.67823884758944
4369,11.637572019968319,Incoming,56-65,54.94588106973663
4370,16.116354179601306,Outgoing,46-55,34.78114038866057
4371,6.288891536823623,Outgoing,46-55,48.05856359702892
4372,12.269791005916394,Incoming,26-35,52.28759521405272
4373,9.539393998257164,Incoming,56-65,34.246454071513995
4374,15.676691739461454,Outgoing,46-55,44.153657084618246
4375,19.97223687754454,Incoming,46-55,46.683999637939806
4376,18.230030935572756,Outgoing,18-25,51.11841321846436
4377,3.1417031957055386,Outgoing,46-55,14.745860199167915
4378,25.2103482646394,Outgoing,26-35,47.29458918591471
4379,16.47639970310434,Incoming,36-45,42.45307633840137
4380,11.117504297535,Outgoing,18-25,49.582317007502006
4381,15.785639594954704,Outgoing,36-45,70.70553132360513
4382,15.880949112513463,Incoming,26-35,91.04790984242412
4383,11.665756415242182,Outgoing,36-45,63.56754399289254
4384,15.989583336710378,Outgoing,46-55,25.311556558673274
4385,11.962638561898464,Outgoing,36-45,43.09186096334931
4386,12.978190036549886,Incoming,56-65,61.919266176621825
4387,11.568604321224578,Incoming,26-35,59.66580992858046
4388,7.836643551301736,Outgoing,56-65,69.74651470906149
4389,15.72918235107692,Incoming,36-45,48.05298011418808
4390,17.92649718258169,Outgoing,56-65,42.729995112689885
4391,17.57441798038186,Outgoing,18-25,85.04848007832078
4392,19.09962626317617,Incoming,36-45,51.17341206739275
4393,16.621701050074343,Incoming,56-65,29.666512479577705
4394,12.336372508915483,Outgoing,46-55,79.50267314065842
4395,19.198319322155946,Incoming,36-45,20.078090172111104
4396,8.212412300790325,Incoming,18-25,0.0
4397,10.496643087437599,Incoming,46-55,65.38773516075148
4398,10.178999642883777,Outgoing,36-45,68.21401942049263
4399,20.40028029569655,Outgoing,46-55,58.280258838893815
4400,19.71394257070038,Incoming,36-45,23.950878320159003
4401,17.436526185224974,Outgoing,36-45,48.82260289515359
4402,20.359649326058985,Outgoing,26-35,44.436628528922576
4403,10.603586087940059,Incoming,56-65,39.25421978215221
4404,16.742975599304902,Outgoing,36-45,78.24138861618559
4405,14.37412785808418,Incoming,18-25,29.06667882736622
4406,19.23441051942457,Outgoing,56-65,56.32208906212799
4407,14.423878837239013,Outgoing,26-35,73.8809396732515
4408,13.075285557949595,Incoming,56-65,57.62883050638076
4409,17.70454259280495,Outgoing,56-65,74.82236744990747
4410,19.380845835956166,Incoming,36-45,61.27429444857859
4411,11.65827402576599,Outgoing,18-25,58.586993409840574
4412,14.69462164323812,Outgoing,36-45,57.33669737664294
4413,9.707796831791736,Outgoing,18-25,62.268865333003006
4414,2.509694912535302,Incoming,18-25,42.28921805175479
4415,16.002298157068644,Outgoing,46-55,23.96252296254427
4416,18.04452678127316,Outgoing,36-45,69.08086822926619
4417,16.310334045433628,Incoming,26-35,73.23484601011532
4418,5.252191411228164,Incoming,56-65,55.03957621812087
4419,13.245752849617627,Outgoing,46-55,39.032487607312596
4420,3.9082611997445937,Incoming,26-35,18.84565766940724
4421,21.848505538270924,Incoming,36-45,51.71614199846776
4422,9.56972708940957,Incoming,18-25,23.02099310564057
4423,21.27701804729948,Incoming,36-45,20.220249947241488
4424,19.72934821842073,Outgoing,36-45,49.58536943968615
4425,10.497048237319692,Incoming,46-55,34.72460997623971
4426,9.336075243661275,Outgoing,26-35,56.90619112329541
4427,16.75185108193169,Outgoing,46-55,46.81408794876251
4428,10.778379814084644,Outgoing,26-35,37.867308675547804
4429,15.512423210791038,Incoming,46-55,15.901698385420687
4430,12.585862045965408,Incoming,56-65,32.942237483392844
4431,6.0942079276718335,Outgoing,18-25,33.67727019897819
4432,3.8476599043777053,Outgoing,18-25,25.49384652970076
4433,16.133421242472984,Incoming,18-25,43.4191140951523
4434,12.192211268346874,Incoming,56-65,27.054960176506967
4435,12.234550915429338,Outgoing,56-65,46.7251450541757
4436,18.479319195468925,Incoming,18-25,54.80822427337312
4437,20.867211383162225,Incoming,18-25,33.47660091221644
4438,13.637276393190954,Outgoing,26-35,58.50817258837169
4439,13.297006465450693,Incoming,26-35,22.772842575045928
4440,17.500715165569417,Incoming,36-45,27.756452032074186
4441,8.215322151502123,Outgoing,46-55,47.73565404750462
4442,16.115765273738486,Incoming,26-35,63.74082183777277
4443,17.75942985911077,Outgoing,26-35,67.34799082978533
4444,18.401151042088145,Incoming,26-35,82.24781244315119
4445,5.316236487487675,Outgoing,26-35,42.4682225036498
4446,11.193223650955296,Incoming,56-65,47.44997362643391
4447,10.608683735882668,Outgoing,36-45,29.34648941964026
4448,15.499434772046065,Incoming,26-35,24.92467336017954
4449,17.40372289883992,Incoming,46-55,54.571441726550496
4450,22.483552037229906,Incoming,26-35,34.48257001107514
4451,12.525172598159635,Outgoing,56-65,74.6475840003458
4452,12.51213750845393,Incoming,18-25,20.752285362652184
4453,20.748360094393735,Outgoing,18-25,59.72706411649393
4454,16.482884692651524,Incoming,36-45,29.885215223659415
4455,21.33825755593987,Incoming,18-25,33.59103066455833
4456,16.44364001504918,Incoming,26-35,60.782241305040614
4457,9.214416906433645,Incoming,56-65,36.482391277841835
4458,8.334358226110968,Incoming,36-45,39.684318649602
4459,7.242438754705355,Incoming,26-35,33.756832728968625
4460,18.310259173792367,Outgoing,18-25,85.70059583226883
4461,20.94298411543504,Outgoing,46-55,37.65027377839981
4462,24.246810706931903,Incoming,26-35,51.031044348655264
4463,19.215526661616202,Incoming,46-55,45.96172799437851
4464,20.814192887674928,Incoming,46-55,54.428341234485224
4465,12.099918336731577,Incoming,36-45,37.705261060681295
4466,9.217920916280717,Incoming,56-65,45.983655309167
4467,19.250396662087766,Outgoing,18-25,57.87904017987871
4468,17.088403761197004,Incoming,18-25,32.739857239940164
4469,15.537221871704462,Incoming,26-35,71.78642713256309
4470,16.93685740316495,Outgoing,18-25,73.70961038083266
4471,16.61592741229103,Outgoing,36-45,62.12985252317479
4472,21.41908429926781,Outgoing,18-25,51.397527671929666
4473,21.47492792408478,Incoming,26-35,0.0
4474,17.721101761701735,Incoming,18-25,58.48582265308926
4475,19.22901436281464,Incoming,56-65,42.17339189542271
4476,17.57031276212388,Incoming,46-55,45.074511771649206
4477,12.694151339826906,Incoming,46-55,12.052453389543672
4478,18.7828233745657,Outgoing,46-55,59.87176971748385
4479,8.027524655703692,Incoming,56-65,21.02837906346091
4480,20.269457761479416,Incoming,36-45,52.368490919827885
4481,9.027385301169826,Incoming,26-35,68.09314963819682
4482,16.429016433973665,Outgoing,56-65,40.61343637364896
4483,10.774230207869206,Incoming,26-35,74.32103450456881
4484,17.766944915372132,Incoming,36-45,35.06019243585639
4485,14.830373870360456,Incoming,56-65,62.00866153462003
4486,7.026220209183338,Incoming,18-25,23.90428497082945
4487,17.103498155092396,Outgoing,36-45,70.62260869361047
4488,12.110396115836448,Outgoing,46-55,67.5198076515858
4489,19.405733604066846,Outgoing,56-65,59.36715845927459
4490,15.006628443672037,Incoming,36-45,42.13431726772377
4491,16.97710492694019,Outgoing,36-45,21.95998753143776
4492,10.21215522492394,Outgoing,56-65,42.18719369561085
4493,12.053338842863191,Incoming,46-55,72.20614351496245
4494,12.706806819494577,Incoming,46-55,52.599237431382306
4495,19.28351240121278,Outgoing,36-45,18.939261409751005
4496,23.386885439027445,Outgoing,26-35,27.505447211601176
4497,10.974141241285619,Outgoing,36-45,75.0630280170456
4498,20.3842407232884,Outgoing,56-65,59.758255042557714
4499,4.15161291137149,Incoming,56-65,25.319997585201442
4500,9.029052994538553,Incoming,56-65,14.683370076508126
4501,10.206107719066125,Outgoing,46-55,37.49915730799867
4502,8.237456552796388,Outgoing,18-25,12.972825840201608
4503,7.0820580510621,Outgoing,56-65,46.88331019985999
4504,17.064994560688987,Incoming,56-65,99.03250743672608
4505,13.929661511360694,Incoming,26-35,18.060878486016563
4506,16.897026988025548,Incoming,26-35,46.2794867358757
4507,18.452363430607566,Outgoing,36-45,76.23853150662502
4508,16.32808496586267,Incoming,36-45,64.9817571660019
4509,18.28881588075187,Outgoing,36-45,47.02518570401723
4510,14.652338568788654,Outgoing,56-65,47.073026596636055
4511,9.065033058471277,Incoming,26-35,26.881804351508414
4512,20.28907090410398,Outgoing,36-45,44.64688459988893
4513,12.054439336094365,Incoming,26-35,54.868814284802596
4514,10.32201850618787,Incoming,56-65,72.1022708654818
4515,14.110410620978008,Outgoing,56-65,37.59648752970488
4516,10.435945403517435,Outgoing,36-45,46.20329743873075
4517,12.912848090052838,Incoming,56-65,31.01573038486635
4518,16.720269607817333,Incoming,56-65,54.506503590810105
4519,16.741708696230635,Incoming,26-35,65.67558900617927
4520,10.510849667871852,Incoming,18-25,62.5929602685979
4521,12.561473135256277,Incoming,46-55,26.596258491152895
4522,20.371665023851218,Incoming,36-45,52.9372641891283
4523,17.482000588669706,Incoming,18-25,36.45374943499623
4524,25.375325196742708,Outgoing,36-45,70.22100031305666
4525,20.90064086870764,Incoming,18-25,46.77374554452924
4526,20.721465342799696,Outgoing,56-65,19.60973323517831
4527,8.06065724772099,Outgoing,36-45,45.603945887845335
4528,18.819301758167114,Incoming,18-25,59.16945138397762
4529,14.734465991515446,Incoming,46-55,54.880121262855994
4530,12.245090982308753,Incoming,56-65,39.76407972696039
4531,15.840076702662643,Incoming,36-45,38.294532202577074
4532,19.72605767305742,Incoming,36-45,30.24991203567367
4533,17.504157955021057,Outgoing,18-25,42.10500759329388
4534,10.6076309932897,Outgoing,36-45,32.88642066948395
4535,18.712294567963102,Incoming,56-65,69.4017197235463
4536,11.81206228962018,Incoming,26-35,31.977252185367675
4537,16.08341559482143,Incoming,18-25,52.44568924724402
4538,13.483249662614329,Incoming,46-55,51.08607806652665
4539,13.905668741321872,Outgoing,36-45,68.91334895769822
4540,18.831214875202548,Outgoing,56-65,71.78736577916742
4541,9.79903140092051,Outgoing,36-45,63.91939886562657
4542,24.725975371384664,Incoming,46-55,57.0585668658026
4543,5.894569653527519,Incoming,56-65,29.027077078118843
4544,12.011661583725715,Incoming,46-55,28.622598245234848
4545,16.851059449708703,Outgoing,56-65,33.08618360470102
4546,17.92157083217655,Outgoing,26-35,65.0384199925583
4547,14.497621397141474,Outgoing,56-65,51.46659856501272
4548,14.713046484992288,Incoming,46-55,67.37314481471125
4549,17.052750426638084,Outgoing,18-25,70.05605468640167
4550,13.844652612711599,Incoming,26-35,35.48096199401504
4551,21.96590628967453,Outgoing,36-45,50.64148655114374
4552,19.19674557115801,Incoming,26-35,49.740126426328196
4553,19.364121755028172,Incoming,26-35,43.4442462075157
4554,10.169216383147916,Incoming,36-45,39.303142909505766
4555,14.603057877971485,Incoming,56-65,73.69511006822114
4556,13.497670256396482,Outgoing,26-35,51.03943453431002
4557,9.971993121552671,Outgoing,26-35,50.26289577119536
4558,16.800820919728835,Outgoing,18-25,33.94444650262808
4559,12.311771211100918,Incoming,18-25,63.50424860827009
4560,18.277019149251185,Outgoing,46-55,29.8978499832397
4561,9.64904218552834,Incoming,36-45,59.098110576893646
4562,23.595203064209105,Outgoing,56-65,59.64458720110324
4563,10.51833670703969,Outgoing,56-65,41.74969901352863
4564,16.09651168600218,Incoming,46-55,56.35304162366359
4565,18.959296551940337,Incoming,56-65,53.713391180889744
4566,12.146797848999435,Incoming,56-65,49.21278750379701
4567,19.262343217164755,Outgoing,18-25,50.25887960290465
4568,8.854082010997919,Incoming,56-65,51.23563646387043
4569,22.260588495912803,Outgoing,56-65,52.59823345344096
4570,15.070746324828791,Outgoing,46-55,51.20484062687413
4571,12.017942960155601,Outgoing,46-55,27.922716195757165
4572,13.504091137862828,Incoming,26-35,46.955780979887905
4573,19.044596346963598,Outgoing,56-65,55.29897202393744
4574,12.077723540747808,Incoming,56-65,51.94577457078583
4575,11.253211552886112,Incoming,56-65,69.07500518790278
4576,13.892317012081309,Outgoing,18-25,62.401731789989086
4577,9.11518943615016,Outgoing,56-65,32.59180929893728
4578,24.102719539709078,Outgoing,18-25,46.6674578389121
4579,12.168027043926383,Outgoing,26-35,43.77326693105624
4580,19.158083930902016,Incoming,36-45,49.91303026745632
4581,16.047350418238864,Incoming,56-65,49.940372003226
4582,10.07732974759016,Incoming,46-55,62.230433384796974
4583,14.970226453936354,Incoming,46-55,53.546567262822876
4584,18.92001389655374,Incoming,56-65,74.61090010417101
4585,14.058693324568468,Incoming,18-25,54.8200627532472
4586,20.96556472925514,Incoming,46-55,33.38818959325447
4587,20.10757696390932,Incoming,46-55,40.65438759663561
4588,19.59457427329165,Incoming,26-35,62.07578141463517
4589,12.701716138635016,Outgoing,26-35,17.716634709886293
4590,9.600787761092565,Outgoing,26-35,23.082391704799097
4591,11.932061973186027,Incoming,46-55,50.21394414250461
4592,15.981204703333603,Incoming,46-55,69.01844237042332
4593,17.728933567661777,Outgoing,56-65,76.14070863909755
4594,4.142142976197762,Outgoing,56-65,45.65788505956457
4595,14.959433991941248,Outgoing,18-25,71.21657373971769
4596,15.790446126615922,Incoming,46-55,51.445358195377956
4597,13.612278718422242,Outgoing,56-65,19.37170035513539
4598,21.456369195079397,Outgoing,56-65,49.83846927043261
4599,17.108900371254354,Outgoing,26-35,37.621837507568976
4600,21.550959540404484,Outgoing,26-35,68.36461760955481
4601,13.920197398248838,Outgoing,26-35,49.486494792910264
4602,19.687387462534623,Incoming,36-45,24.441737868870593
4603,23.175331972637597,Outgoing,56-65,20.005703781828817
4604,21.558467246363307,Incoming,26-35,49.580400851710976
4605,9.539292032856334,Outgoing,26-35,1.595650570805887
4606,13.731619612288096,Outgoing,46-55,39.636694203441984
4607,13.274176472751018,Outgoing,26-35,54.62060651485683
4608,17.44627267538164,Outgoing,46-55,28.859669918892838
4609,18.431767775072665,Outgoing,18-25,69.87974313810659
4610,10.80553662987132,Incoming,26-35,73.82013099501384
4611,15.339192569584688,Incoming,46-55,29.665980944960964
4612,4.900363339219318,Incoming,26-35,44.039116516070266
4613,22.209725029009448,Incoming,18-25,69.89386302642943
4614,12.438128796616532,Incoming,26-35,49.97384931489822
4615,15.279319699222485,Incoming,46-55,22.110428438019603
4616,13.451751430059694,Incoming,18-25,47.13357862871294
4617,20.730137875067076,Outgoing,18-25,32.94143355408322
4618,0.8124677930131057,Incoming,18-25,72.1639579285177
4619,14.916948288370454,Outgoing,36-45,62.11864188649177
4620,14.47090621251151,Outgoing,46-55,43.72486109468744
4621,12.731818062041587,Incoming,36-45,52.84296025060081
4622,23.631132728178162,Outgoing,18-25,23.837568460550273
4623,10.563352705721144,Outgoing,36-45,34.92445082884777
4624,18.858980886178305,Incoming,26-35,81.06558375384986
4625,16.78126394353042,Outgoing,36-45,51.070293051593346
4626,21.307596262677578,Incoming,56-65,68.6017160958273
4627,11.664054576112473,Outgoing,18-25,54.64026176816057
4628,11.335155504381206,Incoming,18-25,76.28563686059049
4629,20.480349537386992,Outgoing,46-55,10.023249348015604
4630,17.126606541650553,Incoming,26-35,46.23564831961987
4631,7.275313266616207,Outgoing,46-55,82.89563292432778
4632,12.303474927683649,Incoming,36-45,69.12346871121288
4633,16.931913269240304,Outgoing,56-65,76.50744517580382
4634,19.188821107732945,Outgoing,56-65,49.864708126870184
4635,11.603846734035224,Incoming,56-65,39.25787169173233
4636,0.4287200509152953,Outgoing,56-65,29.456710806241432
4637,17.616115928685165,Incoming,26-35,28.061438166769793
4638,8.898396550280122,Outgoing,36-45,66.14121124417038
4639,4.913306009387943,Outgoing,56-65,60.26422100841704
4640,0.8383703750792968,Incoming,18-25,48.6685310133928
4641,19.069904300988707,Outgoing,36-45,60.16381309703361
4642,15.643087252024833,Incoming,26-35,52.849035181041216
4643,13.871718096438741,Outgoing,56-65,69.24435402798967
4644,21.94512181481381,Outgoing,26-35,69.0537350981634
4645,18.186623415115363,Outgoing,56-65,28.68251799030315
4646,23.081500213609583,Outgoing,18-25,55.4729197493958
4647,8.036322639165018,Incoming,36-45,16.62266499611836
4648,14.827246880230183,Incoming,18-25,52.66041476181192
4649,6.916433125259928,Outgoing,56-65,62.08608559403171
4650,13.853088340722664,Outgoing,46-55,23.725613104136784
4651,13.756920731166613,Incoming,36-45,41.67074529078336
4652,18.133068186315356,Outgoing,26-35,50.19052754439605
4653,15.227819405709491,Incoming,56-65,54.67829832746779
4654,18.11703569139958,Outgoing,18-25,44.4279259355033
4655,18.51720066569447,Outgoing,46-55,26.55423695190656
4656,25.77464338691571,Incoming,56-65,48.919855961614836
4657,13.423516723569378,Outgoing,26-35,16.95512866118044
4658,10.294886496668106,Incoming,18-25,45.3471712663571
4659,16.230418076582044,Incoming,36-45,41.1725277260614
4660,10.988599864302284,Incoming,46-55,47.314686531211585
4661,22.40980384218268,Incoming,56-65,38.81356045048634
4662,13.583909805273837,Incoming,56-65,19.846383236875994
4663,12.172118160630049,Incoming,56-65,42.67313358820975
4664,12.64342139424441,Outgoing,56-65,68.61640250074637
4665,18.592087117358204,Incoming,18-25,75.2292160797761
4666,14.211265083842573,Incoming,36-45,98.78668557438533
4667,11.79166589934809,Outgoing,26-35,83.83300816795328
4668,23.326759588117653,Incoming,46-55,26.061241466637917
4669,10.719150796691249,Outgoing,56-65,41.83124797454681
4670,15.177830370164967,Incoming,56-65,49.54428730324446
4671,18.26153075805115,Incoming,36-45,48.28880331532601
4672,6.843324447914634,Incoming,36-45,51.390666597924515
4673,17.401302507029627,Outgoing,18-25,98.15182843095117
4674,9.724461622597753,Outgoing,18-25,28.35896908415205
4675,19.113913904170012,Incoming,18-25,35.72937727571403
4676,10.186744940405118,Incoming,46-55,82.87651860178187
4677,18.463845159244304,Outgoing,18-25,37.680373138302954
4678,20.529165331473564,Outgoing,56-65,57.87161300671431
4679,19.307182628164025,Outgoing,18-25,70.69314739736417
4680,16.256583241190512,Incoming,46-55,59.729980334640594
4681,13.843495285351503,Outgoing,18-25,53.835312662049844
4682,12.11790211832578,Outgoing,18-25,68.77221539387968
4683,22.35517345408552,Outgoing,56-65,32.13862886990059
4684,11.502523899161783,Outgoing,56-65,40.072737410079974
4685,9.81466963215002,Outgoing,56-65,60.712751769303274
4686,18.32684467516415,Outgoing,18-25,8.61121481571498
4687,11.019315984067523,Outgoing,56-65,78.33167646689385
4688,10.249682512669363,Incoming,36-45,56.06784750395562
4689,7.781978689151176,Outgoing,26-35,53.060635055623
4690,12.585450802697412,Incoming,26-35,17.389742447178854
4691,14.586424880517534,Incoming,56-65,24.26781749200524
4692,16.215458638303495,Outgoing,46-55,42.028326713982764
4693,19.75653122149742,Incoming,56-65,66.14859700591198
4694,17.634489618328967,Incoming,56-65,8.467679756028296
4695,14.045638902234101,Outgoing,18-25,65.76729601554712
4696,14.0090216181014,Incoming,46-55,42.79937351783266
4697,17.550787344575916,Outgoing,56-65,45.53153054516696
4698,21.362850814642847,Outgoing,36-45,55.07185883381613
4699,15.631570997416,Outgoing,26-35,55.38634475692823
4700,12.654345728947956,Outgoing,36-45,35.751428201268055
4701,10.035669994572274,Outgoing,36-45,62.498201769376855
4702,7.773973677938873,Outgoing,36-45,3.612037202071228
4703,18.331348360217618,Outgoing,46-55,40.99162226864691
4704,17.889892618197784,Incoming,46-55,53.07363526353808
4705,17.886817625533308,Outgoing,46-55,43.101013695710506
4706,14.356702768239721,Incoming,26-35,13.461793920680364
4707,22.034673729458753,Outgoing,18-25,65.16054757520942
4708,12.579407527075912,Outgoing,56-65,25.032243757458957
4709,19.77634618603603,Outgoing,56-65,48.649719849434206
4710,14.806285525052285,Incoming,18-25,53.06069194135246
4711,11.958246176603312,Incoming,56-65,50.39654307530734
4712,17.962651536588808,Incoming,36-45,73.3802185172763
4713,17.048180593419968,Incoming,26-35,48.934748800126265
4714,16.78486379633463,Incoming,56-65,58.549108093938806
4715,15.406392110280994,Incoming,26-35,48.88191933697518
4716,14.810534591415845,Outgoing,18-25,62.25912168332549
4717,26.941859964352194,Outgoing,56-65,77.86990594095046
4718,20.921283225980865,Incoming,26-35,52.75083658944388
4719,18.61413447492756,Incoming,36-45,65.63700715165999
4720,15.558995791016942,Incoming,36-45,79.10657869764395
4721,20.035786002983347,Incoming,18-25,77.14368493948542
4722,17.58997388195726,Incoming,46-55,42.29421192777579
4723,15.131023763870179,Outgoing,56-65,70.72864711490334
4724,13.482178373670425,Outgoing,36-45,54.97542320094386
4725,14.59541331168656,Outgoing,36-45,72.34459995467827
4726,0.0,Outgoing,18-25,61.372691671259
4727,16.05300419648821,Outgoing,36-45,55.51336152072376
4728,12.557619599448202,Outgoing,56-65,58.679441606927085
4729,22.963349991414418,Outgoing,18-25,55.104759120778624
4730,15.096720354058771,Outgoing,26-35,55.886660902730206
4731,9.05518290232519,Incoming,18-25,46.823352788361824
4732,14.75059922935941,Incoming,56-65,44.96551318784965
4733,9.769394574687478,Outgoing,56-65,85.26349858745338
4734,17.367037078562333,Outgoing,26-35,59.55055822222368
4735,16.454736821697427,Outgoing,18-25,38.533901555372005
4736,19.78919815554134,Incoming,56-65,44.451651371407124
4737,11.045591041527173,Incoming,56-65,71.12516906895902
4738,15.170040481140735,Outgoing,26-35,35.27626579822761
4739,8.174891022866824,Incoming,46-55,20.359446363779785
4740,18.507473909623574,Outgoing,18-25,21.83101718795911
4741,17.59435590220061,Outgoing,56-65,15.420487995904246
4742,17.479025105137854,Outgoing,36-45,24.02370283471084
4743,15.008095156784705,Outgoing,26-35,26.382681203983793
4744,17.073864453943955,Outgoing,46-55,77.70474759216278
4745,23.021695541542982,Incoming,46-55,49.07641574681463
4746,13.574528714789931,Outgoing,26-35,42.73472921726565
4747,15.693225918550423,Outgoing,46-55,21.131738739628524
4748,9.569368504092951,Outgoing,56-65,47.1374720505732
4749,10.658695192008338,Outgoing,46-55,15.25343874871615
4750,15.489066465466538,Incoming,18-25,42.6116565742727
4751,20.519667733509536,Outgoing,36-45,91.2898877968735
4752,13.718595878742137,Outgoing,56-65,63.2760715741273
4753,13.82041735343938,Incoming,26-35,45.804036792909386
4754,12.965573777478127,Outgoing,36-45,63.96247210812713
4755,12.326216645778384,Outgoing,56-65,39.569136437448634
4756,16.474857278544107,Outgoing,36-45,33.986445142416244
4757,7.513711774106778,Outgoing,46-55,84.08259259065684
4758,21.40469788333364,Incoming,26-35,27.154506921594532
4759,11.672888509352697,Outgoing,26-35,42.91757528645299
4760,18.609517427190706,Outgoing,18-25,56.1206656472702
4761,8.65000701303062,Incoming,46-55,31.275315884851036
4762,18.34420065273109,Outgoing,18-25,63.012099072628196
4763,18.359723039072488,Outgoing,18-25,43.868109507154955
4764,16.921010360029484,Incoming,46-55,63.278206551337135
4765,10.027857391001039,Outgoing,56-65,61.719683595010366
4766,16.247740947990387,Incoming,18-25,45.1397573874834
4767,9.084719076328055,Outgoing,36-45,84.2131734518197
4768,13.736183724519073,Incoming,56-65,36.69328393133117
4769,20.14706550477663,Outgoing,46-55,76.97740941097474
4770,18.98350963535371,Outgoing,26-35,73.49866485256081
4771,15.075914712702165,Incoming,56-65,85.4176441532088
4772,10.125967120385791,Outgoing,18-25,53.481120786860416
4773,18.227938560870967,Incoming,36-45,34.228285761440205
4774,15.096906188490125,Incoming,46-55,91.53593170659093
4775,3.3984220088478843,Incoming,26-35,43.305970640472715
4776,18.913149131582593,Incoming,36-45,33.72914854588929
4777,14.87883583065154,Outgoing,26-35,46.20426508190374
4778,21.01225623991536,Incoming,46-55,30.36618567685845
4779,9.523647405785976,Outgoing,56-65,60.52297650246692
4780,0.0,Outgoing,18-25,37.88663236482975
4781,16.395419291725926,Incoming,46-55,44.250316601902554
4782,16.457818383409865,Incoming,36-45,69.35557723329924
4783,6.546641861967741,Outgoing,56-65,62.47386420352383
4784,10.107502270666968,Incoming,26-35,50.31169145139317
4785,28.77608871859951,Outgoing,56-65,53.41747057493964
4786,13.471946929230983,Incoming,56-65,50.24510861263083
4787,18.65479488188108,Outgoing,36-45,41.37689867165271
4788,11.746700863158082,Outgoing,18-25,49.94946678304426
4789,4.548485505734217,Incoming,56-65,59.81683250985887
4790,14.148708766020473,Outgoing,56-65,47.476757420423205
4791,13.671977198569474,Outgoing,18-25,58.39535260460548
4792,13.000608806658143,Incoming,18-25,33.26662443153906
4793,14.426795822468037,Incoming,26-35,37.9221269770859
4794,16.32134135822818,Incoming,26-35,35.31358993452049
4795,14.249415243730967,Incoming,18-25,38.69737256415188
4796,8.67996916026318,Incoming,46-55,75.74362093412182
4797,17.430923957809696,Outgoing,18-25,64.5207758622072
4798,5.253141223387884,Outgoing,26-35,28.46153762631309
4799,4.748212713578999,Incoming,36-45,58.749965928169104
4800,18.69590247350784,Outgoing,36-45,42.1883537470286
4801,17.535101360676784,Outgoing,56-65,36.352308290568686
4802,14.71302317462982,Outgoing,36-45,20.285210685549863
4803,8.02275747622464,Outgoing,26-35,69.43837387640488
4804,11.460445296629622,Outgoing,36-45,22.72273700665723
4805,13.68626626156748,Incoming,46-55,48.96073643980251
4806,7.020530157129433,Incoming,18-25,31.073775085502625
4807,11.304856709883836,Outgoing,18-25,65.51687894139849
4808,18.261651690883397,Outgoing,26-35,43.31296347372099
4809,22.136526821446083,Incoming,56-65,47.310746889593105
4810,12.902826236707247,Incoming,18-25,47.98531474139934
4811,18.78244177158049,Incoming,36-45,56.05140669871567
4812,5.429699647062664,Incoming,46-55,50.26009527966619
4813,18.297256205568058,Outgoing,56-65,49.134536220777676
4814,10.980257926362594,Incoming,56-65,39.63196049490444
4815,16.53672808353985,Incoming,56-65,18.50541253315814
4816,13.761237908801453,Outgoing,18-25,27.62898080916289
4817,21.60207004891917,Incoming,56-65,64.3695947736129
4818,10.62782175830041,Incoming,26-35,43.88361073347404
4819,18.138031487809155,Incoming,36-45,36.71980444555041
4820,13.602462683517333,Incoming,46-55,21.8854371116391
4821,14.20847260995168,Incoming,36-45,15.607057198192955
4822,14.080730534203951,Outgoing,26-35,35.93586239743603
4823,10.771634477529435,Outgoing,26-35,67.76105708090515
4824,14.929505170466642,Outgoing,36-45,38.85859612755363
4825,14.686758889390893,Outgoing,18-25,58.00971050482895
4826,16.206201242033647,Outgoing,26-35,37.93880341204084
4827,15.422525728464313,Incoming,56-65,62.77733392057698
4828,18.98997274806118,Incoming,46-55,42.96498396382662
4829,19.617543080236842,Incoming,46-55,25.362315088990073
4830,9.746883390860994,Incoming,26-35,44.620938642011126
4831,19.343862502953854,Incoming,56-65,86.68000836560815
4832,9.068317864450728,Incoming,36-45,85.79768631101709
4833,17.939279440688676,Incoming,46-55,59.73066605558729
4834,18.098693923514343,Incoming,56-65,47.25882369172595
4835,5.443415541687479,Incoming,56-65,56.07803604190167
4836,15.464896232647048,Incoming,18-25,56.337046774665794
4837,12.657519433198422,Incoming,26-35,49.20226495265797
4838,11.206173710323124,Incoming,56-65,58.818880398452336
4839,21.75426165349503,Incoming,36-45,54.164537243071265
4840,11.731604296812906,Outgoing,46-55,43.68055229271373
4841,10.96811535440975,Incoming,18-25,26.094864012327143
4842,15.378474700025468,Outgoing,36-45,40.798815155596685
4843,18.42794873149208,Incoming,46-55,65.99037698147194
4844,14.291757069949366,Incoming,26-35,49.37075551009271
4845,20.831852728346263,Incoming,36-45,56.0057378317501
4846,17.654878309820454,Outgoing,46-55,44.33968944591175
4847,4.108943401342849,Outgoing,18-25,28.808049899787505
4848,12.352665182464959,Incoming,46-55,45.227405702563544
4849,12.190789503241504,Incoming,56-65,29.55088198501297
4850,17.39680476714711,Incoming,18-25,28.27421652792897
4851,1.8759147181294402,Incoming,36-45,74.11273217738818
4852,27.74504854358861,Outgoing,26-35,41.59827990131567
4853,17.65513047447105,Outgoing,18-25,35.17030549079933
4854,15.744384019588455,Incoming,18-25,82.3591936876181
4855,20.90783858209573,Outgoing,18-25,66.29970070808483
4856,26.718270264063122,Outgoing,46-55,42.56981548996324
4857,19.353733222942015,Incoming,56-65,58.55272651104737
4858,19.7440654823581,Incoming,26-35,45.28423363478595
4859,15.653450122321912,Incoming,26-35,36.146406414408006
4860,14.292371233165259,Outgoing,56-65,59.49382448970009
4861,12.621022779975494,Incoming,46-55,43.51396229359594
4862,10.86944004142729,Outgoing,46-55,51.50996017998806
4863,11.564929501502514,Incoming,56-65,70.42726469799342
4864,8.247220178285083,Incoming,56-65,68.22426207590753
4865,14.620642746574884,Outgoing,36-45,38.99813416287847
4866,6.576662113868066,Outgoing,46-55,59.72063204574172
4867,15.954582620718554,Outgoing,18-25,27.44287507708488
4868,14.818346959788292,Outgoing,26-35,59.0082832263141
4869,15.734676491933438,Outgoing,46-55,52.96990611602211
4870,12.389342149900038,Outgoing,56-65,57.57958724726861
4871,30.384301850902517,Incoming,18-25,44.051104907115345
4872,21.800579500901563,Outgoing,36-45,91.6814254730498
4873,8.777287499576385,Outgoing,36-45,31.974005847593716
4874,16.16434043713449,Incoming,18-25,69.43103421936922
4875,11.959969285313381,Outgoing,18-25,29.36603360463337
4876,9.92760136646293,Outgoing,56-65,60.08688349258642
4877,8.299639644380326,Incoming,56-65,61.515799545035655
4878,17.16108345379627,Incoming,26-35,51.09951743124571
4879,11.593098824652131,Incoming,26-35,40.09351178912591
4880,19.839130120126022,Outgoing,36-45,52.82269781490598
4881,19.968911072652194,Incoming,18-25,55.340206668603486
4882,21.869571926057247,Outgoing,36-45,85.79872972612566
4883,10.738066169629482,Incoming,56-65,32.55319429399408
4884,17.376828053460052,Outgoing,46-55,38.881730073719964
4885,18.162271083211504,Incoming,56-65,55.694711141386726
4886,12.629109124480175,Incoming,46-55,44.87892419209496
4887,11.141140213035625,Incoming,18-25,47.999179245388
4888,23.047603328879866,Outgoing,18-25,71.40703670727521
4889,16.13747937866027,Outgoing,18-25,0.0
4890,18.17983875355869,Incoming,26-35,38.04101309964378
4891,10.889619940860364,Incoming,26-35,15.152615474975015
4892,8.903577667389031,Incoming,46-55,26.08367126191859
4893,12.152751127539448,Incoming,36-45,98.0924898414494
4894,14.379893063050014,Outgoing,36-45,61.96336267905512
4895,9.678899965913256,Incoming,46-55,69.03129850116208
4896,14.950775956748085,Incoming,26-35,48.38940700427137
4897,6.557474059657499,Outgoing,56-65,65.1742764966382
4898,9.399762887650638,Outgoing,46-55,14.668709849595018
4899,18.354556241384376,Incoming,36-45,70.76596823539202
4900,18.018952601389472,Incoming,46-55,33.603117628802
4901,13.040616173065668,Outgoing,46-55,39.37368361348174
4902,9.911178454615236,Outgoing,18-25,60.103021409093046
4903,9.862982242369945,Incoming,26-35,56.328935171644304
4904,13.13365877029343,Outgoing,18-25,51.692400967870974
4905,18.22259245822646,Outgoing,26-35,22.738076928393625
4906,19.641228456721624,Incoming,46-55,51.99627337643284
4907,12.517341322590156,Incoming,26-35,69.21122706966457
4908,9.232537870076081,Outgoing,36-45,39.35025807800412
4909,16.339218189331667,Incoming,18-25,76.29874090680592
4910,10.882325146870752,Incoming,46-55,32.54616128171981
4911,12.408736805693987,Incoming,36-45,50.13095783436748
4912,21.626380452185188,Incoming,26-35,80.70655466753226
4913,19.13557714282884,Incoming,26-35,36.37200174600781
4914,15.789871561257259,Outgoing,36-45,71.07970966754148
4915,8.640404994436386,Outgoing,26-35,89.49304724443618
4916,16.056982837353296,Incoming,18-25,53.420881378483
4917,20.313286453937632,Incoming,56-65,39.45966025233386
4918,13.121831671172322,Incoming,26-35,34.54522394099953
4919,21.755570449933575,Outgoing,46-55,76.0920540669465
4920,21.463726447591036,Outgoing,26-35,75.53388398679297
4921,23.31866416071737,Outgoing,46-55,78.9861824573735
4922,16.526215632656765,Outgoing,26-35,49.343232986881056
4923,17.936958499030062,Incoming,26-35,70.7561388305421
4924,22.070936441655448,Incoming,46-55,49.0232121774786
4925,17.236969685344878,Outgoing,18-25,32.33889756783282
4926,12.493829461048936,Outgoing,56-65,72.48353570224705
4927,12.757285817360692,Incoming,56-65,82.6774055655641
4928,16.192774768868695,Incoming,18-25,29.587960544373605
4929,8.547192890268906,Incoming,26-35,29.211380741986602
4930,14.283705423179036,Incoming,56-65,50.79963868460249
4931,20.48273559115127,Incoming,18-25,69.12257211482
4932,4.043730744173594,Outgoing,18-25,27.32361612492093
4933,22.672410508972575,Incoming,56-65,54.54031473911812
4934,20.6118710935158,Outgoing,46-55,38.191460918804964
4935,12.701176920847619,Outgoing,36-45,64.01658199650004
4936,17.716954139359046,Incoming,46-55,34.04226357008219
4937,15.015738634531633,Outgoing,26-35,65.43606000548358
4938,21.149951842193417,Outgoing,46-55,46.83570378364583
4939,19.913415713849705,Incoming,36-45,31.257189526379147
4940,7.999646384084954,Outgoing,36-45,51.27379910853777
4941,17.936312067320884,Incoming,18-25,11.240533710232945
4942,13.971860731783762,Incoming,26-35,38.818108557901205
4943,15.414162852590499,Outgoing,18-25,56.74802140649323
4944,11.359140495150921,Incoming,46-55,14.564904419362094
4945,23.740685345604177,Incoming,46-55,0.0
4946,20.20030909951288,Outgoing,56-65,3.212653603736655
4947,11.301144180135164,Incoming,18-25,76.5425711100074
4948,8.326946965448837,Outgoing,18-25,48.46481974474541
4949,13.07163684511076,Outgoing,18-25,39.350692119856255
4950,17.17251323045653,Incoming,18-25,68.9030947133366
4951,16.201029219731115,Outgoing,36-45,41.91100635061778
4952,21.26566412384122,Incoming,56-65,55.36923799733464
4953,18.94959861090426,Outgoing,26-35,50.51510701846526
4954,19.847845128764533,Incoming,26-35,40.580011584940436
4955,16.634277003052187,Incoming,26-35,55.88291767778212
4956,8.05350634894505,Outgoing,36-45,65.46522442840289
4957,14.021507344265492,Outgoing,56-65,46.301867659660246
4958,20.300448699543328,Incoming,56-65,40.788888536907706
4959,14.74238535737677,Incoming,36-45,43.149751840010936
4960,17.515451843118733,Outgoing,18-25,4.041749344285364
4961,13.406258423769334,Incoming,46-55,55.661190930178236
4962,9.850940757290775,Incoming,18-25,25.817774220228973
4963,14.383279679769448,Outgoing,26-35,62.594374482378484
4964,16.54523721516327,Outgoing,18-25,48.19151798649412
4965,11.721561402692782,Incoming,36-45,52.10242193060881
4966,13.821443775716657,Outgoing,26-35,64.00658341212404
4967,10.302683790070088,Outgoing,46-55,31.469524673181304
4968,20.59622458782048,Incoming,26-35,57.38496886701914
4969,13.52772121205983,Outgoing,18-25,55.352421051253295
4970,22.263777725630916,Outgoing,56-65,46.30438334714414
4971,22.643739252704542,Incoming,56-65,31.436275984729242
4972,14.59477017639128,Outgoing,56-65,61.90476728110328
4973,9.957756337263252,Incoming,26-35,64.06909088838633
4974,4.570510611333313,Outgoing,56-65,52.272040519557684
4975,7.639814634866042,Outgoing,36-45,28.593951685707104
4976,8.1308258755067,Incoming,46-55,39.45101934149092
4977,21.892348137307522,Outgoing,56-65,48.79334555159867
4978,15.57912293613473,Outgoing,36-45,63.76989099964187
4979,16.948022620459938,Outgoing,36-45,18.33021197773767
4980,3.89789495532437,Outgoing,26-35,38.723930713912466
4981,9.010167853913693,Outgoing,26-35,41.946548801155956
4982,19.435398882231436,Outgoing,46-55,48.33556841193941
4983,16.433870561912933,Incoming,46-55,23.973494319503065
4984,14.263973606572014,Outgoing,18-25,45.64934443253333
4985,17.824211793000615,Outgoing,46-55,43.79032871374821
4986,23.178989030679077,Incoming,26-35,29.24816257020687
4987,13.894787682314748,Incoming,36-45,47.64064831662632
4988,15.346849013290347,Incoming,18-25,39.17661806428996
4989,15.962984593656525,Outgoing,46-55,59.911722850194145
4990,26.96054817636996,Incoming,36-45,32.29344877991323
4991,4.503218677904872,Incoming,26-35,51.7966824425691
4992,18.41611507394404,Outgoing,56-65,33.83222325541463
4993,14.425988756204681,Incoming,18-25,38.00491523682375
4994,17.833858630920897,Outgoing,36-45,55.945832554108115
4995,11.713137230026378,Outgoing,26-35,54.69435465684311
4996,14.75517484570775,Outgoing,26-35,41.659556348432794
4997,18.557052897327477,Outgoing,18-25,44.611787633346644
4998,30.564551005219204,Outgoing,18-25,20.92787109780952
4999,19.040180947010356,Incoming,46-55,78.055286211614
5000,10.759672009847456,Outgoing,46-55,63.74912795756056
5001,12.881201589886484,Incoming,18-25,63.028961017422134
5002,12.73292945808073,Outgoing,18-25,18.099355660875695
5003,6.021784136849925,Incoming,36-45,38.090200150214265
5004,13.349549041492814,Outgoing,46-55,43.30907942152754
5005,18.664145409108727,Outgoing,26-35,11.378770159319757
5006,8.628839404616024,Outgoing,46-55,67.79900192152174
5007,20.242413255252963,Incoming,46-55,79.07768977096272
5008,17.43887410542169,Incoming,18-25,91.23869912007228
5009,11.32883339014481,Incoming,18-25,29.082323449645273
5010,14.292351813310763,Outgoing,46-55,52.34646993668547
5011,22.991609038205166,Outgoing,56-65,76.45636538300843
5012,18.66773906752933,Incoming,56-65,44.927630421060925
5013,15.04391827449074,Outgoing,46-55,38.66024172314644
5014,13.811583415195079,Incoming,56-65,12.67964652911018
5015,15.383045352258298,Outgoing,46-55,72.65244915543498
5016,12.441182210288483,Incoming,18-25,49.6147848785327
5017,4.476252471404926,Incoming,18-25,35.413162820738755
5018,25.210889552673656,Outgoing,18-25,55.6771457965772
5019,15.776624995997008,Incoming,26-35,53.060107463573296
5020,16.990736325612687,Outgoing,18-25,53.36518204709183
5021,14.710461250615456,Outgoing,18-25,45.65803875346649
5022,11.32441599637706,Outgoing,46-55,82.44716317526732
5023,14.070377595256147,Incoming,56-65,47.326805334751555
5024,7.003026189028444,Incoming,56-65,82.38644152646609
5025,26.385432490266524,Incoming,18-25,61.282338528003955
5026,8.82744000788802,Outgoing,18-25,57.02340285523463
5027,9.840168580764104,Outgoing,18-25,47.73450493443689
5028,12.798703978067998,Incoming,46-55,69.47913387091842
5029,21.44037862426189,Outgoing,46-55,52.25983535155991
5030,15.07254499631327,Outgoing,46-55,31.357375697729367
5031,8.819321019847688,Incoming,56-65,30.69015618003929
5032,21.271691803786698,Incoming,26-35,58.44969243868544
5033,18.65500313392741,Outgoing,56-65,31.852422296670085
5034,17.692174786082262,Outgoing,46-55,48.75537886055001
5035,18.578671205854203,Incoming,36-45,71.14369077102182
5036,26.971809502912254,Incoming,26-35,56.07940355788668
5037,25.92547447518056,Outgoing,18-25,35.55730259342505
5038,11.566423284983523,Outgoing,56-65,78.1997502323228
5039,23.11942496405576,Outgoing,26-35,60.957504739894034
5040,16.9158409487945,Incoming,36-45,70.35585974408178
5041,17.495479080688746,Outgoing,26-35,4.648833135813952
5042,6.538645841783357,Outgoing,56-65,56.617057565254925
5043,14.14807117305902,Outgoing,46-55,66.84315672759786
5044,10.935882048317175,Outgoing,18-25,84.00577284595984
5045,19.140294074466546,Outgoing,46-55,20.723628316979166
5046,20.355402502014023,Outgoing,46-55,74.12229178389066
5047,4.627568244918443,Incoming,56-65,82.88760571402489
5048,14.889825679978648,Incoming,46-55,9.654220454420411
5049,20.60930752397126,Incoming,46-55,59.57182219739485
5050,14.066605188432774,Outgoing,56-65,62.35241628681404
5051,18.64531822501182,Incoming,56-65,43.45984674696187
5052,16.755827338135422,Outgoing,36-45,40.19811079867421
5053,16.70830115976313,Outgoing,46-55,63.35707826575645
5054,13.643425109658512,Outgoing,26-35,37.70036493178736
5055,8.917095979321452,Outgoing,18-25,45.65501343163804
5056,9.392349262874863,Outgoing,18-25,66.24869801647843
5057,18.546762572276585,Incoming,56-65,85.08086100653728
5058,15.097291277594415,Incoming,56-65,60.759685450840365
5059,14.307438776963876,Incoming,36-45,52.66968990829023
5060,12.880549788388237,Outgoing,46-55,39.67205030678459
5061,13.474055772596241,Incoming,56-65,29.787999186978876
5062,20.234558972440695,Outgoing,56-65,72.19156483001899
5063,13.323779590659866,Incoming,18-25,46.931002977462306
5064,8.294676433492157,Incoming,46-55,73.01406549333457
5065,18.718258877700865,Incoming,36-45,43.40896244009077
5066,13.975616680676413,Incoming,56-65,37.01422677277978
5067,15.156979327663882,Incoming,56-65,58.41597777655032
5068,23.037891531997552,Incoming,56-65,48.469281214632
5069,14.897197213247464,Outgoing,18-25,25.889427907785247
5070,16.445918365593627,Outgoing,56-65,86.34736659563696
5071,9.105382543508373,Outgoing,56-65,37.46032452456725
5072,13.901652738245199,Outgoing,18-25,68.55183042348428
5073,18.047630226043005,Outgoing,56-65,66.83713258792963
5074,7.223131330793788,Incoming,46-55,24.810744701712864
5075,16.004225465578546,Outgoing,46-55,29.95224710767031
5076,15.503955363224032,Outgoing,18-25,43.96981320599744
5077,15.206437277937196,Outgoing,46-55,32.68706910843367
5078,20.185794493291215,Outgoing,36-45,84.52912743757376
5079,16.672192574242608,Outgoing,56-65,45.99648726402977
5080,22.39035949178222,Outgoing,36-45,67.79498085628137
5081,10.03205242202982,Outgoing,46-55,60.27274778000408
5082,15.67962283609174,Outgoing,18-25,55.280448979927066
5083,15.422333931949737,Outgoing,18-25,50.806424214791754
5084,9.6537275312246,Incoming,36-45,74.74261415577394
5085,19.78147501045673,Outgoing,46-55,33.49814053329967
5086,26.62336652926409,Outgoing,56-65,84.52670620913173
5087,14.914969627580845,Incoming,46-55,24.2555363899181
5088,17.525105441368837,Incoming,46-55,65.63023451244848
5089,15.422592379076637,Outgoing,18-25,21.896722801204348
5090,11.43207665046412,Outgoing,26-35,43.685888955460804
5091,5.896198610989918,Outgoing,56-65,51.86619876121934
5092,11.471132584523174,Incoming,56-65,40.266093023409724
5093,8.040208095241343,Outgoing,18-25,46.36660860766218
5094,23.52051039029559,Incoming,46-55,22.26059104138413
5095,14.424451530383804,Incoming,18-25,30.25099062552897
5096,13.270403354764147,Incoming,46-55,59.965294143917646
5097,19.44576912393903,Incoming,26-35,50.5934364995489
5098,9.39124448572056,Incoming,26-35,36.189439483569856
5099,11.165679809977238,Outgoing,36-45,76.48555526259344
5100,15.340361346243105,Outgoing,46-55,25.601382000195684
5101,20.143844957117402,Incoming,18-25,42.768190682718746
5102,17.50842522584394,Incoming,18-25,39.88687443643057
5103,16.24162571257941,Incoming,18-25,62.30075255522089
5104,15.390588676180082,Incoming,36-45,50.963273822743886
5105,17.001179277633877,Outgoing,56-65,47.836695069308064
5106,16.008264525646272,Incoming,18-25,13.115665922655218
5107,9.85013862611532,Incoming,26-35,67.30068961264186
5108,15.230396108165756,Outgoing,18-25,45.64348370336526
5109,9.631556705411237,Outgoing,18-25,52.3132203522084
5110,15.405412714504118,Outgoing,18-25,35.02873559812245
5111,12.596760292558793,Outgoing,56-65,31.883424743658544
5112,27.696908113914308,Incoming,18-25,79.98575516951374
5113,14.80052808124144,Incoming,56-65,14.535228434751744
5114,7.978802168692056,Incoming,56-65,28.916019444344563
5115,14.329098946615376,Incoming,36-45,79.60984305338161
5116,17.59679372818944,Incoming,26-35,62.814927619973076
5117,23.366819730762618,Incoming,18-25,43.49074936515161
5118,12.052738000306409,Incoming,18-25,74.93192628577306
5119,7.0878601298818005,Incoming,18-25,58.937202327920176
5120,19.084185057154905,Incoming,56-65,54.65320183948839
5121,8.097006470501745,Outgoing,46-55,54.51124034204835
5122,12.819222792462575,Incoming,26-35,59.30476434428987
5123,13.71189757244503,Outgoing,18-25,60.11385002594906
5124,14.65183273349946,Outgoing,46-55,93.91946105791914
5125,18.445822285371676,Outgoing,46-55,46.10214376654656
5126,11.581828588568062,Outgoing,46-55,46.71905623703592
5127,13.631353739166197,Incoming,26-35,25.262136248585723
5128,14.928648235253057,Outgoing,46-55,48.962052263579636
5129,15.74798978759394,Outgoing,18-25,87.25773799089637
5130,15.489135873539613,Incoming,18-25,69.68970004869313
5131,17.1800288761129,Outgoing,36-45,39.12664512249344
5132,19.219197548208687,Incoming,56-65,50.6008272904257
5133,16.96317057825484,Incoming,46-55,24.071232488300108
5134,17.267927617546093,Incoming,56-65,30.617613114033873
5135,7.088884166267611,Incoming,56-65,52.98882305227435
5136,15.251138495828402,Outgoing,56-65,40.110907943590945
5137,17.397537740008044,Incoming,56-65,29.108004212431634
5138,18.64470597285225,Outgoing,56-65,59.79681529475784
5139,11.538246128831029,Outgoing,18-25,48.35499826693352
5140,11.704803625556774,Incoming,26-35,18.648992566179214
5141,12.129496623582009,Outgoing,46-55,8.497060676644239
5142,17.682069499456716,Incoming,46-55,38.59977002851492
5143,20.16940527462104,Outgoing,18-25,18.234697131169444
5144,12.962699463541991,Outgoing,18-25,12.621771870586926
5145,19.539811568135246,Outgoing,56-65,72.57938402804172
5146,15.617399045822971,Outgoing,26-35,48.04578220269414
5147,14.37857111418782,Incoming,46-55,44.691072435489936
5148,13.943078850910155,Incoming,36-45,46.23188367698502
5149,18.733056823010784,Outgoing,18-25,27.243356984140604
5150,16.62788908393535,Outgoing,36-45,58.21952330028337
5151,26.37912713823819,Outgoing,46-55,47.38599346534919
5152,10.738876785013378,Outgoing,18-25,34.851826880411764
5153,17.590508510149878,Incoming,46-55,37.84742630950001
5154,12.353994950942436,Outgoing,18-25,25.450825735754094
5155,10.653565065056782,Outgoing,46-55,41.87514254196331
5156,14.94566431482514,Outgoing,36-45,45.20744238434972
5157,15.68676239703518,Incoming,26-35,41.35433341740072
5158,29.590867775300463,Outgoing,18-25,51.10309114683172
5159,14.079270921583989,Incoming,36-45,48.42976590476488
5160,9.349106352576584,Incoming,46-55,54.61537077329214
5161,16.365053587471927,Outgoing,36-45,68.86194073843188
5162,4.626799812268159,Outgoing,18-25,61.86046954426161
5163,14.54021608697867,Outgoing,36-45,69.09179681020672
5164,15.080126411475803,Incoming,46-55,33.04531540347543
5165,18.97300191472606,Incoming,56-65,39.82770211822685
5166,19.868111247139232,Outgoing,26-35,63.07193367891935
5167,12.482151905461413,Incoming,26-35,63.429553428641725
5168,14.246929926850335,Outgoing,56-65,36.427587649262364
5169,11.169395846946646,Outgoing,18-25,62.23167851563485
5170,9.35968722596153,Outgoing,36-45,31.129357667081166
5171,16.549473896903173,Outgoing,36-45,59.62111448283588
5172,8.632072257017004,Outgoing,56-65,49.47407598268718
5173,12.926865497140685,Outgoing,56-65,22.31128792187327
5174,10.024130200503812,Incoming,46-55,41.31852356481186
5175,17.748415931451298,Incoming,46-55,93.64535619390986
5176,24.00715049633244,Incoming,26-35,54.0556072560999
5177,8.492060085983343,Outgoing,18-25,96.0089995343652
5178,5.734907585512154,Outgoing,18-25,21.121469402499272
5179,14.375565573249663,Outgoing,56-65,65.01483585327685
5180,15.078488979788792,Incoming,26-35,0.0
5181,16.09329653378649,Outgoing,26-35,49.99529030170434
5182,12.768397423828276,Incoming,46-55,62.624347553026425
5183,13.99680350587284,Outgoing,36-45,66.75780189992552
5184,16.83755205270301,Incoming,18-25,34.01460550839174
5185,20.202154463224193,Outgoing,26-35,70.78180843953473
5186,5.224756148408586,Outgoing,46-55,39.325704799106106
5187,13.15530280484269,Incoming,46-55,46.71805497775207
5188,16.069043969705316,Incoming,46-55,41.33355561286732
5189,10.41011947694632,Incoming,36-45,27.27221298535337
5190,23.6558481588365,Outgoing,26-35,81.39439174841718
5191,11.822950598856314,Incoming,56-65,50.960356343161536
5192,14.793536564963587,Incoming,56-65,71.74636757317256
5193,17.780110484211455,Outgoing,46-55,70.89422483529201
5194,12.043576055990528,Outgoing,46-55,30.641195714540338
5195,5.767134760977914,Incoming,36-45,74.32254495343203
5196,12.856727365417333,Outgoing,46-55,60.06828487098645
5197,20.1472027796352,Incoming,26-35,29.181962710542216
5198,13.315524366074307,Incoming,46-55,58.97701662683009
5199,10.767828492705107,Incoming,46-55,29.540642302638645
5200,19.628361047513607,Outgoing,26-35,82.1291673595728
5201,13.346125519884737,Incoming,18-25,66.27573489844193
5202,12.449195931748914,Incoming,56-65,48.577028756179295
5203,15.747280448316548,Outgoing,46-55,75.29607236434367
5204,18.853751048093937,Incoming,26-35,18.360247105929247
5205,26.90856765866273,Incoming,56-65,35.01317399759917
5206,19.136180538287114,Incoming,36-45,44.95160556519257
5207,20.79919983194172,Outgoing,18-25,94.71369362851036
5208,12.470169005060724,Incoming,46-55,28.59034198253189
5209,9.870659470152619,Outgoing,18-25,15.853881165186529
5210,15.311656748095615,Outgoing,46-55,21.112289710034588
5211,15.53584957629798,Incoming,46-55,68.12431738411202
5212,9.607436293177013,Incoming,46-55,38.116154589222866
5213,14.123527350479936,Outgoing,18-25,46.81826671262773
5214,16.996588008595655,Incoming,36-45,65.25665283348968
5215,16.8019669750904,Incoming,26-35,46.83830744084177
5216,17.521439266921362,Outgoing,26-35,54.08293209016111
5217,16.454823650687214,Incoming,36-45,60.704302952193906
5218,12.46495670364972,Incoming,36-45,41.38647216079569
5219,12.430496866755785,Outgoing,46-55,46.67365880140632
5220,9.00524301003062,Incoming,46-55,54.83910804642023
5221,23.923875195925476,Outgoing,26-35,67.3635854610644
5222,15.067251823096464,Outgoing,46-55,34.15261471638702
5223,13.87573472102574,Incoming,46-55,0.0
5224,10.356039592737705,Outgoing,36-45,63.59166298771294
5225,29.67828951163889,Incoming,18-25,68.55431837500169
5226,9.633359838885521,Incoming,56-65,54.000683242603436
5227,12.855760371969634,Outgoing,56-65,55.36586437913071
5228,17.079184181430303,Outgoing,46-55,38.71380211719659
5229,18.00106482872139,Outgoing,46-55,60.00366843069848
5230,19.789660276078422,Outgoing,56-65,67.06333639368377
5231,24.038042538846316,Outgoing,36-45,51.12992682836969
5232,17.53078827730356,Outgoing,56-65,99.82496660014533
5233,9.719846000166662,Incoming,56-65,18.72517824657241
5234,13.715274374391093,Incoming,56-65,53.25923341712694
5235,16.539161862569426,Outgoing,46-55,26.51294075365371
5236,25.34113020752912,Incoming,46-55,67.5969184791378
5237,8.010972607878514,Outgoing,56-65,18.37049143915637
5238,21.012882526126138,Outgoing,46-55,23.32156914564603
5239,15.899571847732084,Incoming,56-65,37.33626118901591
5240,19.189152676147405,Incoming,36-45,55.31664339710799
5241,14.49002641682034,Outgoing,46-55,38.090572226767655
5242,10.787836849368368,Outgoing,18-25,38.291174748018136
5243,18.75436389700666,Outgoing,46-55,46.382190901478296
5244,18.272155135528106,Incoming,36-45,45.15519681876987
5245,19.86028482869861,Outgoing,36-45,79.74898776637048
5246,14.933476823106824,Outgoing,46-55,63.718222393379364
5247,12.000889883400752,Incoming,26-35,43.508465204307115
5248,7.206065024880792,Incoming,56-65,91.94023822427228
5249,19.096866340697034,Incoming,56-65,59.83322349712019
5250,17.11944741221993,Outgoing,36-45,30.62075889372903
5251,10.171086835680203,Outgoing,46-55,55.13027479983688
5252,12.307131633516878,Incoming,26-35,60.71025089730629
5253,12.666205940242797,Outgoing,18-25,36.24750561877303
5254,7.5850778400879095,Outgoing,56-65,28.949821783879216
5255,10.911588016974331,Incoming,26-35,51.72918180084884
5256,9.33084821596823,Incoming,56-65,42.79556457387929
5257,12.937604940560316,Outgoing,46-55,79.58255776910885
5258,11.306512508352187,Incoming,56-65,64.82311648169829
5259,6.8649753956662565,Incoming,18-25,37.18449451826839
5260,25.11295115284741,Outgoing,46-55,58.51876221897177
5261,21.262703655146154,Outgoing,36-45,75.34256285449479
5262,11.104902892400073,Outgoing,26-35,22.123911082007
5263,16.36210698326805,Outgoing,56-65,29.544435180244957
5264,17.087325449106476,Outgoing,46-55,49.77662765440938
5265,20.955429273867384,Outgoing,46-55,50.71203935810068
5266,10.906974866699606,Incoming,56-65,48.95604989074279
5267,20.46053391991213,Incoming,36-45,43.78445642424644
5268,12.260473478965324,Incoming,56-65,43.4787935509596
5269,8.320687979156933,Outgoing,36-45,57.68516273643258
5270,18.62068279657249,Outgoing,56-65,72.67885107278346
5271,21.453792120612142,Outgoing,46-55,40.38094540623146
5272,27.939544867653424,Outgoing,18-25,98.76798690341307
5273,9.001373674548933,Outgoing,18-25,89.21382871480634
5274,18.494598425403943,Incoming,46-55,76.58511259160163
5275,12.950993781032334,Outgoing,18-25,62.449666691231236
5276,18.916793552620156,Incoming,36-45,90.15976212940312
5277,7.647552243843747,Outgoing,46-55,44.19769270001183
5278,8.68615112150718,Incoming,36-45,33.34791176019531
5279,11.12062588416758,Incoming,46-55,39.48055881192032
5280,15.394820228340423,Incoming,36-45,29.94114393819837
5281,11.794593667308224,Incoming,36-45,52.43602644626739
5282,18.295271719567097,Incoming,18-25,55.996609282554864
5283,20.13447309128957,Incoming,46-55,54.01679677362214
5284,17.997887706226777,Incoming,56-65,49.751372956364
5285,23.09393819830434,Outgoing,18-25,52.663090563432306
5286,17.079133147276714,Outgoing,36-45,84.72647617699778
5287,8.915516448299165,Incoming,36-45,62.40103735278168
5288,21.8168825676917,Outgoing,56-65,68.45017593209643
5289,11.974218821970013,Outgoing,56-65,53.81579873373576
5290,19.55209249842785,Incoming,36-45,17.688226030638454
5291,22.86867108277553,Outgoing,56-65,13.722350590609778
5292,17.283440053651997,Incoming,26-35,91.6561998041703
5293,7.519205934176751,Outgoing,18-25,39.363554495375574
5294,10.408939167451042,Incoming,46-55,37.664973116961356
5295,21.613722334425677,Outgoing,56-65,54.913264827544985
5296,14.154386571785919,Incoming,56-65,61.00805956659855
5297,15.39786767471083,Outgoing,26-35,63.53724274668825
5298,18.794122080818045,Outgoing,46-55,85.48837065760009
5299,18.481614310401618,Outgoing,26-35,80.01472765315883
5300,16.393999061927303,Incoming,46-55,33.781335507223574
5301,13.956658143897672,Incoming,18-25,69.37469146843578
5302,13.436657771338213,Outgoing,56-65,42.31818163578403
5303,19.289494126456717,Outgoing,18-25,47.24982511138447
5304,17.767847655338965,Incoming,46-55,28.12021588097275
5305,13.713499996911052,Outgoing,56-65,16.13854292337181
5306,20.410561564965704,Outgoing,26-35,49.368765747354225
5307,14.354829424351081,Incoming,36-45,30.880361677775085
5308,10.741689128328034,Incoming,26-35,68.55627357144073
5309,11.205146505483276,Outgoing,36-45,44.37843512959757
5310,10.10629581845117,Incoming,26-35,56.171804378997464
5311,13.637949916981563,Outgoing,46-55,77.35051507830863
5312,21.168621391680965,Outgoing,18-25,20.294096364357838
5313,10.974524094847457,Incoming,36-45,35.507652229006254
5314,15.942378805090515,Outgoing,46-55,53.617672491316995
5315,11.716553271862935,Incoming,18-25,56.25049631646521
5316,13.698454793642812,Incoming,18-25,72.06995002544652
5317,7.449793940073739,Outgoing,56-65,67.34306258081196
5318,13.897308854217313,Incoming,56-65,51.93867251461479
5319,14.03147310097519,Outgoing,56-65,56.0680934119451
5320,17.701439720178477,Incoming,36-45,56.621517819809796
5321,16.116404566276852,Outgoing,36-45,20.60575270652489
5322,9.008039375239774,Incoming,18-25,46.87249045290077
5323,20.420991220217715,Outgoing,36-45,54.969464359941846
5324,16.05151520110998,Outgoing,18-25,59.17101717570213
5325,15.991967585887434,Incoming,46-55,31.512731198716814
5326,14.954088233074305,Outgoing,26-35,24.62404174942218
5327,12.411212763888901,Outgoing,18-25,45.30934814963839
5328,16.08901169874363,Outgoing,18-25,89.34732222182987
5329,17.37794217964291,Outgoing,46-55,33.615049745426624
5330,6.265521543272225,Outgoing,56-65,73.47856494709619
5331,12.306195813269522,Outgoing,56-65,81.6947928609024
5332,13.725265147982054,Incoming,56-65,50.90933052466387
5333,16.28085302847139,Incoming,18-25,36.40304130693098
5334,20.96655502963563,Incoming,18-25,60.25639127316451
5335,11.141295927016088,Incoming,36-45,53.89980584198992
5336,12.51019076591079,Outgoing,36-45,32.81792039619383
5337,12.437329446767249,Outgoing,26-35,36.82394347256448
5338,10.992362049477293,Incoming,26-35,59.07159704290662
5339,13.264067524438687,Outgoing,36-45,68.66880816337095
5340,18.854011099939857,Incoming,18-25,43.54419597369225
5341,9.730822523178272,Outgoing,46-55,48.617328702238936
5342,17.139071975764516,Outgoing,36-45,63.3727714102216
5343,6.490488849908322,Incoming,18-25,46.55026231652129
5344,12.19331001778897,Outgoing,36-45,44.01346053408231
5345,13.35255349891007,Incoming,56-65,34.893183605455484
5346,23.374298364570322,Incoming,36-45,34.54630753251938
5347,13.62598847623656,Incoming,56-65,103.37765516446511
5348,3.9937826327454076,Outgoing,18-25,46.075966798418364
5349,5.005555465693751,Outgoing,56-65,77.30116643024448
5350,15.170147931733405,Incoming,36-45,83.67986675038142
5351,18.068854278949544,Outgoing,56-65,46.328354210136816
5352,16.877279288136265,Incoming,46-55,57.368596168695376
5353,15.837850529004951,Incoming,56-65,52.04956964066064
5354,20.811297987528334,Outgoing,56-65,17.756352986826464
5355,12.302043896314341,Incoming,26-35,18.960539755036756
5356,19.474552780134125,Outgoing,46-55,50.97696933808546
5357,6.839925574867912,Outgoing,18-25,41.50172922782808
5358,10.475260835309669,Outgoing,56-65,87.8316067678718
5359,5.964793025340919,Incoming,46-55,45.26854122610763
5360,13.625773496651039,Incoming,18-25,89.0185799413625
5361,14.768693913668287,Outgoing,46-55,40.472172077289116
5362,15.5705074611326,Outgoing,26-35,88.24400841217867
5363,15.309416764435676,Incoming,18-25,60.12848993894693
5364,10.362233345941359,Outgoing,18-25,61.265837915423944
5365,14.048795777933922,Outgoing,56-65,39.764720865327014
5366,7.512766656971257,Incoming,36-45,61.538343608073774
5367,21.81614487566125,Incoming,18-25,83.85426866162501
5368,13.481869635509995,Incoming,18-25,47.10345011879725
5369,12.555569404781544,Outgoing,26-35,43.21206369266764
5370,22.944701642220416,Incoming,26-35,45.064749222798234
5371,8.788767332253855,Incoming,26-35,82.40223210012874
5372,9.372064429840155,Incoming,56-65,67.10702414002174
5373,9.518898375657175,Incoming,18-25,78.95359980942237
5374,14.66064309150259,Incoming,26-35,56.27245420968539
5375,17.158158148187987,Incoming,26-35,50.78638713555664
5376,18.69837734058917,Incoming,46-55,58.47888078141264
5377,27.859976587474844,Outgoing,46-55,71.4031706882508
5378,3.7528377289961803,Incoming,26-35,45.0576351482427
5379,18.043677945622086,Outgoing,56-65,77.37353986713572
5380,12.214347137138844,Outgoing,36-45,57.31661114131754
5381,12.067924255556132,Incoming,46-55,1.8744372393964355
5382,11.901139358730612,Outgoing,46-55,67.6698685421039
5383,10.456151645960134,Incoming,18-25,24.55389973476035
5384,23.422624173017258,Outgoing,18-25,67.18345521347975
5385,19.211486635069512,Incoming,26-35,68.03035996476332
5386,15.115979892786875,Outgoing,18-25,56.597851947624164
5387,21.755078762435,Incoming,18-25,60.873617977533875
5388,7.4373551735056225,Incoming,36-45,71.97741575687974
5389,8.346474343345369,Outgoing,56-65,40.087446523785445
5390,4.110161339026561,Outgoing,26-35,65.86859319404957
5391,11.502927299383563,Incoming,36-45,73.26046605914073
5392,15.808492633523764,Outgoing,26-35,85.20165195076956
5393,15.51429288966167,Incoming,56-65,27.884394278805935
5394,15.746709555299402,Outgoing,26-35,58.170321299755365
5395,7.944715844669591,Incoming,18-25,30.770216018770707
5396,19.01577371307011,Outgoing,56-65,29.921559645970042
5397,16.19813759119499,Incoming,36-45,57.180555448119605
5398,18.665271407329993,Outgoing,36-45,51.54911629592277
5399,5.53618911204974,Incoming,46-55,72.9000295704397
5400,16.55745429398895,Outgoing,36-45,43.07647100811582
5401,9.061173800412366,Incoming,46-55,47.318971276059784
5402,13.01338373724319,Outgoing,18-25,54.23008524676369
5403,17.671824493181916,Outgoing,36-45,32.76342297127088
5404,15.455468031279565,Incoming,56-65,35.53860309968138
5405,10.742300101103407,Outgoing,46-55,72.32197331545106
5406,15.03136578092209,Outgoing,36-45,39.020899174377824
5407,7.342323423781785,Incoming,18-25,73.6495313289937
5408,20.75133697949148,Incoming,56-65,62.14625161336589
5409,13.973579902518743,Incoming,56-65,19.04937949022129
5410,20.59274972127663,Incoming,18-25,60.60757383675576
5411,12.367341564519785,Outgoing,36-45,60.44959646188255
5412,12.382120057967086,Outgoing,26-35,58.45857217022571
5413,11.179066066810767,Outgoing,36-45,47.16246547233978
5414,19.38086965846538,Incoming,46-55,31.198650892162963
5415,11.45284421335762,Outgoing,46-55,76.9242553222524
5416,18.222977162075882,Outgoing,36-45,47.968408225543286
5417,13.087738011653549,Incoming,46-55,32.331876793292636
5418,5.120183500541902,Outgoing,26-35,59.14937372176017
5419,12.14842966106767,Outgoing,26-35,35.14440058533486
5420,9.104458928185759,Incoming,56-65,31.018279434297575
5421,15.169513618411688,Outgoing,46-55,42.490547755951226
5422,9.047961321627549,Incoming,36-45,36.69204471363851
5423,19.629875503573082,Incoming,56-65,31.755154960308513
5424,14.544620698234864,Outgoing,26-35,66.12823524523517
5425,14.112020026206306,Outgoing,56-65,47.723443710752015
5426,18.279460688937913,Outgoing,18-25,75.04559891031784
5427,19.819534670379312,Incoming,46-55,32.90981044540129
5428,14.899506241151741,Incoming,36-45,15.44877924727328
5429,11.143998502253547,Outgoing,26-35,52.975406984988325
5430,6.130151919439353,Outgoing,56-65,87.11957843612831
5431,11.5697512148241,Incoming,36-45,60.61973658724004
5432,11.913938766760193,Outgoing,46-55,114.30748392425664
5433,15.535287264961484,Outgoing,36-45,56.64118241898177
5434,13.274265594309863,Incoming,46-55,54.71104422576181
5435,18.43966486025714,Outgoing,46-55,6.892746578841653
5436,11.935083643646553,Outgoing,46-55,58.55894881177056
5437,14.714794165735292,Outgoing,56-65,53.373355200385824
5438,20.919937215984447,Outgoing,46-55,41.85157603590926
5439,16.709126069774833,Incoming,36-45,47.264422658818596
5440,14.699812291557178,Incoming,18-25,48.637988513156415
5441,11.990277790324114,Incoming,36-45,46.40141694135872
5442,11.833843016425114,Incoming,56-65,91.79429926251922
5443,10.746933735240262,Outgoing,46-55,42.58275944389982
5444,12.294965671085503,Outgoing,18-25,53.386274477077144
5445,18.77832919372157,Outgoing,56-65,41.92197833227586
5446,13.890558643538657,Outgoing,26-35,65.6686237328776
5447,8.251134653093844,Incoming,26-35,53.53527399944414
5448,23.840846465298917,Outgoing,26-35,44.401788536590374
5449,16.599825955725816,Outgoing,18-25,11.480641081856348
5450,7.965282997434153,Incoming,36-45,54.866164505775004
5451,12.790755363795881,Incoming,18-25,43.808474528404986
5452,15.55443191414209,Incoming,18-25,48.78518686225797
5453,23.522960466486886,Outgoing,18-25,26.350841055093333
5454,9.459437708705654,Incoming,26-35,78.66564345440392
5455,19.880203596779733,Outgoing,36-45,67.13486351687745
5456,21.997432134861715,Outgoing,18-25,78.61411995281264
5457,11.856728474627149,Incoming,36-45,72.93958601561908
5458,13.612431905698832,Incoming,46-55,61.84634604254923
5459,9.81845376313115,Incoming,18-25,27.154349825471144
5460,13.982694294598476,Outgoing,18-25,86.86774328143717
5461,14.817050128285345,Outgoing,18-25,31.44729698224979
5462,18.298249990411854,Outgoing,46-55,44.63184751850076
5463,20.450917355102234,Incoming,46-55,64.13804561253842
5464,11.259519676891765,Outgoing,26-35,65.1308157437481
5465,5.163374678870028,Outgoing,56-65,61.44473453889116
5466,14.893776103618789,Outgoing,36-45,41.994230373418205
5467,16.467687649843203,Outgoing,56-65,37.861367452890505
5468,16.24708843842521,Incoming,18-25,100.69065137212273
5469,13.36663376245478,Outgoing,18-25,49.21372123000333
5470,15.623760498319673,Incoming,26-35,46.76457230722328
5471,22.577224041761237,Incoming,56-65,35.728870181224934
5472,16.908670844812548,Outgoing,18-25,54.893406981419155
5473,13.133157874984578,Outgoing,56-65,53.96045601156141
5474,12.49901091452002,Incoming,26-35,49.67547582591409
5475,14.150738211611348,Outgoing,56-65,57.634532935757726
5476,23.183699809153197,Incoming,36-45,85.27075004884708
5477,14.083496452369014,Outgoing,26-35,38.09894587418203
5478,14.90102827739646,Outgoing,56-65,50.861674844042405
5479,12.588432145318485,Incoming,18-25,37.043030948988886
5480,20.494916787209824,Outgoing,46-55,55.89396721651256
5481,24.799186273723375,Incoming,46-55,38.63060997251162
5482,17.25306524715694,Incoming,26-35,39.491140171316204
5483,15.413864518927129,Outgoing,46-55,20.80953251888748
5484,15.183914165871174,Incoming,36-45,51.955895656393494
5485,3.078466056071271,Outgoing,26-35,58.595392438099545
5486,18.725754321424088,Outgoing,18-25,87.20952706384591
5487,15.670832079979217,Outgoing,18-25,59.390049623796905
5488,17.141710253303625,Incoming,26-35,41.00631753405361
5489,11.442689029581476,Outgoing,46-55,22.806418246278206
5490,13.077715605114541,Outgoing,46-55,25.574259886690434
5491,12.944875317484135,Incoming,18-25,24.087433210560555
5492,20.108114920365196,Incoming,36-45,87.56084070898763
5493,13.106200816984533,Incoming,46-55,55.7562099385274
5494,25.413301610548988,Incoming,36-45,38.34067561476215
5495,17.154312095075188,Outgoing,46-55,30.802807896934713
5496,8.621586700021343,Outgoing,26-35,32.87784319212157
5497,14.357268533740216,Outgoing,56-65,37.81401210987243
5498,11.741624389217922,Outgoing,18-25,76.32510432510304
5499,4.028087650899879,Incoming,26-35,49.40113105884501
5500,22.99735470056895,Incoming,46-55,21.050671654521018
5501,18.51571271110002,Outgoing,18-25,96.20918549460742
5502,17.666036589496564,Incoming,56-65,27.196777212682054
5503,15.827018301498521,Incoming,56-65,38.18329380152265
5504,8.089912156537812,Incoming,46-55,76.20288775267764
5505,12.581914302222817,Incoming,18-25,58.30299265218133
5506,19.208903873920065,Incoming,46-55,40.60154000751581
5507,9.743899851087487,Outgoing,56-65,25.372661478123305
5508,2.3411534187459324,Outgoing,26-35,30.666197821499466
5509,13.86446996109537,Incoming,26-35,31.87007761847068
5510,14.291212229862307,Incoming,36-45,50.14063595699099
5511,15.677817082073545,Outgoing,56-65,53.821236345626076
5512,18.64259321757268,Outgoing,56-65,47.02690742737315
5513,18.188029061156044,Incoming,46-55,49.21572372151341
5514,16.293849026219608,Incoming,36-45,28.985536096113584
5515,20.977656940433548,Incoming,36-45,55.862722124477784
5516,7.405151095933427,Outgoing,18-25,75.61037273673992
5517,17.522909072386952,Incoming,46-55,46.74416636500863
5518,18.132691816684712,Incoming,26-35,46.35426587141053
5519,8.802188569598801,Incoming,18-25,51.660021041056964
5520,7.485646956588053,Incoming,36-45,72.36409719518782
5521,11.270289367621993,Incoming,26-35,32.10554001122719
5522,11.69229278742354,Incoming,56-65,79.0169467146427
5523,18.767097317512153,Incoming,46-55,58.424444788704754
5524,11.927306081544526,Incoming,36-45,50.573613913977354
5525,10.718257408593981,Outgoing,56-65,74.2647767332864
5526,11.941831316527205,Outgoing,36-45,26.358758522470886
5527,20.59316167077106,Outgoing,26-35,60.44091072489417
5528,15.065216871884761,Incoming,18-25,58.60619129013235
5529,14.10374487321544,Outgoing,26-35,31.290898712124143
5530,14.449972506494742,Outgoing,46-55,59.212762459076416
5531,21.460301671632614,Outgoing,46-55,55.666103587609726
5532,11.254141366983792,Outgoing,36-45,46.42523760620132
5533,21.57754145470052,Outgoing,26-35,67.25635110460665
5534,16.05248149460752,Incoming,18-25,38.564914952846706
5535,14.197903090123262,Outgoing,46-55,55.40642491686738
5536,27.50450248967141,Incoming,18-25,47.36652435089362
5537,9.721802551007018,Incoming,56-65,37.70606353984665
5538,13.23157120216497,Outgoing,36-45,60.05769370237543
5539,8.837843804179998,Incoming,18-25,45.84528505301697
5540,19.762309852680847,Outgoing,36-45,20.539870825809064
5541,23.445944668258395,Incoming,56-65,13.97867790564031
5542,23.349613907023194,Incoming,18-25,65.78114936166403
5543,21.11974376573002,Outgoing,18-25,25.587997855463385
5544,14.011897661020171,Incoming,56-65,55.58768986801213
5545,13.173795112550767,Incoming,26-35,51.09903787256301
5546,6.644151137529676,Incoming,18-25,42.629364460582
5547,25.179367675908964,Incoming,18-25,89.1333691443068
5548,17.34489039074234,Incoming,46-55,53.59348036920892
5549,12.540215475652584,Incoming,26-35,65.1126696536413
5550,21.64028444493484,Incoming,18-25,55.69632430679618
5551,10.136177416199995,Incoming,56-65,45.36921153765038
5552,17.03311017111337,Outgoing,36-45,49.61822499528117
5553,14.136854328545827,Incoming,56-65,79.17085531320967
5554,18.193385699401503,Outgoing,26-35,71.7621058520086
5555,14.682132304069393,Outgoing,46-55,89.03972863377201
5556,7.745360544443879,Incoming,46-55,54.43284185945768
5557,15.37788186335019,Incoming,46-55,32.461258685985044
5558,20.24432070937681,Outgoing,56-65,41.18966111280376
5559,14.853917970730073,Outgoing,36-45,26.244436164028176
5560,18.87557560794543,Outgoing,36-45,65.34088257750554
5561,9.772352571629735,Incoming,18-25,38.281673678455036
5562,14.868696033650739,Incoming,36-45,0.0
5563,11.877447724557113,Incoming,36-45,99.27551396659861
5564,18.734904200523548,Outgoing,18-25,38.58797723023369
5565,15.157457811309978,Incoming,56-65,38.46818149028381
5566,18.450368381683063,Incoming,56-65,83.43223385320732
5567,20.43855213078933,Incoming,26-35,25.83497098404969
5568,18.45809287560694,Incoming,56-65,72.73211773066333
5569,16.365592171468222,Outgoing,46-55,38.25115113151957
5570,10.008938707442974,Incoming,46-55,23.52409110806282
5571,14.986069446665494,Incoming,26-35,84.11435522756273
5572,12.334547989920834,Outgoing,36-45,68.46193894125055
5573,13.279680216478868,Incoming,26-35,68.40001969030085
5574,13.127329246248745,Outgoing,18-25,57.35311093577549
5575,10.100372126088779,Outgoing,26-35,61.9820326615536
5576,5.21330705433005,Incoming,26-35,25.356839505039133
5577,11.659284758361165,Outgoing,46-55,52.23221714489321
5578,15.966897259620795,Incoming,18-25,31.4247399909831
5579,8.25911477286255,Outgoing,18-25,22.221189618738908
5580,15.078411182358122,Outgoing,26-35,58.21906661416063
5581,24.501342121554824,Incoming,18-25,73.16299111319088
5582,20.115282776261196,Outgoing,18-25,42.33262351543872
5583,23.217707545602646,Incoming,56-65,45.75974215330916
5584,16.95563938466363,Incoming,18-25,27.236987098339203
5585,20.83754911493223,Incoming,36-45,50.14434292175795
5586,11.380176347661063,Incoming,18-25,65.20152224776828
5587,11.778298664890078,Outgoing,46-55,65.83055473455546
5588,1.3042989693126366,Incoming,56-65,60.90352351261865
5589,20.930727370211493,Outgoing,46-55,37.631376656109296
5590,22.70161989909943,Incoming,46-55,36.997419131456965
5591,12.234113773263651,Outgoing,36-45,65.90808946481866
5592,13.730241468013825,Outgoing,56-65,66.23997864433463
5593,11.230689431545192,Outgoing,26-35,46.56010029136214
5594,16.91326775738746,Outgoing,18-25,41.47656184868629
5595,20.624662726516206,Incoming,36-45,73.34494186891399
5596,6.286140130594795,Incoming,36-45,42.80102670373506
5597,17.047192653211262,Outgoing,26-35,64.91864449047563
5598,13.616641141404273,Outgoing,36-45,47.26313650283803
5599,15.566971959833447,Incoming,26-35,29.04934437926
5600,17.294970008371454,Outgoing,26-35,82.24624280047405
5601,14.058987806135894,Outgoing,26-35,52.401277914629524
5602,14.482065732971098,Incoming,36-45,35.785120402238334
5603,13.930624162226806,Outgoing,26-35,22.183886644495917
5604,19.85158100894141,Outgoing,36-45,24.199984035263327
5605,17.093799800637484,Incoming,56-65,42.541771918107976
5606,16.102917688686805,Outgoing,26-35,88.50257767067185
5607,8.645241394538587,Incoming,36-45,38.30676242651515
5608,13.10710128393423,Incoming,36-45,78.94909664692409
5609,19.49334580169587,Incoming,36-45,47.38472662793832
5610,15.188482865619614,Incoming,18-25,26.376992177966354
5611,18.29765734794569,Outgoing,18-25,40.53577623099208
5612,23.832559001638167,Incoming,26-35,24.380241525251137
5613,20.193030346044083,Incoming,56-65,32.88063096072292
5614,15.465791688498712,Outgoing,26-35,32.28503876248165
5615,12.445054149021365,Incoming,46-55,11.923922650374678
5616,2.2322520197205087,Outgoing,46-55,80.25592137629452
5617,14.158075387635737,Incoming,56-65,54.22034060444563
5618,13.369937520915755,Incoming,56-65,36.27443188763796
5619,16.95183097197688,Incoming,56-65,54.435154928667785
5620,14.230473865126562,Incoming,18-25,33.29039212715877
5621,13.398074702816029,Outgoing,18-25,0.0
5622,6.103005347463897,Outgoing,46-55,109.13383266453098
5623,10.300160854249668,Outgoing,56-65,53.79199753354119
5624,17.383255204002786,Incoming,36-45,38.2197392137047
5625,23.57953815566347,Incoming,46-55,11.321703766451336
5626,14.512373081271884,Incoming,56-65,20.1170040971488
5627,16.63905536787062,Outgoing,36-45,83.0898385910981
5628,19.762390784764026,Incoming,56-65,80.03877097596934
5629,10.945530318998753,Outgoing,26-35,65.06430071997896
5630,16.83407021642721,Outgoing,36-45,27.698459231803724
5631,11.297549468339207,Outgoing,26-35,80.19947975954021
5632,19.324122192455057,Incoming,18-25,58.99565235888705
5633,15.757015239758664,Incoming,46-55,63.09848896703069
5634,16.4922590699072,Incoming,56-65,58.92341888886493
5635,11.087007012907055,Incoming,46-55,19.860256307477925
5636,18.535161798053924,Outgoing,56-65,26.03678098506225
5637,25.423564606155082,Outgoing,26-35,39.79563667183277
5638,9.96044152285897,Incoming,36-45,62.872794150662266
5639,13.30120496176238,Incoming,36-45,22.391358355137076
5640,16.15803737084046,Incoming,56-65,46.493071701116186
5641,18.93203105997908,Outgoing,26-35,46.46780979673898
5642,12.202268573552654,Incoming,56-65,65.85479378655155
5643,0.8348485492862991,Outgoing,56-65,63.49343071215325
5644,21.795947470820124,Outgoing,56-65,29.79548141895734
5645,18.802530597920715,Outgoing,36-45,78.93372338974604
5646,6.285262347566675,Outgoing,56-65,26.735203424994197
5647,11.96215604110222,Outgoing,36-45,71.844788838015
5648,22.84091214763663,Outgoing,18-25,38.997102033032036
5649,22.23898209228933,Outgoing,26-35,53.27851906866744
5650,19.693200113394724,Incoming,18-25,54.5197492020861
5651,14.119437830200686,Incoming,56-65,53.95414881417591
5652,15.41493709406255,Incoming,36-45,63.489983968691405
5653,14.345370974369368,Outgoing,26-35,57.82918995867065
5654,20.641198916344187,Outgoing,46-55,65.67298259741077
5655,10.62078796752445,Incoming,26-35,59.292399206902715
5656,10.971001725578976,Outgoing,26-35,24.710894821483123
5657,20.05137293418008,Outgoing,56-65,55.39598149115975
5658,14.778192722442192,Outgoing,18-25,38.72260194989334
5659,21.89233677726904,Outgoing,18-25,27.81475044185433
5660,11.642438965097272,Outgoing,46-55,44.203202146454004
5661,14.726108198305875,Outgoing,56-65,53.66471198070182
5662,10.387935075780234,Outgoing,26-35,54.993500559755695
5663,15.036813407117835,Outgoing,18-25,71.12049490280536
5664,7.607265315006005,Outgoing,18-25,76.14618237943155
5665,12.561832895225185,Outgoing,36-45,56.72561661514712
5666,7.8187306753594115,Outgoing,26-35,60.34212754018819
5667,18.46961616595629,Outgoing,56-65,51.906180663513105
5668,18.58294669879826,Incoming,18-25,65.3445092729917
5669,6.348686347578274,Outgoing,56-65,59.73976277674129
5670,21.669428727502865,Outgoing,26-35,48.91023812284392
5671,27.48707563209927,Incoming,26-35,93.03965134008601
5672,15.230031933681705,Incoming,18-25,39.076332731163625
5673,11.794428698876775,Incoming,46-55,79.08913913416674
5674,29.121652955015232,Outgoing,56-65,22.914141473461257
5675,8.405157508487447,Outgoing,56-65,66.27233072902911
5676,15.100532334345491,Incoming,36-45,78.73136703453675
5677,15.898111363159618,Incoming,26-35,11.855618579841604
5678,21.725738102262074,Incoming,26-35,52.77901146110188
5679,16.79869487563394,Outgoing,18-25,64.30828082488088
5680,12.506830521057744,Outgoing,18-25,55.039272082561325
5681,10.244078148060218,Incoming,18-25,57.56311871213927
5682,13.290890898769323,Outgoing,36-45,52.724463247533265
5683,9.965363195274278,Outgoing,46-55,28.11504347276816
5684,15.239126598923415,Incoming,18-25,97.36091184310884
5685,12.179019100697568,Incoming,18-25,39.92924273368402
5686,7.529811033551247,Incoming,18-25,58.683224775578104
5687,21.27572894187452,Outgoing,36-45,37.063206458291454
5688,12.511637382854802,Outgoing,56-65,4.482736199586029
5689,8.659315975123437,Outgoing,46-55,31.509742525020624
5690,14.158704327562292,Outgoing,56-65,21.04786615449724
5691,15.341857829838293,Outgoing,26-35,71.83135078448979
5692,6.2676663721048325,Incoming,26-35,37.8626396791109
5693,16.658238335628813,Outgoing,18-25,39.71817321640074
5694,9.764212156548677,Outgoing,56-65,28.713385747925276
5695,23.555144045953938,Incoming,36-45,51.88070797430205
5696,17.619802560383675,Incoming,46-55,35.67082967277439
5697,13.000500049453418,Incoming,56-65,69.84709462493578
5698,11.274161148413247,Incoming,56-65,56.04078646178322
5699,14.47516146218188,Outgoing,46-55,38.56348428551104
5700,18.063953707916447,Outgoing,56-65,67.00466103674039
5701,14.872529357074002,Incoming,56-65,50.158810460464764
5702,13.914205964315716,Outgoing,46-55,50.42993811379902
5703,15.291851454089478,Incoming,36-45,20.747301925361484
5704,11.980705343815227,Outgoing,46-55,48.578277344293724
5705,13.283970365784812,Outgoing,18-25,56.43089278635997
5706,4.57103780547498,Outgoing,18-25,76.67133644396691
5707,19.868631154261838,Incoming,18-25,34.96212740193354
5708,16.49398890160881,Incoming,18-25,95.56217246771023
5709,11.13272077983285,Outgoing,26-35,61.13736633657972
5710,24.493674906776192,Outgoing,36-45,19.611762479323854
5711,15.435082401961933,Incoming,26-35,33.09603771828887
5712,9.819282140124017,Incoming,56-65,78.41998328433638
5713,19.283687107352293,Outgoing,56-65,74.86458285924789
5714,16.990241082546312,Outgoing,46-55,50.361869631210055
5715,16.972899927421096,Incoming,18-25,52.99835406115704
5716,12.871221976742047,Outgoing,46-55,26.707794525480576
5717,17.252478618890173,Incoming,56-65,76.42885480470684
5718,13.691208548894528,Incoming,18-25,30.244658264510655
5719,17.779707258229212,Outgoing,36-45,66.89482222246835
5720,5.475277729946805,Outgoing,56-65,77.04084737330277
5721,12.830632685104055,Outgoing,46-55,50.96311108439018
5722,23.610775489040975,Incoming,46-55,69.35222732244398
5723,11.164662722998496,Incoming,56-65,86.95279416051389
5724,11.980808512534066,Incoming,26-35,55.35937598421476
5725,12.760193307750125,Outgoing,36-45,46.49396367136107
5726,8.925969320556783,Outgoing,56-65,48.662942848969664
5727,3.9585961188587397,Incoming,56-65,35.140241946558234
5728,13.847068007381935,Incoming,46-55,34.688324145262534
5729,15.679297120408284,Outgoing,18-25,58.84813527651406
5730,14.73747465730674,Incoming,18-25,46.721003557014306
5731,14.275607190260565,Outgoing,18-25,56.551383537025316
5732,15.215204354251938,Outgoing,46-55,20.201277002948572
5733,20.11420735775382,Incoming,18-25,48.1476234962572
5734,14.047769070353915,Incoming,56-65,70.60235700180927
5735,12.129587114563652,Incoming,26-35,27.621514460479638
5736,13.594372575559568,Incoming,26-35,50.33052828269102
5737,17.896733798783877,Incoming,26-35,12.90781378203178
5738,22.060134392716247,Outgoing,18-25,23.890759554536523
5739,11.85928130415411,Incoming,26-35,66.153217753561
5740,15.494668935144418,Outgoing,18-25,43.81431413374101
5741,16.6917872096798,Incoming,56-65,86.44145731077084
5742,10.037109966355885,Incoming,56-65,58.64886220848625
5743,15.10208583606459,Incoming,46-55,60.61191329778649
5744,7.671630713289525,Incoming,46-55,28.470359002102015
5745,6.154748481303006,Incoming,36-45,42.29789246311094
5746,16.833732039461285,Incoming,56-65,35.347276359047754
5747,13.080626293346086,Outgoing,18-25,28.691165208988284
5748,16.011402038106095,Incoming,36-45,63.27786252192271
5749,14.910525114958249,Incoming,56-65,67.29031731537358
5750,10.117999756681012,Incoming,18-25,57.97874388334897
5751,14.773728490178318,Incoming,56-65,33.43865613548026
5752,8.834493474925724,Outgoing,56-65,56.61460070194925
5753,21.954861790007,Outgoing,18-25,11.74643197068687
5754,8.220148275700181,Outgoing,56-65,76.4601853741608
5755,14.021073645157093,Outgoing,56-65,24.036996487251265
5756,9.788642059763758,Outgoing,56-65,27.590820351230732
5757,17.852105866803978,Outgoing,46-55,52.30584539140385
5758,13.342843143592486,Incoming,26-35,54.083191204840915
5759,12.406666401893949,Incoming,56-65,48.54502803096431
5760,19.266007725257772,Outgoing,18-25,27.797441180354067
5761,15.14715295838776,Incoming,56-65,72.66695987206585
5762,17.583222229679837,Incoming,46-55,16.281015978614988
5763,10.093370317412676,Incoming,46-55,20.334620191031103
5764,7.975915280362465,Incoming,56-65,47.86034456091038
5765,15.536039810200668,Incoming,36-45,24.715320363112244
5766,13.405768222526344,Outgoing,26-35,74.4525055255185
5767,18.13217336226972,Outgoing,18-25,26.435707291741704
5768,14.600457736687252,Outgoing,18-25,81.14054304420625
5769,16.02537669617315,Outgoing,18-25,70.70244331543147
5770,6.883087350293783,Outgoing,18-25,74.70111471015167
5771,24.442184698071284,Outgoing,46-55,87.74211965906491
5772,14.17879007483984,Incoming,26-35,51.62455848191531
5773,18.487934851695996,Outgoing,56-65,29.740508083600847
5774,10.819541648901868,Incoming,56-65,47.939842484627164
5775,16.540049511086703,Incoming,36-45,38.66668789182074
5776,8.485776182376274,Outgoing,56-65,35.81617454972555
5777,17.260339191298357,Outgoing,26-35,53.01706873613665
5778,13.220129578070836,Outgoing,56-65,43.76591571584507
5779,15.145952519677838,Incoming,46-55,34.95580631366007
5780,18.48987015065049,Outgoing,56-65,45.09195214825483
5781,8.8372984438986,Outgoing,18-25,60.9795692840741
5782,11.577541346936016,Outgoing,18-25,69.12834413185392
5783,17.286621405433827,Incoming,18-25,17.941521736180206
5784,25.491107372733737,Outgoing,18-25,43.93597827342916
5785,14.309588326692591,Outgoing,46-55,47.17313589050591
5786,17.95568058961966,Incoming,46-55,26.349599555447362
5787,14.4651426507076,Incoming,46-55,47.605885339186024
5788,24.711227973781497,Incoming,56-65,52.95991219080055
5789,6.2638916651737215,Outgoing,18-25,60.37669090561981
5790,15.47310522334679,Outgoing,36-45,51.543160512633406
5791,6.872279832189696,Incoming,36-45,32.38101180004889
5792,2.467142147316416,Outgoing,18-25,90.24060055143693
5793,16.487310265589084,Incoming,26-35,66.58253543243197
5794,15.697488980737294,Incoming,56-65,61.05439489299734
5795,13.575815311288993,Incoming,36-45,70.09662514021872
5796,14.469029549801235,Incoming,46-55,54.89218343620954
5797,30.49149717035629,Incoming,26-35,75.7260177104391
5798,13.709124309842828,Outgoing,46-55,51.13743900571529
5799,17.550621806250376,Outgoing,26-35,50.03494920548368
5800,11.753175901930595,Outgoing,26-35,62.70456957582408
5801,16.476162875203016,Outgoing,56-65,81.52715092581846
5802,13.808831624721913,Incoming,46-55,80.24097230578614
5803,12.94740758635135,Outgoing,46-55,61.85695196519991
5804,24.094492661001624,Incoming,36-45,60.33223717153599
5805,20.885924815921694,Incoming,18-25,63.920848221929724
5806,15.683733236996153,Outgoing,18-25,69.71241826673194
5807,3.4789403202801665,Outgoing,36-45,75.97463878826484
5808,13.194953883737151,Incoming,26-35,45.268318319923004
5809,28.515137822025416,Outgoing,36-45,76.36122579674783
5810,13.846691666801458,Outgoing,36-45,56.859902281426116
5811,20.516087860268293,Outgoing,46-55,63.018632449999
5812,22.209712009763003,Outgoing,36-45,77.63898643067989
5813,16.094819579279875,Incoming,26-35,64.94124500181357
5814,10.790891840659238,Incoming,18-25,68.31991126305681
5815,2.8234383410855575,Outgoing,56-65,42.21162933435158
5816,18.420816043044773,Incoming,36-45,79.96623087499361
5817,10.926219985882259,Incoming,36-45,63.9137342215225
5818,15.880752259438461,Outgoing,46-55,52.52131435680995
5819,8.75089830205318,Outgoing,46-55,72.02148773786206
5820,13.67381229764899,Incoming,36-45,101.75660995520998
5821,15.168595274505266,Incoming,36-45,26.621509963561305
5822,16.34296790522149,Incoming,26-35,33.92534754153436
5823,9.425889063237928,Outgoing,18-25,103.7061061767177
5824,20.98455474380676,Incoming,18-25,58.53389684608749
5825,12.015526076340144,Incoming,56-65,53.81739357263136
5826,6.627652697733774,Outgoing,18-25,47.6922851667567
5827,14.454882900182682,Incoming,56-65,74.1687200194288
5828,15.171876545132301,Outgoing,46-55,102.22494617620575
5829,15.802947165858798,Outgoing,56-65,36.69622918533309
5830,21.810662018425397,Incoming,56-65,48.062465456213324
5831,13.817755816320703,Outgoing,18-25,42.98545742864268
5832,14.401901878156144,Outgoing,36-45,64.65729953638557
5833,9.484078093834533,Incoming,46-55,74.44786875301149
5834,19.102767514439485,Outgoing,26-35,82.41865570666234
5835,15.921545320390518,Incoming,56-65,65.33436565240561
5836,12.899861363529187,Outgoing,56-65,100.38665582487235
5837,5.476626532672682,Outgoing,56-65,38.50494033585174
5838,22.222060975275436,Incoming,36-45,33.30918895134592
5839,8.861600177719714,Incoming,26-35,79.38688586632418
5840,12.04360995315147,Incoming,18-25,52.45664639192673
5841,16.791722555380016,Outgoing,46-55,22.48119353169438
5842,9.017210356916568,Incoming,36-45,43.67874056725101
5843,7.532451108734283,Outgoing,26-35,55.113173081945476
5844,4.380262086496675,Incoming,46-55,37.0750352418529
5845,18.60498476452818,Outgoing,18-25,29.706786258108227
5846,12.27406877636839,Incoming,46-55,45.847417269482484
5847,29.63635046236665,Outgoing,56-65,28.70933159276577
5848,10.028224671845633,Incoming,56-65,62.702620779604636
5849,10.392744882855393,Outgoing,36-45,11.123903062143071
5850,12.173035148572993,Outgoing,46-55,51.80849855930845
5851,16.215673275692446,Outgoing,56-65,60.39019776216605
5852,12.648983306073443,Outgoing,36-45,48.18917520503248
5853,18.061661070012562,Incoming,36-45,71.86445794141747
5854,10.107058050056729,Outgoing,36-45,22.58877531591729
5855,8.092041407682094,Incoming,18-25,35.978209972477714
5856,6.008926302954462,Outgoing,56-65,43.39930707498221
5857,3.8821291603140153,Incoming,56-65,64.25449138818612
5858,12.409654902624716,Outgoing,26-35,54.370151720922415
5859,13.49509843803389,Outgoing,18-25,92.86731965484836
5860,11.842814862584083,Incoming,56-65,33.88428206052214
5861,21.21702898593581,Incoming,56-65,22.100222028386973
5862,21.140151048040675,Outgoing,26-35,85.78177965866122
5863,13.325985062777491,Incoming,46-55,21.382828321352342
5864,6.0303944340401845,Incoming,46-55,63.6612542279809
5865,12.166474459724736,Incoming,18-25,30.426599159560613
5866,12.000893030414693,Outgoing,36-45,8.61363298304628
5867,11.71432518860971,Incoming,26-35,42.50432412373536
5868,11.511405480508776,Outgoing,26-35,67.9899992495432
5869,11.732685521375963,Incoming,56-65,25.564578230538526
5870,13.0672919205112,Incoming,56-65,61.52189456289662
5871,11.822294505922217,Outgoing,26-35,65.25727122372903
5872,16.04161254312796,Incoming,36-45,24.56619716961392
5873,16.801843579524306,Incoming,46-55,45.44477422575259
5874,10.446774564087551,Incoming,18-25,81.54149644654328
5875,21.355326630035165,Incoming,46-55,63.01185239927486
5876,10.099688490796929,Incoming,18-25,44.77015070847959
5877,6.910996930923314,Incoming,36-45,58.30590962507839
5878,16.903890356825258,Incoming,26-35,36.29473383059104
5879,10.912959327928302,Outgoing,36-45,72.2739135677005
5880,16.60645735378694,Outgoing,26-35,72.26520129204279
5881,2.9816569944973477,Outgoing,56-65,52.418118301721094
5882,21.962279707415338,Outgoing,18-25,54.614123129153874
5883,18.36146704020201,Outgoing,56-65,30.024062499886547
5884,7.497617254184991,Incoming,26-35,22.959271458643414
5885,7.606114380768572,Outgoing,18-25,42.46790512116939
5886,23.361329520487637,Outgoing,18-25,48.251965806176436
5887,11.313100482510208,Incoming,56-65,71.25254994775977
5888,10.82907575633688,Outgoing,18-25,68.44855501236621
5889,3.6697395292535866,Incoming,26-35,53.696657767181854
5890,13.246108971992228,Incoming,26-35,73.81077968745574
5891,13.861401925821236,Outgoing,56-65,31.130276423711933
5892,18.577465483847426,Outgoing,36-45,71.5467377455674
5893,8.004607859077623,Incoming,26-35,34.191425713010645
5894,7.398566038796952,Incoming,26-35,74.79389060128486
5895,17.254813173882383,Outgoing,18-25,49.73307070460037
5896,20.033650356135325,Incoming,18-25,10.034266469245253
5897,7.144238244410585,Outgoing,26-35,64.60314328062884
5898,20.407570431498705,Outgoing,56-65,66.1909151900156
5899,15.187709207434107,Outgoing,36-45,40.86839891022836
5900,20.45902669537323,Outgoing,18-25,42.57480843211967
5901,14.648898192411917,Incoming,18-25,46.80909440230792
5902,2.388610412560247,Incoming,36-45,11.496963747474574
5903,14.240163088419806,Outgoing,18-25,2.705436538097132
5904,20.30071909335635,Outgoing,56-65,76.03251276260778
5905,10.531269904581428,Incoming,18-25,33.518646651788465
5906,13.060175155462739,Incoming,18-25,87.10528219152727
5907,14.119332482245108,Incoming,26-35,77.40803602277828
5908,0.5024306006575898,Incoming,56-65,81.34390628539478
5909,23.35673787718738,Incoming,56-65,36.9940209506569
5910,10.493121600514128,Outgoing,26-35,17.831976261388377
5911,17.528677162363994,Outgoing,46-55,28.262353868112903
5912,14.566494319258956,Outgoing,36-45,41.070905456941766
5913,21.2880952817968,Outgoing,56-65,2.535405342987204
5914,17.030280612140405,Incoming,46-55,40.49148621751666
5915,13.825378642395126,Incoming,36-45,45.96643944977779
5916,10.5324245374036,Outgoing,56-65,24.11158056826611
5917,18.989253506910693,Outgoing,18-25,29.19029803508335
5918,5.6327934802269155,Incoming,56-65,45.58802957638397
5919,18.22945210137946,Outgoing,36-45,57.12573096620603
5920,9.504776242225637,Outgoing,46-55,32.183546639995114
5921,21.2614183097832,Incoming,18-25,55.84505219152538
5922,15.806497713313476,Incoming,36-45,52.736920159757105
5923,18.220618839250545,Incoming,36-45,50.93771718036782
5924,15.409944069123597,Outgoing,56-65,36.95971752286846
5925,6.238114524295016,Incoming,26-35,23.332408079292346
5926,10.696354183023308,Incoming,26-35,83.9290395980148
5927,18.36194668805691,Outgoing,18-25,62.606118329148515
5928,15.83327908679922,Incoming,36-45,70.11463306121476
5929,20.904949526528362,Outgoing,46-55,48.32740630322155
5930,17.01637281518586,Outgoing,18-25,46.71949115479724
5931,10.1664905464867,Outgoing,18-25,59.81319361450775
5932,11.01967931139683,Outgoing,56-65,13.306232990955088
5933,15.514586952616186,Incoming,46-55,27.707130612937107
5934,3.4297796699994727,Outgoing,36-45,34.04450243943254
5935,23.367209428114926,Incoming,36-45,40.90867154916475
5936,17.208733681887786,Incoming,36-45,32.40608641059691
5937,21.13517298524436,Incoming,18-25,56.65614250501493
5938,7.096980295954155,Incoming,56-65,51.62894468925671
5939,21.222825801776278,Incoming,18-25,77.85729379502754
5940,26.157494555138744,Outgoing,26-35,99.47518314225124
5941,8.395608223113413,Incoming,26-35,24.74299519703134
5942,18.857008974518834,Outgoing,36-45,52.94610427936891
5943,15.005549723436467,Outgoing,56-65,52.91051756413948
5944,7.277830758758778,Outgoing,36-45,49.71603860470675
5945,17.464419859259348,Incoming,36-45,28.303508580689968
5946,19.16801602418674,Incoming,18-25,31.65605108714899
5947,11.994367236655766,Incoming,36-45,54.80811223832238
5948,20.829582601276115,Incoming,36-45,31.092998533855273
5949,6.666182966054011,Outgoing,56-65,53.18543944334016
5950,7.526219267751779,Incoming,56-65,45.0810043090879
5951,15.682986977943761,Incoming,56-65,52.83315806242564
5952,15.126926389861358,Outgoing,36-45,30.933990591311318
5953,11.417132557879475,Outgoing,56-65,53.14938484669073
5954,19.04797217985943,Outgoing,56-65,32.38094833046819
5955,17.654471571079746,Outgoing,46-55,53.21391217313837
5956,19.290695354670078,Outgoing,46-55,76.78792244878315
5957,14.384317823238662,Outgoing,26-35,55.21967700032141
5958,18.012901339891705,Outgoing,18-25,56.437407647661146
5959,12.771748484850027,Incoming,18-25,66.34413034995096
5960,25.269093450432976,Incoming,56-65,21.928833110534743
5961,10.937271149390071,Outgoing,26-35,84.37843147446026
5962,25.52648714729156,Outgoing,26-35,28.8882001477526
5963,15.174439735447043,Incoming,46-55,67.59321994737874
5964,8.122445552156286,Outgoing,26-35,64.93819974512645
5965,21.840396752443006,Outgoing,36-45,31.95667276990479
5966,15.629506941974794,Outgoing,56-65,70.17772273533524
5967,19.25562049190119,Outgoing,36-45,59.95625532826618
5968,21.119279592712967,Outgoing,18-25,87.79957288804515
5969,16.689777770725126,Incoming,46-55,53.86757502682586
5970,12.038795775935927,Outgoing,36-45,47.82913336954805
5971,19.87856688834625,Outgoing,56-65,39.70474944163591
5972,15.003777537272978,Outgoing,36-45,15.132894572976532
5973,18.429289093042094,Incoming,36-45,43.63544870497681
5974,4.231347131042693,Incoming,26-35,44.48203211482246
5975,17.23490858504926,Outgoing,46-55,55.241163651148696
5976,11.80707087427485,Outgoing,18-25,21.53793778235069
5977,23.266548185892653,Outgoing,56-65,45.21975577626242
5978,18.115436739445475,Outgoing,56-65,61.52502784044231
5979,16.199288729246483,Incoming,18-25,63.51019350985034
5980,17.431549966751106,Incoming,56-65,12.803696477253453
5981,10.007795735616408,Outgoing,26-35,64.12813217306449
5982,23.116283452640268,Outgoing,36-45,45.068521737570165
5983,24.956852092084524,Incoming,26-35,46.29978245002892
5984,16.96456755274108,Incoming,26-35,2.709692602883244
5985,22.952017842868194,Outgoing,26-35,79.8714232511576
5986,12.15425900663733,Outgoing,18-25,53.5359777002259
5987,11.014432168875096,Outgoing,46-55,19.37079146954586
5988,15.204623743644614,Incoming,18-25,57.50403149832933
5989,17.174705191839493,Incoming,18-25,56.88956881694049
5990,13.030066593784397,Incoming,26-35,74.45088305865978
5991,17.68884095184242,Incoming,46-55,43.80622461418244
5992,16.53194741036707,Outgoing,18-25,50.239921378771726
5993,10.008466123544725,Incoming,46-55,37.143843995241845
5994,17.593965087258606,Incoming,26-35,61.95897227985476
5995,19.317641212607604,Incoming,18-25,34.33019316649901
5996,15.857346587951955,Outgoing,46-55,32.1401896583954
5997,20.763240516308464,Incoming,56-65,48.644049244401586
5998,8.91298103251524,Incoming,18-25,25.482724573923427
5999,17.33975211065926,Incoming,18-25,82.0426243707847
6000,9.148596468016127,Outgoing,18-25,88.54533455483751
6001,9.429593208834563,Incoming,46-55,40.92819829156369
6002,11.84534583131105,Outgoing,36-45,22.268099868856694
6003,10.289699082128775,Outgoing,18-25,56.73184077804123
6004,12.260020906294312,Incoming,56-65,40.35794964062152
6005,13.929248446444056,Outgoing,56-65,73.49362265056064
6006,19.185772431656922,Incoming,26-35,34.257068089401926
6007,13.394204806471487,Outgoing,36-45,60.89026444856886
6008,7.071871466152037,Outgoing,36-45,52.27987178783386
6009,20.7003392324758,Incoming,46-55,36.4747697877318
6010,10.814549331924802,Incoming,26-35,54.80099656983883
6011,14.706397864476857,Outgoing,46-55,67.57065116949698
6012,17.232682534703557,Outgoing,26-35,51.73697038110794
6013,15.998052092013914,Outgoing,36-45,51.94569330252517
6014,20.470897737607377,Outgoing,46-55,32.544331442926506
6015,17.395015716963794,Incoming,26-35,72.88409595808272
6016,10.69345210151446,Outgoing,36-45,70.89093156286367
6017,25.89281086995831,Outgoing,36-45,41.78881622627007
6018,15.971667316691166,Incoming,18-25,47.51423081034009
6019,14.26329886689247,Outgoing,46-55,78.28441345380654
6020,19.819627115277854,Incoming,18-25,27.328583579050893
6021,16.24725472965036,Incoming,36-45,62.08576782717563
6022,16.996140964696636,Incoming,46-55,38.827724537377435
6023,27.460919993003436,Outgoing,46-55,85.56155753503282
6024,13.624392858724766,Incoming,56-65,51.268934573306744
6025,13.411195529913021,Incoming,26-35,75.20757036280085
6026,15.58289256006232,Incoming,56-65,34.77345303077743
6027,20.357579677905193,Outgoing,56-65,25.029426353514644
6028,7.467329849048005,Outgoing,36-45,45.31481085597776
6029,5.172220542617474,Outgoing,26-35,55.25366915893673
6030,12.064423646899263,Outgoing,56-65,39.785366359671734
6031,6.830385204703564,Incoming,56-65,65.16614852549935
6032,12.875843262371808,Incoming,46-55,45.800928643791416
6033,17.51249848064645,Incoming,36-45,8.37125676466789
6034,10.546255682238682,Outgoing,56-65,61.05623958386001
6035,7.865867116093288,Incoming,26-35,32.34925881705685
6036,15.34668580857674,Outgoing,18-25,42.76805236646963
6037,19.312717423075853,Outgoing,18-25,81.06262407078711
6038,6.525132807416936,Outgoing,36-45,85.4562344824218
6039,19.10116199152992,Incoming,18-25,38.49013129814377
6040,19.08653101869163,Incoming,46-55,61.555732612636795
6041,19.77042551078314,Outgoing,46-55,38.95451019154711
6042,21.09240107435843,Incoming,26-35,44.26254042202794
6043,26.01006962329808,Outgoing,36-45,37.884491702028946
6044,13.219539756904723,Incoming,36-45,15.513126392070305
6045,15.54785790038929,Outgoing,18-25,51.90110447467419
6046,12.917807833759873,Outgoing,56-65,55.76330773892333
6047,15.009884223779054,Outgoing,56-65,36.57996509377723
6048,22.66436677818156,Incoming,56-65,71.75583422874217
6049,8.274927580346656,Incoming,26-35,41.27839565809561
6050,10.694751639172122,Incoming,36-45,37.255763502819704
6051,21.885904682522806,Incoming,18-25,60.53006236216213
6052,20.10018253451045,Incoming,26-35,19.14636020054942
6053,13.18434176591461,Outgoing,46-55,68.13358063405612
6054,19.272010005603597,Incoming,46-55,41.956616852112745
6055,16.706079212460168,Outgoing,46-55,69.78572152788179
6056,22.50137304500494,Incoming,36-45,75.76261051658312
6057,15.372547969133864,Incoming,46-55,62.803068847142825
6058,20.12816056936291,Incoming,56-65,33.76053414543378
6059,28.2100595524631,Outgoing,46-55,24.983365870311907
6060,17.99049577523733,Incoming,26-35,21.31854673329528
6061,15.246640828974218,Outgoing,46-55,72.05821403402622
6062,18.612234926104897,Incoming,56-65,47.303997755996335
6063,13.173595708980576,Outgoing,46-55,38.01556410938303
6064,26.93983852762366,Outgoing,18-25,47.358356969222164
6065,15.900355188479907,Outgoing,56-65,71.61242417908336
6066,13.635333398872437,Outgoing,36-45,65.574795707191
6067,10.821554974899819,Incoming,46-55,58.770123114177096
6068,20.486100958032193,Incoming,26-35,62.7577211485281
6069,19.335937064138694,Outgoing,46-55,53.603447109938976
6070,12.513228142929535,Incoming,26-35,56.0422611459285
6071,17.882256725612113,Outgoing,18-25,54.42050462302094
6072,7.457220158935717,Incoming,36-45,49.99877508744893
6073,15.924852875365781,Incoming,56-65,65.06747767662563
6074,17.263781760383473,Incoming,56-65,57.2256421240079
6075,23.536649047796114,Outgoing,36-45,32.385699377860846
6076,11.145905986356553,Incoming,18-25,60.57748771045307
6077,8.608236855988379,Outgoing,18-25,54.944941327586086
6078,10.522860195374792,Incoming,46-55,62.22826937830198
6079,8.3171574984254,Outgoing,18-25,47.91586172769943
6080,21.683286788794916,Incoming,46-55,66.23480627534316
6081,22.743196475120182,Outgoing,26-35,48.77182898267686
6082,16.601082889744145,Outgoing,36-45,64.47759373201089
6083,21.10647472842574,Outgoing,26-35,40.87056968098978
6084,15.669791902901176,Incoming,26-35,42.25491891802095
6085,14.52444176149617,Outgoing,26-35,62.04105046420249
6086,13.334811904731191,Incoming,26-35,43.364532125105114
6087,13.448045043112172,Outgoing,56-65,94.11565389496323
6088,7.260992218454843,Outgoing,18-25,61.328899735580535
6089,16.321273818036694,Outgoing,36-45,50.498469723084014
6090,14.79833044892978,Incoming,36-45,66.39801553517698
6091,18.72680362038938,Incoming,26-35,40.38639180046967
6092,15.467617482193049,Incoming,36-45,68.46029638466035
6093,14.186481492154542,Incoming,46-55,67.90470433327064
6094,10.644034849961846,Incoming,36-45,75.070681155591
6095,15.360766184108806,Incoming,26-35,41.18380937302845
6096,18.69118615408081,Incoming,36-45,25.5453349172451
6097,9.283305044580697,Outgoing,18-25,37.796907215949034
6098,15.437368768403696,Outgoing,26-35,44.36738968054506
6099,16.16521475764742,Incoming,56-65,83.3442320170351
6100,11.409676081908678,Incoming,18-25,93.90024058255497
6101,12.06071847546,Incoming,36-45,56.89324609287965
6102,16.153054243831072,Incoming,56-65,50.18781216037198
6103,9.332894908536886,Incoming,18-25,43.00184339051578
6104,16.749618576246963,Outgoing,46-55,66.49380700421735
6105,10.523228131704,Incoming,18-25,93.77162783983036
6106,20.31426846516608,Incoming,56-65,85.71701782376543
6107,26.6891387269415,Incoming,46-55,72.75953225211667
6108,10.696215991490902,Outgoing,36-45,72.46605062227712
6109,17.671039311873372,Outgoing,26-35,66.64619772508229
6110,11.366290475589903,Outgoing,36-45,49.054187085829305
6111,20.20477086898895,Outgoing,26-35,35.26903554918408
6112,8.673707954573924,Incoming,26-35,49.58371821344117
6113,17.402933792138562,Outgoing,56-65,58.44679204262707
6114,10.635055165553236,Outgoing,46-55,20.927322025634098
6115,13.965077054508157,Outgoing,46-55,46.94098541267582
6116,9.844873624263464,Outgoing,18-25,33.48135290817453
6117,19.111752354478767,Outgoing,36-45,70.27682322136283
6118,10.815098227802064,Incoming,56-65,39.00583195686579
6119,17.759821296659137,Outgoing,36-45,56.56440663961975
6120,13.279509858688336,Outgoing,18-25,35.99959414128847
6121,14.427638141005685,Outgoing,18-25,81.95398651921832
6122,15.738779537000642,Incoming,56-65,15.98486126930829
6123,11.190876641705756,Incoming,18-25,59.516807536879334
6124,16.051835567704433,Incoming,56-65,24.454846631201352
6125,22.651672821772056,Incoming,18-25,39.81334699030298
6126,11.109526070836429,Incoming,46-55,54.123734073690095
6127,20.859050716369225,Incoming,56-65,55.10714062633675
6128,22.490488167438922,Incoming,46-55,54.58533682190826
6129,10.91922505485978,Incoming,46-55,53.034982819510006
6130,7.72472697454724,Outgoing,56-65,37.16311476253115
6131,16.509804500858824,Outgoing,36-45,46.71893353822378
6132,12.262962386165634,Incoming,26-35,50.6326803235783
6133,24.34301609581501,Outgoing,18-25,53.90720793517766
6134,15.174037702499161,Incoming,18-25,48.686390543860234
6135,10.989002959824104,Outgoing,36-45,64.59180841968909
6136,9.264202444941443,Outgoing,26-35,51.867739403018845
6137,20.449524795454153,Incoming,36-45,54.026519352432274
6138,12.144080129579066,Outgoing,26-35,42.34695303376965
6139,15.219143997302142,Incoming,56-65,28.951161467711554
6140,19.779013725562404,Incoming,56-65,53.08057861464941
6141,12.578708240345849,Outgoing,46-55,74.14892087925875
6142,14.770355856299197,Incoming,46-55,58.87722461460827
6143,14.9171579508874,Outgoing,56-65,33.650121175704165
6144,18.41662255758046,Outgoing,46-55,66.29480051637208
6145,17.953721677551627,Incoming,56-65,43.297658644120865
6146,13.899431343725858,Incoming,36-45,64.29307960960574
6147,15.318245307482588,Incoming,18-25,42.62408270207678
6148,13.141104942382558,Incoming,56-65,57.066128796547396
6149,7.611937965402777,Incoming,56-65,39.63005326751306
6150,16.288004286990645,Outgoing,56-65,40.13895007059331
6151,24.460958804165337,Incoming,46-55,18.674692658085206
6152,10.581404296544687,Outgoing,46-55,60.24149638322319
6153,11.134851451986485,Incoming,46-55,57.40339269640674
6154,10.646361141781293,Outgoing,46-55,58.52885432521885
6155,18.622958893615614,Outgoing,36-45,55.506611222636224
6156,17.2424272709822,Outgoing,56-65,34.75499933353394
6157,14.207311537917716,Outgoing,36-45,69.3179852898716
6158,10.409904691805174,Outgoing,46-55,69.8555860018454
6159,15.461883958199621,Incoming,36-45,34.235250696588345
6160,7.176889363320979,Outgoing,56-65,60.64247982699916
6161,15.717132834287465,Incoming,56-65,67.49982370735954
6162,19.35762193043967,Outgoing,46-55,40.59803453312557
6163,8.74400431683161,Incoming,56-65,44.07928621511296
6164,7.337408615851682,Outgoing,36-45,60.68226816423572
6165,22.897189458474298,Outgoing,26-35,19.793404611713974
6166,11.941201802477075,Incoming,56-65,28.229655569320002
6167,20.67973922971911,Incoming,36-45,30.20449984260877
6168,14.230011674010841,Outgoing,36-45,14.07367270349009
6169,14.190225915293363,Outgoing,36-45,71.6987954837496
6170,17.192063497483225,Incoming,56-65,10.237363716166655
6171,10.580005716267797,Outgoing,26-35,56.86221326862732
6172,15.662485717478228,Outgoing,46-55,66.23366789510439
6173,13.092552925879536,Incoming,46-55,44.128080911734656
6174,8.397532782974842,Outgoing,56-65,36.632647505375104
6175,16.687410373631995,Outgoing,56-65,54.656849014732785
6176,13.683460965610418,Incoming,18-25,50.03666001188963
6177,14.21487585777646,Outgoing,26-35,70.07009724832831
6178,8.94919528292921,Incoming,36-45,0.0
6179,22.957001838814023,Incoming,36-45,31.625850477037442
6180,19.38357093193058,Outgoing,46-55,61.23153767832111
6181,19.820779420859893,Outgoing,56-65,51.0089488554892
6182,13.47277648779159,Incoming,26-35,65.04068318393735
6183,6.354085552482898,Incoming,46-55,55.24039952479325
6184,24.764586912447555,Outgoing,26-35,47.305258735173744
6185,14.69451245997066,Incoming,56-65,43.95423113812991
6186,11.256001019899731,Outgoing,36-45,96.50110031751173
6187,17.08400787241557,Incoming,18-25,80.69892548063022
6188,20.835603940016487,Incoming,26-35,59.91010196190444
6189,14.884747219572668,Incoming,36-45,51.56927786896829
6190,21.39287583969687,Outgoing,26-35,60.76265098706869
6191,20.41499969258434,Incoming,26-35,66.53669435745816
6192,9.618094062989709,Incoming,26-35,58.376533714090186
6193,11.631049471702617,Incoming,56-65,34.972397532268836
6194,19.787685816398838,Incoming,46-55,85.6902153544902
6195,1.43693718094781,Outgoing,26-35,54.92416455508038
6196,14.252721534175055,Incoming,56-65,90.27860060779629
6197,7.845843991876641,Outgoing,18-25,53.74294973754668
6198,12.617230992832376,Incoming,46-55,45.086932957489324
6199,13.505899554853979,Incoming,56-65,77.68280248092927
6200,13.208778110462461,Outgoing,18-25,56.02373916155534
6201,12.238693739436957,Outgoing,46-55,52.66845269018579
6202,9.514281751855929,Incoming,56-65,25.992715887148115
6203,26.45955633409343,Incoming,18-25,63.20435610271656
6204,24.337310020806754,Incoming,56-65,40.13379234088183
6205,9.189670898718585,Outgoing,18-25,41.044175818520515
6206,22.910583756517838,Incoming,26-35,40.18902309189657
6207,13.002672547635736,Outgoing,26-35,58.78067669390605
6208,15.645937366658552,Incoming,46-55,19.292474528486203
6209,14.68363020051542,Outgoing,18-25,45.78309314548385
6210,11.70125679373017,Outgoing,26-35,69.60557982218756
6211,19.919261718030732,Outgoing,46-55,25.08662261319985
6212,15.629432652883288,Incoming,36-45,53.457579218691706
6213,12.617242883903792,Incoming,26-35,37.37201159458331
6214,8.477052780997637,Outgoing,26-35,41.926137610687334
6215,10.532024931404397,Outgoing,56-65,83.10304520779815
6216,6.793099421989515,Outgoing,36-45,16.99021632909983
6217,15.061117742075847,Incoming,18-25,65.31260676343233
6218,9.01667203857802,Incoming,46-55,40.44143462445575
6219,13.672197437407293,Incoming,36-45,39.44672029708666
6220,21.850509268051855,Outgoing,18-25,27.76875315023465
6221,20.996497864607928,Incoming,26-35,65.07799274547271
6222,14.83861552948691,Incoming,46-55,46.17190767431968
6223,14.56457636928425,Incoming,46-55,43.646611724106954
6224,24.39937274710504,Outgoing,36-45,52.196738584081494
6225,17.603780601793556,Incoming,56-65,46.594257485163986
6226,13.360967700617385,Incoming,18-25,9.986242404929513
6227,7.86990941439774,Incoming,36-45,40.18351634045283
6228,16.969366090823716,Incoming,56-65,67.90881781896648
6229,19.146618862914313,Incoming,56-65,19.867670717753832
6230,11.84174237743178,Outgoing,56-65,28.20124200287291
6231,16.456013775690163,Outgoing,46-55,41.464172092029486
6232,13.182133525424854,Outgoing,18-25,35.48753162725716
6233,14.079838004004987,Outgoing,18-25,49.44229035716784
6234,2.5608897121883434,Incoming,36-45,28.138464966425186
6235,13.891092981419323,Incoming,26-35,42.24290952381254
6236,19.846846512040273,Outgoing,36-45,49.04010936801332
6237,11.84298722216721,Outgoing,18-25,62.97880832415942
6238,15.262631841076582,Outgoing,46-55,74.89578772199192
6239,11.220246466540399,Incoming,36-45,44.769056922931206
6240,16.802208381463863,Incoming,26-35,87.7612048249165
6241,13.917384012319133,Incoming,36-45,46.321908389109524
6242,10.303792296589965,Outgoing,56-65,66.57750296513062
6243,21.66275733832564,Outgoing,26-35,88.63015469453558
6244,19.644660067661075,Outgoing,56-65,52.786168184718704
6245,11.975466180359126,Incoming,46-55,22.52946756844929
6246,17.48894154708889,Incoming,18-25,51.818077144152625
6247,17.687060014101903,Outgoing,36-45,37.76714223590179
6248,18.21150617505588,Outgoing,36-45,44.511359460550956
6249,6.528720520024612,Incoming,56-65,89.6995376499043
6250,20.03303270516314,Incoming,56-65,25.544731535522484
6251,12.151505185371343,Outgoing,18-25,56.009336446117175
6252,13.210860332793665,Outgoing,36-45,32.44557439356551
6253,28.189408761301,Incoming,18-25,43.84684117598171
6254,16.50936690360506,Outgoing,56-65,64.89684670408968
6255,13.068387622764122,Outgoing,56-65,56.36327886946046
6256,3.9735281362204695,Incoming,26-35,45.499354620768216
6257,21.948820669731777,Outgoing,56-65,37.00399349470744
6258,8.273951645956988,Incoming,56-65,56.32156384307228
6259,9.982805482502481,Outgoing,18-25,84.15373434306741
6260,13.343238504560754,Incoming,26-35,31.972961147527524
6261,22.082058958501463,Outgoing,26-35,88.23327770915546
6262,18.866199933328797,Outgoing,36-45,73.98994901450303
6263,14.2108124507987,Outgoing,46-55,77.38706735155534
6264,16.541460318194105,Incoming,36-45,56.168647618592026
6265,11.99807153564447,Outgoing,36-45,73.42259551019788
6266,15.698268447826754,Outgoing,36-45,29.823374350987475
6267,15.366683723890683,Incoming,26-35,36.63912184302977
6268,19.843849478406767,Outgoing,18-25,65.31627627840786
6269,19.835890612194746,Incoming,56-65,55.916901104476324
6270,17.469886911028226,Incoming,26-35,47.032414830044615
6271,13.188262212269489,Incoming,56-65,0.0
6272,18.70911147195063,Outgoing,56-65,41.29051903923658
6273,14.540157668984767,Incoming,46-55,26.518924394034688
6274,9.590428156434335,Outgoing,36-45,59.87068622623005
6275,12.983561040445306,Incoming,46-55,46.17662942865529
6276,15.422634918921622,Outgoing,36-45,37.433989116669906
6277,19.551078918323725,Incoming,26-35,102.85820965248607
6278,14.082359139214235,Incoming,56-65,70.7634895338847
6279,8.954006443801969,Outgoing,46-55,71.11744282712118
6280,15.283708416484098,Incoming,26-35,94.04430289364345
6281,15.567280200282761,Outgoing,26-35,66.04383565366219
6282,15.929188144513764,Incoming,36-45,34.58091981054268
6283,19.59935757977215,Outgoing,56-65,32.24207296616527
6284,20.094616200449494,Incoming,36-45,69.2980551750847
6285,12.028945638091667,Incoming,36-45,8.812914404496468
6286,11.919282709755283,Outgoing,26-35,48.44440737980869
6287,9.799006445222634,Incoming,36-45,6.577512448871033
6288,18.494078351402383,Outgoing,18-25,51.976870167790125
6289,22.244100541688578,Outgoing,56-65,67.08140501423907
6290,13.424590360455383,Incoming,36-45,55.588310692072646
6291,13.792847176375034,Incoming,36-45,68.76218717941195
6292,22.33391278449488,Incoming,46-55,89.2965388331983
6293,17.52778926607504,Outgoing,56-65,47.12923125475982
6294,17.181178524005276,Outgoing,56-65,106.15301566557761
6295,9.045417470131365,Incoming,36-45,54.25339912340309
6296,18.393640346397095,Outgoing,18-25,68.98330125380718
6297,10.354318297451208,Incoming,46-55,37.77874570869865
6298,9.32989907032521,Incoming,18-25,82.38627959261365
6299,13.266142116166439,Incoming,36-45,70.83420397085258
6300,12.07103638275655,Outgoing,56-65,79.42902605135995
6301,13.892001528074804,Outgoing,56-65,51.090088435479096
6302,7.795091827375407,Incoming,18-25,24.89164871233421
6303,19.79408153233836,Outgoing,26-35,59.20794879250812
6304,20.638431472582145,Incoming,36-45,16.059603733529684
6305,5.263287629295929,Incoming,56-65,43.27628392756096
6306,19.89228902833275,Outgoing,26-35,53.82160873264501
6307,10.947356850891868,Incoming,56-65,97.54448585021535
6308,19.28487768491393,Incoming,56-65,56.37097223883881
6309,14.657767536667922,Incoming,26-35,52.79074938166079
6310,15.143877820404994,Incoming,18-25,48.739351519294146
6311,14.074511752893907,Incoming,36-45,23.15818190469965
6312,21.06064602116743,Outgoing,26-35,51.71651680026015
6313,8.802059937374858,Outgoing,26-35,52.05765352273545
6314,18.039201693675043,Incoming,56-65,30.627830090925656
6315,20.506650824447753,Outgoing,26-35,26.265087711432706
6316,18.581700402702054,Incoming,36-45,40.36858634464534
6317,26.623494571617087,Incoming,18-25,51.29865957145386
6318,12.355266186376506,Incoming,18-25,40.84891637237084
6319,19.786524112967655,Incoming,18-25,28.982491006969575
6320,14.469546823292898,Outgoing,36-45,55.78544504008611
6321,21.167030381763347,Outgoing,56-65,60.77733648338458
6322,14.961555021393153,Incoming,36-45,52.4259541844447
6323,13.060621090687652,Outgoing,26-35,38.740345722461335
6324,21.530361019358146,Incoming,46-55,61.89682042464516
6325,12.54219030490535,Outgoing,46-55,46.18925420546038
6326,7.936371205497219,Incoming,46-55,26.21832585309701
6327,12.415765584130858,Incoming,18-25,70.72488710002797
6328,18.095164732942663,Incoming,36-45,57.0701603853298
6329,21.960193757935457,Outgoing,36-45,47.61419388608522
6330,15.55564687648256,Outgoing,18-25,18.5789559033055
6331,21.590985336170128,Incoming,26-35,35.10279441729577
6332,8.209125392612032,Outgoing,46-55,90.37131424765855
6333,12.783682675910486,Outgoing,46-55,19.83315876238606
6334,13.557124414229495,Outgoing,18-25,44.97301440716615
6335,14.427202862637401,Outgoing,46-55,49.67328475292761
6336,15.420471941250982,Outgoing,56-65,56.409535788231096
6337,18.454554786960962,Outgoing,36-45,20.05658128347172
6338,12.775965809147548,Outgoing,46-55,53.483525128092005
6339,15.695143434765628,Outgoing,46-55,16.277890750566407
6340,14.774385548379742,Outgoing,56-65,51.94857592391023
6341,10.37055048054425,Outgoing,26-35,36.952041619808355
6342,14.431666554592823,Outgoing,26-35,32.6826146616438
6343,14.28170235051441,Outgoing,56-65,66.69634317335175
6344,14.17459717498477,Outgoing,26-35,45.287875132722355
6345,15.158797282907253,Incoming,18-25,59.47421609815143
6346,15.37836770306693,Incoming,56-65,60.13653822755634
6347,12.83852410446335,Outgoing,36-45,75.39906977910204
6348,21.363573669856322,Outgoing,36-45,25.834845167579505
6349,9.152596853984917,Outgoing,36-45,68.38031325039513
6350,11.395149457650518,Incoming,46-55,50.32923244876094
6351,28.89981812111778,Incoming,56-65,42.43750839260812
6352,9.81004322505385,Outgoing,56-65,27.014989616194352
6353,8.231226626451207,Outgoing,26-35,62.13181723085724
6354,18.67238372500609,Outgoing,56-65,31.555509573322293
6355,4.61440073113063,Outgoing,56-65,60.35613173954286
6356,13.823630450137806,Outgoing,26-35,88.55661545934265
6357,25.729124625382443,Incoming,56-65,69.59954080718657
6358,7.275320389232998,Outgoing,56-65,77.82868650301297
6359,5.090177571306434,Incoming,18-25,35.619904455499366
6360,7.5040939902115085,Outgoing,26-35,65.2546609226399
6361,19.49179784173493,Outgoing,18-25,27.11570089727219
6362,20.623883599929062,Incoming,46-55,45.33034194850772
6363,12.437056015107455,Incoming,26-35,84.8254411243824
6364,18.416062020005345,Outgoing,56-65,37.843155871470316
6365,21.95127663755995,Incoming,56-65,72.22712368346187
6366,23.936732072149127,Outgoing,18-25,70.3129346599943
6367,13.768323594100758,Incoming,18-25,71.49482500441675
6368,3.492641411650066,Incoming,46-55,24.659960477574543
6369,10.895605387951566,Outgoing,46-55,60.504019320313596
6370,12.865979025323712,Outgoing,56-65,46.868028681662736
6371,13.705306017108047,Incoming,36-45,71.76993715058224
6372,14.060702994956403,Outgoing,46-55,16.899992005463098
6373,20.594472989653347,Incoming,56-65,57.355757781312064
6374,21.372142133437908,Incoming,46-55,54.52750405680134
6375,14.141631730376083,Outgoing,26-35,10.197665255021292
6376,20.492424380259095,Incoming,18-25,32.29159287810046
6377,16.788306833155445,Outgoing,56-65,13.396955737662978
6378,15.322529864312859,Outgoing,46-55,35.472893961541864
6379,19.53272078554982,Incoming,18-25,60.98434169330296
6380,15.361260241189578,Outgoing,36-45,53.90731151297215
6381,25.28905588548881,Incoming,46-55,53.388001611870976
6382,7.807944166027204,Incoming,56-65,29.20503782137235
6383,12.424145504539911,Outgoing,26-35,72.40900983021064
6384,14.36740551523025,Outgoing,18-25,49.6236064327732
6385,17.197263452289953,Incoming,18-25,50.67407624515017
6386,21.339802435515445,Outgoing,26-35,68.80799137892261
6387,14.878007163819216,Incoming,56-65,30.17308504614923
6388,7.888851752468964,Incoming,36-45,54.57095539743846
6389,19.212569482275022,Incoming,26-35,58.469249832028396
6390,18.77479383070982,Incoming,36-45,39.088636994123036
6391,5.29070670310297,Incoming,56-65,63.04746761519552
6392,14.980979331646003,Outgoing,46-55,59.542463412591346
6393,7.0492908465985105,Incoming,46-55,47.9764657544515
6394,11.676744512489687,Incoming,56-65,47.35698219730277
6395,10.485955365186001,Incoming,36-45,60.4709531574261
6396,19.04632349120993,Incoming,26-35,65.7694208002638
6397,15.584150870860919,Incoming,56-65,51.25799834813281
6398,8.572044996219862,Incoming,56-65,72.40378920813694
6399,19.400329814786712,Outgoing,46-55,63.17051924861167
6400,7.830970880357928,Outgoing,26-35,14.2307210054637
6401,16.650568952354718,Incoming,46-55,21.902066049157153
6402,10.92994665354222,Incoming,36-45,73.64470438043323
6403,13.1716145873474,Incoming,36-45,45.064537370582045
6404,17.52135374019192,Outgoing,18-25,53.28351645594948
6405,17.607246995297643,Incoming,56-65,72.7858103531829
6406,21.6848453677798,Incoming,26-35,49.87177565256318
6407,14.588731501642734,Incoming,26-35,50.74535219178698
6408,16.532254314816704,Incoming,46-55,32.62541534416542
6409,12.811313387978377,Incoming,46-55,57.39989014455041
6410,15.909949413113988,Incoming,26-35,61.73024437933647
6411,17.197430240042557,Outgoing,46-55,38.44236325994288
6412,14.50845076272812,Incoming,18-25,31.559572433882664
6413,5.981247579537518,Incoming,56-65,102.52578510390457
6414,16.657354481654476,Incoming,18-25,48.14183060303434
6415,16.822807386777285,Incoming,36-45,36.32615320781417
6416,11.599132618260246,Incoming,26-35,64.13172890584524
6417,8.57806481963743,Incoming,18-25,48.98411929544216
6418,22.379395752519827,Incoming,18-25,28.284673534757935
6419,17.45722755447201,Incoming,46-55,59.6610714330289
6420,13.854594845391452,Incoming,46-55,32.93758061848362
6421,9.314835584262564,Outgoing,46-55,81.52916004311268
6422,10.89092585789327,Outgoing,36-45,59.890092595048046
6423,21.51295198393116,Outgoing,18-25,44.46239150947832
6424,15.68830970434023,Incoming,56-65,52.18694036044226
6425,12.247064664996467,Outgoing,46-55,68.06576242196387
6426,17.54844615612328,Outgoing,36-45,53.71922507121597
6427,10.928009062768382,Outgoing,36-45,92.44218914467098
6428,22.504215151401894,Outgoing,46-55,72.7173503279105
6429,21.764002674483628,Incoming,26-35,59.75214735122243
6430,12.667129643986117,Outgoing,18-25,31.26028252983032
6431,11.856648764845698,Outgoing,46-55,47.06223792196018
6432,1.9093340065386002,Incoming,56-65,59.57749940104905
6433,7.59209614224316,Outgoing,18-25,33.542771684837234
6434,8.30265112521122,Incoming,36-45,75.86853749925899
6435,15.67595170493693,Outgoing,56-65,30.516853164439187
6436,13.368831477793202,Outgoing,18-25,37.25548603908196
6437,8.273322562923793,Outgoing,56-65,38.75401630210237
6438,13.594179787677213,Incoming,36-45,64.87648921266266
6439,17.526685738236743,Outgoing,46-55,33.90127265658454
6440,17.639196749577934,Outgoing,56-65,14.000468591618905
6441,5.5016485957055945,Incoming,46-55,71.76077671523426
6442,14.358682597580845,Outgoing,36-45,41.11227429788876
6443,8.083296115141948,Outgoing,36-45,28.629847356961264
6444,19.50864348570137,Outgoing,56-65,34.9028289359492
6445,18.920732081767493,Outgoing,56-65,84.33525498368701
6446,10.509863868377707,Outgoing,36-45,36.85912605454178
6447,11.169773987998001,Incoming,56-65,47.53263789246197
6448,12.693664747508464,Incoming,56-65,41.061632754279685
6449,3.7360330263433035,Incoming,56-65,25.34674913132487
6450,16.679840867202884,Outgoing,56-65,35.14562875506073
6451,13.635777268299346,Outgoing,18-25,23.9778318598701
6452,19.850875412839294,Outgoing,36-45,69.11762551361429
6453,9.507953910187236,Outgoing,36-45,52.01758129227191
6454,11.904385258750342,Outgoing,26-35,99.65355524348642
6455,7.4673737098044235,Incoming,46-55,35.82178550018822
6456,9.978547182528734,Incoming,26-35,32.82279507708762
6457,9.090090019658906,Incoming,56-65,80.67519536710657
6458,19.979868394232227,Outgoing,56-65,71.1595406413627
6459,11.508690756243038,Incoming,18-25,57.69530043542044
6460,15.620878423723067,Incoming,18-25,27.726169698234568
6461,13.096182980690978,Incoming,18-25,84.89992535455869
6462,8.652673669935936,Incoming,18-25,48.55793680459304
6463,14.158497884141786,Outgoing,18-25,41.38649743009928
6464,17.995516659317975,Outgoing,18-25,72.8591947383656
6465,8.961203037283239,Incoming,18-25,49.5540975749254
6466,19.045563953656895,Incoming,18-25,26.686598287362347
6467,10.751395392611519,Incoming,18-25,50.806051989971635
6468,12.585080369635797,Incoming,36-45,34.37302396858472
6469,17.65341561505024,Incoming,18-25,0.0
6470,11.68281921390256,Incoming,46-55,32.36579615699736
6471,15.187874296679327,Incoming,18-25,39.44528858264299
6472,13.426545856059537,Incoming,56-65,26.88709781413904
6473,15.646840033519092,Incoming,56-65,61.504930642280755
6474,3.0963044723825135,Outgoing,18-25,34.451044853424364
6475,5.851590923959586,Incoming,18-25,59.568524016689125
6476,18.07983503023419,Outgoing,56-65,25.333605272633704
6477,20.185907028245254,Outgoing,46-55,68.18437842165076
6478,10.447566482342394,Incoming,26-35,24.470349466670168
6479,13.779858239144328,Incoming,36-45,3.1693918121785387
6480,16.473596264511507,Outgoing,56-65,74.74525170326454
6481,18.46608800829352,Outgoing,18-25,32.882123925376575
6482,4.861613641645757,Incoming,36-45,85.13858116398816
6483,10.569798765108114,Outgoing,18-25,61.2918380241614
6484,13.337103100750625,Incoming,26-35,65.80526636762507
6485,18.515700986180246,Incoming,26-35,70.90945000932146
6486,27.492152418607475,Outgoing,56-65,52.253586924981384
6487,13.859971365951411,Incoming,36-45,52.481108356770775
6488,7.965112689480057,Outgoing,36-45,75.62680048388617
6489,17.01134038600649,Incoming,26-35,52.22716991396196
6490,21.60497894770355,Incoming,18-25,35.4364630640678
6491,15.540070604897505,Outgoing,56-65,61.71517120324447
6492,10.466757274228536,Outgoing,46-55,7.727131712300952
6493,19.789969707400097,Incoming,26-35,76.39117603120427
6494,18.317728092492175,Incoming,26-35,76.80878271930183
6495,9.869595779021878,Outgoing,56-65,73.96333336246158
6496,16.90712808767171,Incoming,18-25,73.19543924755388
6497,19.986327838294365,Outgoing,36-45,48.31649349317754
6498,20.909450212794468,Outgoing,26-35,47.866352310139554
6499,14.66775512345272,Outgoing,56-65,25.407198204582876
6500,13.209602769103405,Incoming,56-65,84.96082503422096
6501,21.136369110406314,Outgoing,56-65,40.29963653947444
6502,8.949197485095574,Incoming,36-45,56.79770619503762
6503,17.192896454605027,Outgoing,26-35,55.08090565909556
6504,8.149866863177854,Incoming,56-65,23.19161636791687
6505,20.326881361298014,Incoming,36-45,15.106499517535887
6506,13.709772421944193,Outgoing,18-25,50.111732417346964
6507,21.342916178237346,Outgoing,46-55,40.92487764776982
6508,17.457063781777634,Outgoing,26-35,48.211262815133296
6509,8.88389884969035,Incoming,36-45,71.30831260406465
6510,22.123138660386218,Incoming,46-55,54.49888301074046
6511,22.756226332138645,Incoming,46-55,65.17045081529461
6512,19.41143246299608,Outgoing,36-45,58.90656324351155
6513,11.1920606748189,Outgoing,36-45,43.673316135203365
6514,13.469930228212956,Outgoing,36-45,29.963936656138724
6515,15.727136087028796,Outgoing,56-65,55.294357362269366
6516,11.481448003342834,Outgoing,18-25,51.67785238692183
6517,23.461732862316026,Incoming,56-65,68.30312675009495
6518,15.721632358630185,Outgoing,46-55,46.98199860555014
6519,1.483259764463213,Incoming,46-55,44.05316909768955
6520,16.6967790637811,Outgoing,46-55,45.410012324368004
6521,13.259213015913435,Outgoing,36-45,31.625467299891085
6522,14.62536721940776,Outgoing,26-35,78.93819889640915
6523,13.156903171071502,Outgoing,56-65,72.79257509231523
6524,19.035232083033435,Outgoing,26-35,25.739403420839064
6525,20.598438892766907,Incoming,18-25,66.078962839451
6526,16.415265811293267,Outgoing,18-25,13.099898721352695
6527,13.303444064309204,Incoming,56-65,69.70578466222045
6528,14.793313975954149,Incoming,46-55,36.07299097784649
6529,15.097998082888141,Incoming,18-25,57.19801115356503
6530,10.987849800675816,Incoming,26-35,11.409806209166561
6531,17.894643242856173,Outgoing,26-35,26.02591536644099
6532,17.30021161930233,Outgoing,36-45,59.37405934498819
6533,22.702206198883367,Outgoing,46-55,35.98183633234439
6534,21.276748901442375,Outgoing,36-45,33.200742592556026
6535,11.571625412049348,Outgoing,56-65,77.91723394904196
6536,19.101491872544823,Incoming,18-25,94.2191842254575
6537,10.24523308452764,Outgoing,36-45,68.74027873638966
6538,18.47966050470425,Outgoing,36-45,28.162388565298727
6539,12.41692900619946,Incoming,56-65,85.27038665635399
6540,9.883733883122078,Outgoing,26-35,18.771354807032353
6541,16.400226713487022,Outgoing,26-35,43.91017091849348
6542,1.6271643592292957,Incoming,56-65,51.09555533974746
6543,6.245122127973859,Outgoing,26-35,88.48075687677498
6544,14.112540581128584,Incoming,56-65,68.2531827510345
6545,15.412208833174212,Incoming,26-35,40.72484610400961
6546,13.153406149209056,Outgoing,56-65,31.100874584405005
6547,7.102818506412007,Incoming,26-35,70.04385307606509
6548,10.910540789307472,Outgoing,36-45,39.33282085559289
6549,16.95604663618697,Outgoing,36-45,54.3348017572995
6550,17.908908853141813,Outgoing,26-35,22.604470214817685
6551,14.918884412020294,Incoming,56-65,61.38515710448401
6552,20.784168905184945,Incoming,36-45,59.77390291494957
6553,16.98698511729617,Incoming,18-25,25.16759876683657
6554,11.262721730208938,Incoming,26-35,70.6324622574328
6555,13.597489732941913,Incoming,18-25,61.09491616485563
6556,7.985669213960726,Incoming,18-25,64.80048505560195
6557,14.459305048042916,Incoming,46-55,42.426426144997386
6558,20.560503096106693,Incoming,18-25,53.579128225728844
6559,18.42645042355484,Incoming,18-25,51.26757737730649
6560,22.01004662959561,Incoming,46-55,47.03659190491539
6561,13.485573781005034,Incoming,46-55,53.41006556331692
6562,21.73049897257129,Outgoing,46-55,75.12885947592764
6563,14.03347886776015,Incoming,56-65,71.49901277407854
6564,22.357925412849468,Outgoing,46-55,26.362786450622867
6565,14.89071626278938,Outgoing,56-65,69.7080363381388
6566,18.536156869021383,Outgoing,26-35,73.82286745496071
6567,22.375561821549276,Outgoing,56-65,46.97644653295268
6568,14.032861857093971,Incoming,26-35,60.16894207595553
6569,16.09194493772087,Outgoing,46-55,59.88003334606036
6570,21.44431712603151,Outgoing,46-55,33.000667666513976
6571,14.334984180349682,Outgoing,26-35,42.36087424943344
6572,8.395538587469193,Incoming,36-45,65.01620477703214
6573,25.71503527292455,Outgoing,56-65,40.083555263370975
6574,12.651177678314316,Outgoing,18-25,69.50999118524615
6575,15.793780254687714,Incoming,46-55,76.09944881699522
6576,20.780033347255635,Incoming,56-65,72.87343683960941
6577,11.95753048134399,Incoming,56-65,89.59609206338914
6578,9.960660433889348,Incoming,46-55,48.18535435417775
6579,16.268686483874166,Incoming,26-35,53.54402147938126
6580,6.034618010438052,Incoming,46-55,56.4132609552528
6581,13.560469615660399,Incoming,56-65,48.79204150018523
6582,16.22519332157703,Incoming,36-45,60.84357948203289
6583,13.650240515874179,Incoming,26-35,15.775919419760221
6584,7.2827452840712645,Outgoing,46-55,54.09810777385039
6585,22.970889781020063,Incoming,18-25,22.451267002342085
6586,15.517690769745878,Outgoing,46-55,30.747534447848437
6587,22.155760588808704,Outgoing,56-65,64.65779622059827
6588,13.699818749097776,Incoming,56-65,46.017675231019595
6589,10.59994009154618,Incoming,18-25,63.95228949431612
6590,16.345904601275798,Incoming,26-35,45.5844679279774
6591,13.921064368358902,Incoming,56-65,72.12812632782311
6592,9.111192710043209,Outgoing,26-35,45.21838588757393
6593,22.34892129393748,Outgoing,26-35,10.901630208737537
6594,11.88864888553002,Incoming,46-55,54.50785164022541
6595,5.798668076022157,Outgoing,26-35,6.622803085948981
6596,21.64083026978666,Incoming,56-65,20.94558194935185
6597,12.478509920936883,Outgoing,56-65,32.3410694200286
6598,11.960880536921879,Outgoing,36-45,29.845810444596253
6599,6.17306206485013,Incoming,26-35,39.098983911674296
6600,23.704707432984954,Incoming,36-45,29.158643529377883
6601,8.552597063951563,Outgoing,46-55,21.880946728286546
6602,15.292247403528249,Incoming,36-45,80.83671489681548
6603,19.5631016127022,Outgoing,26-35,36.43710907216209
6604,17.108584665015485,Incoming,56-65,5.384646937052047
6605,14.701728440039043,Incoming,46-55,42.78163253981486
6606,6.4916707085629195,Incoming,26-35,27.505378839448923
6607,10.95137582116358,Incoming,46-55,32.30064745414373
6608,15.93900169021261,Incoming,18-25,64.2068496270497
6609,11.064129650065018,Incoming,26-35,41.036847624295646
6610,16.01679729999384,Incoming,18-25,26.948067975642296
6611,18.408717044075708,Outgoing,36-45,58.92507019914489
6612,19.812514429000508,Incoming,26-35,72.99881661218171
6613,8.869103210936583,Outgoing,18-25,60.73744325279689
6614,25.983230274894773,Incoming,56-65,0.928888566991489
6615,18.837396722770652,Outgoing,36-45,27.70020995205972
6616,14.99142923165468,Incoming,26-35,50.9489706127241
6617,20.447682915383204,Incoming,26-35,45.114011894719695
6618,26.827038859999867,Outgoing,56-65,43.45449692121607
6619,7.806399494715652,Incoming,56-65,30.34486614318332
6620,13.873686787543232,Incoming,18-25,21.888318338451207
6621,3.107841700633358,Incoming,18-25,90.1556343562604
6622,15.963257663240123,Incoming,18-25,50.54221906277824
6623,16.826971209625704,Incoming,46-55,62.842435777348356
6624,14.804189422786203,Outgoing,36-45,50.12502347167618
6625,11.72733214500845,Incoming,26-35,50.92697397275979
6626,4.752427419058375,Outgoing,36-45,48.757932003814254
6627,16.867668417058844,Outgoing,56-65,27.591082818511357
6628,22.277172419576626,Outgoing,36-45,19.710210839315046
6629,12.04490772133284,Outgoing,36-45,57.72450747489974
6630,17.200299645115724,Outgoing,18-25,53.756848145423334
6631,7.159278432899747,Outgoing,56-65,68.76561796919414
6632,17.28606531846257,Outgoing,36-45,64.70721653284053
6633,13.033088511276715,Outgoing,26-35,33.829756145006584
6634,11.187910246985428,Incoming,18-25,72.65182617843743
6635,11.198181793919346,Outgoing,36-45,65.30054390309034
6636,13.031942089834951,Incoming,56-65,63.8168313971467
6637,16.912166578462678,Outgoing,26-35,94.98653583957616
6638,8.439183994022411,Outgoing,56-65,90.87917525016375
6639,13.014423342160736,Incoming,56-65,63.79827533109772
6640,14.792641110004261,Outgoing,56-65,61.30394411675059
6641,9.504803877340704,Incoming,46-55,71.63310363539361
6642,23.983326008375087,Outgoing,26-35,38.32092460659258
6643,10.732522599693292,Incoming,56-65,38.603414848179
6644,11.652815431832547,Incoming,46-55,63.46842814183827
6645,10.10846025088751,Outgoing,18-25,32.87047821744855
6646,23.992400435690588,Outgoing,46-55,61.855389710465104
6647,17.764526142997408,Outgoing,18-25,53.1366433307238
6648,10.317039968781788,Outgoing,46-55,32.87619790815762
6649,20.531157794299844,Incoming,56-65,50.51733020576599
6650,16.00349347144439,Incoming,46-55,76.10163184276833
6651,16.28626710555751,Incoming,46-55,51.647409013076754
6652,13.277613956237737,Incoming,56-65,51.730952952359544
6653,11.252920065215132,Incoming,18-25,56.579705578091925
6654,16.688830495273006,Incoming,56-65,59.183770457832175
6655,12.274563850022048,Incoming,26-35,43.38319067837614
6656,24.083778147875524,Outgoing,46-55,57.00522095934096
6657,8.653544473784478,Outgoing,26-35,29.01859280818534
6658,22.680783864274726,Outgoing,56-65,34.01857886332224
6659,14.443405756010996,Outgoing,56-65,36.57701783848754
6660,16.49542867010553,Outgoing,36-45,59.39525379268216
6661,19.165788833147175,Outgoing,26-35,53.20465655112554
6662,11.84875352497782,Outgoing,36-45,47.31280845512094
6663,19.321241923493183,Outgoing,26-35,63.81539979170574
6664,1.4622807230941142,Incoming,36-45,57.577241654846716
6665,11.400052333890304,Outgoing,36-45,44.20046440034256
6666,10.379685963294673,Outgoing,26-35,29.295383143603758
6667,8.732469938141191,Outgoing,56-65,33.60582397546494
6668,13.925225809605244,Incoming,18-25,20.663810692142164
6669,16.928749840908473,Outgoing,56-65,52.81139100301652
6670,18.513299992496528,Incoming,18-25,32.75722435092656
6671,16.204383786002037,Incoming,26-35,40.093540360322585
6672,11.671532675532266,Outgoing,46-55,47.44818638742272
6673,16.845082189125836,Incoming,56-65,70.87990382661371
6674,15.621428474254254,Outgoing,36-45,68.57581196633639
6675,19.68028083968008,Outgoing,56-65,48.905830574920515
6676,18.88468351465758,Outgoing,26-35,75.31006978800599
6677,15.152382069603144,Incoming,46-55,9.753029813582785
6678,10.513734969193717,Outgoing,46-55,87.54441099533025
6679,11.735249220839595,Outgoing,56-65,63.8499942860917
6680,12.251053201809833,Outgoing,56-65,52.05606570039859
6681,13.423668330418721,Incoming,56-65,32.17280638495874
6682,16.340252137948767,Incoming,26-35,41.23865267739072
6683,18.57587195064029,Incoming,18-25,62.18701791156082
6684,14.744406534923112,Incoming,18-25,62.641587670628276
6685,15.080623939502361,Outgoing,36-45,63.36786741181574
6686,15.716531525000018,Outgoing,26-35,35.43006531267079
6687,12.4204734343383,Incoming,46-55,31.403045739695806
6688,10.37303871178522,Outgoing,36-45,53.90410488705013
6689,6.222810513446451,Incoming,46-55,65.39707915542947
6690,11.524253209615638,Outgoing,46-55,50.06369699009717
6691,17.365727266338936,Outgoing,56-65,79.62968493770335
6692,11.485442809802162,Incoming,46-55,50.662749243802224
6693,13.810964812870301,Incoming,46-55,49.98582712334028
6694,17.332156437061585,Outgoing,26-35,63.41119982385338
6695,17.603447482113342,Incoming,56-65,74.38460275184077
6696,9.602335739169805,Outgoing,56-65,23.0148948039091
6697,19.985296782268207,Outgoing,36-45,27.639765839288035
6698,20.636750446777427,Outgoing,56-65,43.734771245119234
6699,9.350750713907201,Outgoing,18-25,113.17883569177326
6700,10.88081565179423,Incoming,26-35,44.77062874918136
6701,20.955453415730958,Outgoing,36-45,47.564341139788624
6702,14.265732393723496,Outgoing,18-25,62.367038596158366
6703,3.9011102627407457,Outgoing,46-55,69.53857805626949
6704,8.001592476336569,Incoming,18-25,53.395702329095116
6705,13.753151874137593,Outgoing,36-45,73.28694990080513
6706,9.18478674857699,Incoming,56-65,26.1205763394816
6707,12.932881146817794,Incoming,26-35,34.6782315051455
6708,15.161981068417894,Incoming,36-45,73.2497390115928
6709,22.311273020173644,Incoming,18-25,50.21886229566948
6710,13.547730418861054,Incoming,18-25,24.750987899826704
6711,20.362708997863795,Incoming,36-45,23.549241367655853
6712,22.14380081018385,Incoming,36-45,33.781183893105904
6713,22.17154834676038,Outgoing,36-45,50.042510843158325
6714,16.423772966927842,Outgoing,56-65,59.34759139453577
6715,5.1835542608051295,Incoming,36-45,43.41880000111721
6716,17.304124327019327,Incoming,46-55,57.69998378479038
6717,20.241999439067705,Incoming,26-35,41.2586702661277
6718,14.594664472822915,Outgoing,26-35,74.47840403233835
6719,23.722919350376245,Incoming,46-55,101.03680189144711
6720,19.299167807337287,Outgoing,18-25,42.147745358311525
6721,17.84136688576392,Outgoing,18-25,59.59865621597891
6722,20.43190355602919,Incoming,18-25,57.968216483002244
6723,16.666849256304392,Outgoing,18-25,52.77390852519851
6724,2.535947503023232,Incoming,56-65,63.06501890682583
6725,12.504305242648172,Incoming,46-55,59.57642377959654
6726,20.98584013623927,Incoming,26-35,40.578928592302105
6727,10.962043299508519,Outgoing,46-55,76.33091545245375
6728,13.882637473815304,Incoming,26-35,54.033324949735515
6729,9.775818430484644,Outgoing,18-25,42.30399160339273
6730,23.919612976008843,Incoming,56-65,98.86405047694802
6731,23.407462287090077,Incoming,36-45,47.675732456888
6732,10.580655524296354,Incoming,36-45,55.098876828474985
6733,15.73649000194542,Incoming,18-25,53.50880689160673
6734,11.59752976117976,Incoming,18-25,47.40210778097584
6735,18.074723195156892,Outgoing,46-55,58.97329410088031
6736,17.548415386211644,Incoming,56-65,33.1000018181675
6737,19.058527858066327,Incoming,56-65,61.93086773046115
6738,16.659592238539435,Incoming,46-55,14.832919432151407
6739,29.67703103194234,Outgoing,56-65,24.038604974857417
6740,9.860381174946305,Incoming,56-65,86.5144909433703
6741,6.446983227817428,Incoming,36-45,24.876399465564273
6742,13.034548996492692,Incoming,56-65,10.800822959262788
6743,7.160058672198662,Incoming,18-25,25.371676618676247
6744,7.537688649970036,Outgoing,36-45,84.80114538393468
6745,9.993426729010165,Incoming,18-25,14.162765194545699
6746,10.389055472841862,Outgoing,18-25,30.883716348168985
6747,10.2269094902497,Outgoing,46-55,20.836150313660262
6748,17.591094752227058,Outgoing,56-65,44.51741605819983
6749,12.46905469457332,Outgoing,56-65,41.27958203638527
6750,14.102427125637599,Incoming,56-65,40.38486986545933
6751,19.471163872504675,Incoming,56-65,87.12267598810273
6752,11.16838737609287,Outgoing,36-45,26.018493647249038
6753,13.67727050647639,Outgoing,26-35,47.956244405657785
6754,16.828799930464577,Outgoing,18-25,56.77202492641469
6755,5.292160996898893,Incoming,26-35,30.395814758557123
6756,3.0754724552470876,Outgoing,26-35,59.73179962493205
6757,16.730586643988612,Outgoing,26-35,42.00379010893384
6758,17.460071402834494,Outgoing,36-45,57.48618132379712
6759,25.321100674262055,Outgoing,26-35,47.84001496948694
6760,15.79047437933405,Outgoing,36-45,8.989375488673915
6761,19.098698586290475,Incoming,46-55,76.12197425531483
6762,14.022636782070132,Outgoing,46-55,91.40916630708143
6763,16.486136107925432,Incoming,46-55,46.46491636130373
6764,23.33628420874767,Incoming,36-45,32.040958962667915
6765,4.380035909371822,Incoming,36-45,80.12025442351376
6766,17.0680812878584,Incoming,18-25,87.80765805734943
6767,25.67793365038683,Incoming,26-35,46.62409176820005
6768,16.410171096046714,Outgoing,56-65,45.626387695589706
6769,23.25286481616424,Incoming,56-65,48.401778046570016
6770,11.853939252352788,Incoming,26-35,16.5090222150939
6771,14.839762529181433,Outgoing,56-65,44.17748242613544
6772,15.167623511942937,Incoming,56-65,84.2988377509849
6773,3.912044603206146,Outgoing,56-65,46.626226784588795
6774,9.159110860749,Outgoing,36-45,29.199309442555897
6775,9.51562460308007,Outgoing,36-45,59.9337123860896
6776,19.110330390162638,Outgoing,36-45,36.656024030117756
6777,19.360765528420274,Outgoing,26-35,48.67095752664146
6778,16.620182213532665,Incoming,46-55,24.623024389054414
6779,19.12051448427853,Outgoing,56-65,29.267516776265367
6780,14.17925293639113,Outgoing,18-25,64.75318509727185
6781,21.009658347697716,Incoming,36-45,52.317335588021756
6782,15.04394221316036,Incoming,18-25,34.47885226314367
6783,15.289320237133783,Incoming,56-65,52.39070260609806
6784,13.672036833687944,Incoming,46-55,37.85706582545482
6785,18.422252388182137,Outgoing,18-25,34.324796612596614
6786,12.894005916935434,Incoming,56-65,73.28068794496612
6787,19.88215688599034,Outgoing,56-65,65.65755106377543
6788,9.339254296419966,Incoming,36-45,49.574543007378104
6789,9.50541872635903,Incoming,46-55,52.88674674499407
6790,18.43713377563252,Incoming,56-65,49.83203965331313
6791,14.557278927084937,Incoming,46-55,59.74018518347078
6792,12.730542919234358,Incoming,36-45,34.009966830886114
6793,19.450288662377297,Outgoing,18-25,67.25009466737286
6794,11.963692929569579,Outgoing,26-35,57.071316757816255
6795,13.998993728498151,Outgoing,26-35,44.73887324220897
6796,21.996139750355795,Incoming,26-35,40.244439369829166
6797,22.69571172905325,Outgoing,46-55,66.82261883533617
6798,22.861991051351637,Incoming,26-35,46.99027367699787
6799,13.589371115330444,Incoming,18-25,36.02213808340325
6800,21.15351452492235,Outgoing,56-65,42.308604660513524
6801,10.25523586115661,Outgoing,46-55,65.3840929777832
6802,10.465485626389695,Incoming,18-25,17.788935975079198
6803,3.247720736878195,Incoming,46-55,42.89182188839055
6804,23.364341009492648,Outgoing,46-55,71.41165339351528
6805,10.680100754619609,Incoming,46-55,46.63566455793484
6806,14.3673371012647,Outgoing,36-45,55.45633464555682
6807,10.44837829035858,Outgoing,56-65,71.7353792907439
6808,18.4758262416507,Incoming,26-35,67.8465930679434
6809,13.121831696413299,Incoming,36-45,41.19882453920156
6810,8.475915547835253,Incoming,56-65,47.39212895592327
6811,17.208312820930303,Incoming,26-35,68.09527803458028
6812,7.831349875948858,Outgoing,36-45,68.78938974567797
6813,10.812971373422544,Incoming,36-45,48.23899749370118
6814,4.465554426869595,Outgoing,18-25,48.929086954151465
6815,7.880209439011966,Outgoing,36-45,55.35367389067703
6816,15.89264584860239,Incoming,46-55,77.33801380034586
6817,5.177319809485377,Outgoing,36-45,71.35132241315912
6818,7.594271376891422,Incoming,46-55,63.867734075980366
6819,14.98815541933596,Incoming,56-65,28.42661447872217
6820,12.281965519534737,Outgoing,56-65,44.50333186903486
6821,24.960183179796545,Outgoing,46-55,45.55426652620194
6822,24.169482730121878,Outgoing,18-25,78.36970065206945
6823,10.660387686244231,Incoming,18-25,45.22271217640724
6824,17.78568809201741,Incoming,56-65,75.06885646155226
6825,18.746412784397258,Outgoing,36-45,38.586026589378314
6826,12.012605709877983,Incoming,56-65,40.18232084678482
6827,7.522292317508981,Incoming,56-65,59.629082116262815
6828,14.938507753459712,Outgoing,46-55,81.36293411143514
6829,14.135771625929445,Incoming,18-25,45.76445741464246
6830,12.821177515146903,Outgoing,46-55,0.0
6831,17.211584340822426,Outgoing,56-65,18.71633195322226
6832,11.246351964972007,Outgoing,26-35,55.95923112328913
6833,9.240012262104285,Incoming,36-45,20.504079464364636
6834,15.54541485174916,Outgoing,56-65,32.68874347207175
6835,16.929850462844378,Outgoing,46-55,50.246839012765136
6836,9.116775280499734,Outgoing,26-35,1.0126550850707758
6837,19.640453054955405,Outgoing,26-35,42.40548421349091
6838,6.14759431111961,Incoming,56-65,26.703828842794618
6839,12.109432706421783,Outgoing,18-25,20.016405641984992
6840,13.709957319011956,Incoming,26-35,33.95631121563879
6841,11.818881436740352,Outgoing,36-45,28.615821498611375
6842,12.174697632244037,Incoming,46-55,59.38960435984606
6843,24.35537241154057,Incoming,46-55,73.93053573365768
6844,10.745579554805506,Incoming,46-55,42.71146296777874
6845,27.20610861235957,Incoming,56-65,38.07748441906328
6846,17.185633898655258,Outgoing,46-55,41.715899976842024
6847,15.46027568655996,Outgoing,46-55,27.83625784123075
6848,17.38120176693833,Incoming,36-45,24.22516208760644
6849,27.64963874625976,Incoming,18-25,17.088910942133253
6850,10.032034980342761,Incoming,56-65,23.40958083363653
6851,9.397910405318054,Outgoing,56-65,82.63982014225257
6852,11.225669017140394,Incoming,46-55,36.191579292730836
6853,15.160715734822805,Incoming,36-45,0.0
6854,6.371144375937133,Outgoing,26-35,38.258861230379864
6855,15.11169619659304,Outgoing,46-55,18.19170926478357
6856,23.46773566706836,Outgoing,46-55,51.18969879994326
6857,15.757036953123889,Outgoing,56-65,49.032926895259905
6858,13.536572705123616,Outgoing,56-65,51.11771275384109
6859,11.909197756581863,Outgoing,46-55,49.185478425096306
6860,19.49255852275782,Incoming,56-65,42.54579390760502
6861,10.870836133809762,Incoming,36-45,20.882077569200273
6862,24.23197960299624,Outgoing,26-35,48.50691856057152
6863,24.666798738571785,Incoming,26-35,70.37849178271388
6864,16.283753993308938,Outgoing,26-35,86.27346167590409
6865,14.942424559616775,Incoming,46-55,45.240173453879876
6866,20.153299041207795,Outgoing,46-55,47.407801094326295
6867,20.473992511136625,Outgoing,46-55,60.008543581777865
6868,10.970041344702922,Incoming,36-45,79.86483118944209
6869,12.36722433431649,Incoming,26-35,40.274067789909054
6870,8.388262826583523,Outgoing,56-65,63.85302633900675
6871,17.045324691670285,Outgoing,56-65,33.543614689512225
6872,18.333139417284453,Outgoing,18-25,56.596979805310056
6873,8.250371810693636,Outgoing,18-25,69.4120835323674
6874,12.724005475919204,Outgoing,56-65,24.18278786904407
6875,8.263730412093254,Outgoing,26-35,39.49710555963564
6876,10.506000948780812,Incoming,46-55,69.09566193390003
6877,17.755085301131498,Incoming,56-65,62.323224610295895
6878,11.332589666608603,Incoming,56-65,70.7189228062971
6879,13.495870219838507,Incoming,18-25,66.96879292908133
6880,6.8634413602634226,Incoming,26-35,43.17792944166589
6881,15.934951048623322,Outgoing,56-65,93.98380296789382
6882,14.778633400776755,Outgoing,46-55,52.738199815067894
6883,11.355203749834189,Incoming,46-55,0.0
6884,14.05492851158763,Outgoing,36-45,44.35307255245401
6885,15.901474402517222,Incoming,46-55,40.61657486001343
6886,10.92565925545328,Incoming,56-65,65.90498334734556
6887,7.618687279991104,Outgoing,56-65,40.97629369603739
6888,24.027872163434076,Outgoing,46-55,71.97939991638275
6889,11.833636476448637,Incoming,18-25,61.161987448134155
6890,14.516199484065554,Incoming,26-35,29.998190770598793
6891,20.054198675101567,Incoming,56-65,47.192533287771504
6892,32.64527593785242,Incoming,46-55,34.48933111449199
6893,8.777567750555672,Outgoing,46-55,53.695172937073394
6894,17.24913606863255,Incoming,56-65,34.37018265529758
6895,11.462238573529469,Outgoing,36-45,51.48870461018124
6896,12.306048477116445,Incoming,26-35,44.553884980191775
6897,11.39893989496605,Incoming,56-65,46.95553490640352
6898,9.371725160997075,Outgoing,46-55,91.01880759596199
6899,14.793543191076694,Outgoing,36-45,42.790295465855905
6900,7.627486564758822,Outgoing,56-65,11.311338247656195
6901,19.734037832559352,Outgoing,26-35,70.31652289468695
6902,15.275014680166873,Outgoing,36-45,70.15911803604016
6903,17.1121748645072,Incoming,46-55,10.421196524063483
6904,12.669056940268884,Incoming,18-25,35.98200757583865
6905,13.163980328941259,Incoming,26-35,58.71621113693046
6906,16.43781952583664,Outgoing,36-45,60.484065224341336
6907,9.179746837970873,Outgoing,56-65,49.90552473094559
6908,13.210047827933321,Outgoing,56-65,50.35650757866569
6909,10.70193243060773,Incoming,36-45,31.22824253833631
6910,10.547155947044928,Outgoing,56-65,2.0030257308862645
6911,4.450808796871792,Incoming,36-45,90.99014636367073
6912,21.696632947399998,Incoming,26-35,30.626654445865714
6913,11.567306234231156,Incoming,56-65,53.530113801289644
6914,20.816880275817752,Outgoing,26-35,46.82304008681328
6915,20.34396160697146,Incoming,46-55,67.94395104547093
6916,8.570001467417532,Incoming,46-55,52.29794426964317
6917,9.55794382163577,Incoming,46-55,53.068819061839996
6918,27.802514796778418,Outgoing,46-55,0.0
6919,23.754629709635715,Incoming,56-65,33.333218549154935
6920,14.84240743335948,Outgoing,36-45,64.89266093197995
6921,16.286865532086747,Outgoing,56-65,63.093364501438586
6922,11.845767985264057,Incoming,56-65,30.96694352765577
6923,17.1617635710017,Incoming,26-35,18.43942834557756
6924,11.414090496387644,Outgoing,36-45,52.53158613445861
6925,4.838231178508076,Incoming,18-25,0.0
6926,8.392221067444744,Outgoing,18-25,27.026514953244746
6927,15.105463739252937,Outgoing,36-45,85.2032215031062
6928,9.34466382248706,Outgoing,18-25,78.90134657747538
6929,14.663612675432327,Incoming,36-45,59.7449871753029
6930,9.626694802835685,Outgoing,26-35,56.14672628962513
6931,11.088230387490032,Outgoing,26-35,10.996584309512023
6932,19.265826532065958,Incoming,56-65,35.18665526701767
6933,16.237402738200522,Incoming,18-25,44.09662804068448
6934,14.951677893433263,Outgoing,36-45,35.611725009976226
6935,19.394819865353256,Outgoing,26-35,42.99513330184271
6936,17.403042966736738,Outgoing,56-65,75.98448848692588
6937,22.232816456256838,Incoming,18-25,39.16353877457355
6938,12.7007036884243,Outgoing,18-25,43.18121638886469
6939,12.851825107362457,Outgoing,18-25,64.79062573367503
6940,8.494453668043274,Incoming,26-35,21.610485627943934
6941,12.8550964131379,Incoming,26-35,33.19590842322307
6942,19.82384947151223,Outgoing,18-25,35.245548244863144
6943,21.49993686131067,Incoming,26-35,51.11184293103495
6944,19.80152584043334,Outgoing,18-25,43.10075865012669
6945,6.0290406672528185,Outgoing,46-55,43.73318181305732
6946,20.415726063303673,Incoming,26-35,36.7029202579501
6947,5.807406883639647,Outgoing,36-45,28.583394795704905
6948,19.490586620611737,Outgoing,26-35,62.18285848421155
6949,13.161077367144724,Incoming,18-25,43.243917620754914
6950,18.51266656966928,Outgoing,36-45,62.380379602947464
6951,8.33775826052717,Incoming,56-65,27.76745339037705
6952,20.855838163530734,Outgoing,36-45,36.69515684500715
6953,7.675126269475555,Incoming,36-45,45.576339443064676
6954,11.657725445734112,Incoming,26-35,47.442659263675786
6955,10.009526861154825,Incoming,36-45,65.0873745186442
6956,6.228575735887505,Incoming,36-45,41.38981420815283
6957,15.472637837942342,Incoming,18-25,64.93484485621751
6958,24.030445589184808,Incoming,26-35,57.49888017119389
6959,28.334526111600045,Outgoing,18-25,47.86294779834102
6960,15.485778935431238,Outgoing,26-35,30.974024070069607
6961,20.58340637533761,Incoming,56-65,65.1375053092664
6962,16.160473189642687,Outgoing,36-45,31.473250653726986
6963,17.494415973841065,Incoming,26-35,49.57439239685442
6964,13.289256744363806,Incoming,36-45,48.921191141278406
6965,15.97538462711301,Outgoing,36-45,45.85809714765435
6966,17.687393523032142,Incoming,46-55,42.21360554029371
6967,12.107701355618342,Outgoing,18-25,33.55846610076658
6968,14.61252850053506,Incoming,26-35,17.661271252598432
6969,14.707849405012558,Incoming,56-65,78.07609465680704
6970,19.132016586652625,Outgoing,46-55,40.16553071485502
6971,9.669839141861598,Incoming,18-25,47.437758097650615
6972,14.742288956961742,Incoming,56-65,47.31545232132119
6973,24.560027345263485,Incoming,56-65,71.91208674457496
6974,20.820300762929687,Outgoing,36-45,88.6638844303528
6975,21.745895244443524,Outgoing,18-25,53.19694839177373
6976,15.12215920089017,Outgoing,46-55,46.85994663086165
6977,16.604987818430114,Outgoing,26-35,27.53085985681175
6978,20.011180833514626,Outgoing,26-35,21.128231011744703
6979,22.801277647654654,Incoming,46-55,14.520501407117983
6980,5.241985435585567,Outgoing,36-45,34.083100809530634
6981,8.422793464750772,Outgoing,36-45,8.182904053737701
6982,21.54722050701324,Incoming,56-65,71.57659907480223
6983,13.615553221155983,Incoming,18-25,58.46192487986849
6984,11.641396053709613,Outgoing,56-65,44.967189706304396
6985,8.72919506502198,Incoming,26-35,72.1876796152158
6986,12.224916492279453,Incoming,46-55,28.5768784519345
6987,7.988153582880876,Incoming,18-25,33.6003788927089
6988,25.455471363662383,Outgoing,46-55,11.324134393965103
6989,14.887819740097132,Incoming,18-25,65.48707390040424
6990,14.710247291186413,Incoming,26-35,33.79317427381453
6991,17.940383375839158,Outgoing,26-35,50.31391226551647
6992,19.81172584633285,Incoming,18-25,70.05152801149356
6993,19.729440782773196,Incoming,36-45,77.41701510998843
6994,20.36810971953786,Outgoing,18-25,49.41707297018859
6995,11.845772246045719,Outgoing,26-35,57.68474872542713
6996,13.510665975215694,Outgoing,46-55,31.922995079126785
6997,18.84515827721138,Incoming,56-65,83.66746686015067
6998,12.3630546918019,Outgoing,46-55,46.67698879401268
6999,14.974466839863874,Outgoing,26-35,51.605699037362406
7000,16.993818822124073,Incoming,46-55,41.86293855473548
7001,18.92592541155188,Incoming,36-45,73.98497996827513
7002,6.1115951881489945,Incoming,36-45,53.99187846166379
7003,18.573728249444727,Incoming,18-25,65.21869154827249
7004,13.831379710741373,Incoming,46-55,57.07916279957764
7005,18.537288554321904,Outgoing,46-55,45.591812335679904
7006,18.884658461774144,Outgoing,26-35,68.58937122599184
7007,23.03957530559579,Outgoing,18-25,56.906323891507625
7008,21.767268238106016,Incoming,18-25,30.780418783055325
7009,21.73285831305148,Outgoing,46-55,30.215772323812395
7010,22.21835159583119,Incoming,56-65,52.97653458063268
7011,16.45689492407973,Incoming,46-55,68.14915804775255
7012,15.160925435184199,Outgoing,46-55,82.78841097012807
7013,19.364085415891672,Outgoing,46-55,14.455730848383944
7014,18.66040475716511,Incoming,36-45,50.51319698197442
7015,13.454668816308699,Incoming,18-25,59.79295324349993
7016,17.02411704404134,Outgoing,36-45,55.913382699895266
7017,14.824517666077028,Outgoing,56-65,70.18654210067419
7018,10.73033545769972,Incoming,26-35,63.110679529830044
7019,21.45230370688175,Incoming,56-65,30.2899963283932
7020,15.275996212650446,Incoming,18-25,29.70416622618538
7021,25.243541288494253,Incoming,26-35,56.24909712303449
7022,6.8725386490008376,Outgoing,56-65,69.81010848845051
7023,12.216106135783168,Outgoing,18-25,52.86835105905391
7024,15.163194183454356,Incoming,56-65,18.441338608634435
7025,20.68690548814457,Incoming,26-35,29.056571693674545
7026,16.997346863010925,Outgoing,26-35,63.83031711730661
7027,16.552363770903757,Incoming,56-65,43.02709818165735
7028,9.363681037229265,Incoming,36-45,52.35914606406576
7029,9.215293013852644,Incoming,56-65,71.30836078303516
7030,16.612523301449524,Incoming,56-65,25.95581904760089
7031,8.179470030908208,Incoming,56-65,41.71514688196092
7032,12.340611248553357,Incoming,36-45,39.542543732521125
7033,17.50458664542929,Outgoing,46-55,57.10805073055734
7034,10.08837863861612,Incoming,26-35,65.45776356543985
7035,23.026779811809032,Outgoing,18-25,20.394650862024367
7036,21.11968172118945,Outgoing,26-35,49.88927281667461
7037,7.142900008308498,Outgoing,26-35,67.38658208092423
7038,10.338143784090065,Incoming,46-55,12.904270970783294
7039,3.57111377752525,Incoming,26-35,48.71215117120786
7040,11.087043187259333,Incoming,26-35,25.684311184335442
7041,18.831942382861996,Outgoing,36-45,37.168661929009346
7042,12.930525288625716,Outgoing,36-45,0.0
7043,17.30398621807984,Incoming,36-45,77.85468237510054
7044,7.3883284085912795,Incoming,36-45,42.883417451929745
7045,18.989876272909527,Outgoing,36-45,33.85616271928171
7046,12.22445386035825,Outgoing,18-25,56.565340909143
7047,15.060848411414526,Outgoing,46-55,29.153795346255013
7048,14.535627493034736,Incoming,56-65,27.25510942237412
7049,8.64225739553858,Outgoing,36-45,80.20658339627454
7050,9.234578341301088,Outgoing,46-55,86.17326056653597
7051,19.83897234501713,Outgoing,56-65,38.15872655435036
7052,16.99496078750848,Incoming,26-35,71.34709419832359
7053,20.250245207767133,Incoming,26-35,57.120808879761725
7054,16.62329117751259,Incoming,46-55,21.72337416579301
7055,15.714953174046082,Outgoing,18-25,31.437362123004302
7056,6.369946906666167,Outgoing,18-25,81.02199598393871
7057,13.648166516194152,Outgoing,46-55,21.464099343516466
7058,14.86307839798128,Outgoing,18-25,95.61998676149717
7059,24.76553599136287,Incoming,18-25,38.572756481764415
7060,18.434783160493385,Outgoing,26-35,81.61629812586466
7061,22.68030590854764,Outgoing,18-25,43.88872410714326
7062,17.98768852947364,Incoming,18-25,65.99807183002302
7063,11.443483865252603,Outgoing,46-55,77.90066280241378
7064,15.585621080749256,Outgoing,18-25,77.7990763536202
7065,16.181118231321165,Outgoing,36-45,38.3126893841406
7066,10.304222151146591,Incoming,36-45,32.85223800201747
7067,13.078063117035395,Outgoing,46-55,48.3757598049773
7068,13.97116503161414,Incoming,36-45,23.990407579320436
7069,23.02809916282559,Outgoing,26-35,54.78528351221117
7070,4.5962973730451075,Incoming,46-55,33.584066954449696
7071,21.029092103580215,Incoming,18-25,71.65419547085831
7072,10.316023825203086,Incoming,36-45,38.597751675637234
7073,8.13960406365193,Outgoing,26-35,15.154820610399597
7074,20.89971065019232,Outgoing,46-55,78.01829552338592
7075,18.659490346171907,Incoming,46-55,53.66736006663727
7076,21.27259351190595,Incoming,18-25,50.58269780840147
7077,19.00350973772788,Outgoing,56-65,71.88789569892418
7078,25.29922500868701,Incoming,36-45,67.43153004596314
7079,17.793619184722427,Outgoing,26-35,34.762929119791494
7080,14.217613119384207,Outgoing,46-55,41.00436787947679
7081,16.714631886606714,Incoming,36-45,27.74089499881324
7082,21.217345641729818,Incoming,26-35,20.710958897503694
7083,11.103123373699415,Outgoing,26-35,61.571850698307784
7084,11.740557087343095,Outgoing,46-55,57.84368620083363
7085,13.455199927010463,Outgoing,36-45,65.21658423045034
7086,4.477086006173339,Incoming,26-35,75.63210882991885
7087,15.690392042087733,Outgoing,46-55,65.48949589851345
7088,5.569356480244869,Incoming,36-45,67.26918952610517
7089,15.265296564663096,Incoming,36-45,8.440774836557253
7090,19.326448780676248,Outgoing,46-55,43.86029516150012
7091,12.615617696780822,Incoming,36-45,69.29152989339974
7092,23.385579350934357,Incoming,56-65,26.63582527589567
7093,7.697495502907561,Incoming,26-35,51.83342765675527
7094,20.95630340815916,Incoming,26-35,60.389288812270124
7095,18.375685282034603,Outgoing,36-45,58.857069876769735
7096,6.419833758446554,Outgoing,46-55,57.375926159166
7097,28.553971495202664,Incoming,18-25,61.97825438091151
7098,14.681273572480169,Incoming,36-45,53.61487789856439
7099,10.612579889221841,Incoming,18-25,20.741435852179734
7100,7.964564026079915,Incoming,36-45,60.139110708069865
7101,13.89990986170163,Incoming,18-25,55.69493121107488
7102,14.362965638050202,Outgoing,36-45,21.00503098289093
7103,15.513227642698322,Outgoing,46-55,77.59470422173142
7104,13.511019218880199,Outgoing,18-25,60.676753994960805
7105,18.166126550575466,Outgoing,56-65,22.39303358045083
7106,13.061850836683767,Incoming,46-55,33.655496720557
7107,5.325179413797645,Incoming,36-45,38.718959165076406
7108,14.253192521751794,Outgoing,18-25,38.70473122398703
7109,3.162611733133609,Outgoing,26-35,55.86100377636884
7110,16.76885315445695,Outgoing,46-55,30.472964978834764
7111,10.103498848586824,Incoming,18-25,72.5627349424387
7112,15.816801774579002,Incoming,46-55,70.91606902735982
7113,21.57037490762302,Incoming,18-25,62.38634619199179
7114,10.25625652366,Outgoing,26-35,50.88483550787702
7115,20.30628129256059,Outgoing,56-65,68.74895030303074
7116,12.833052166569233,Incoming,26-35,44.48104554391982
7117,23.765974010327927,Incoming,36-45,35.510222772335815
7118,13.174236934008933,Incoming,46-55,73.80219291239482
7119,10.797535072466543,Outgoing,56-65,56.35085514038019
7120,18.436192251976443,Incoming,46-55,36.31884718837217
7121,12.82105135188182,Incoming,18-25,41.64515265916842
7122,10.792752429354959,Outgoing,36-45,35.271440324694645
7123,12.610800746481043,Incoming,36-45,90.4434971765721
7124,14.776967339084994,Incoming,46-55,50.08196874901049
7125,21.71090065622427,Incoming,36-45,53.15542622507337
7126,5.329561272702115,Incoming,46-55,64.42438095723881
7127,15.115403294752104,Outgoing,18-25,25.692780347859884
7128,18.124517973270216,Incoming,18-25,71.93094532572447
7129,15.96724287495898,Outgoing,46-55,37.84307738424294
7130,21.549325847167673,Incoming,26-35,86.60032572230298
7131,14.628273351207378,Outgoing,26-35,43.746825399708136
7132,14.077242789070274,Incoming,18-25,70.75280029526371
7133,17.961647735066716,Incoming,56-65,0.06403765761825753
7134,15.496569074756747,Outgoing,26-35,26.497338478280593
7135,13.047956308597644,Incoming,46-55,44.12785682004748
7136,17.5807201979319,Incoming,18-25,9.384340037502177
7137,11.737358533916774,Outgoing,36-45,62.01768897682808
7138,11.944114239903364,Incoming,36-45,56.25916250872498
7139,12.360029891171932,Incoming,26-35,30.183447002802456
7140,21.765345800832037,Incoming,56-65,49.68082740271003
7141,0.0,Incoming,26-35,66.1295445984625
7142,16.97799417381471,Incoming,56-65,7.939009662600526
7143,15.171359071001111,Outgoing,26-35,24.530219675306864
7144,6.595647703809398,Outgoing,36-45,43.29823401553311
7145,16.548633895680013,Incoming,56-65,50.474472532649514
7146,17.37875995915766,Incoming,36-45,48.82777156796913
7147,17.948196156787,Outgoing,46-55,67.78589570871421
7148,1.7408596847752555,Outgoing,46-55,59.54422491310794
7149,21.831947059272192,Outgoing,18-25,63.93269681142119
7150,11.311316476575795,Outgoing,36-45,22.2024853439127
7151,18.43283873376588,Outgoing,36-45,52.896477095987606
7152,18.70536890341143,Outgoing,18-25,43.85714981524113
7153,10.616514571903537,Incoming,46-55,79.24143763337534
7154,18.30229976175775,Incoming,46-55,53.48791274755799
7155,13.07253379543821,Incoming,56-65,36.61892130567942
7156,4.643114103309214,Incoming,56-65,67.0500255191008
7157,20.838709627638895,Incoming,46-55,61.265955917292956
7158,11.1247751849188,Outgoing,26-35,33.56796654719041
7159,10.72753268630973,Outgoing,36-45,43.0302059446165
7160,12.98467065981639,Outgoing,56-65,43.37107080783277
7161,16.36118362663694,Outgoing,26-35,74.54922184559075
7162,14.71364794588949,Outgoing,56-65,54.06483747756884
7163,17.74033462353585,Outgoing,18-25,64.53564957120344
7164,8.302553167356706,Incoming,36-45,40.13456557739834
7165,11.288068147846326,Incoming,56-65,56.69600582278883
7166,14.420014638392333,Outgoing,46-55,76.06721805859316
7167,24.48943646329353,Incoming,18-25,42.77846469498705
7168,14.43093730793121,Outgoing,18-25,52.30309607675552
7169,20.42611131830816,Incoming,46-55,22.733874875247857
7170,15.192775843921588,Outgoing,18-25,34.68883820179945
7171,12.581706812812158,Outgoing,36-45,43.31114216004354
7172,13.766377879427797,Incoming,56-65,28.78321382096558
7173,14.157901439855594,Outgoing,18-25,76.43947355043693
7174,18.018228694803692,Incoming,36-45,33.23985959516975
7175,21.873056337882772,Incoming,46-55,65.73597184234491
7176,16.798404238431605,Outgoing,56-65,53.736724750629534
7177,20.935388393708777,Outgoing,46-55,50.61703897020926
7178,10.176051311851573,Outgoing,56-65,79.72327289930315
7179,12.926847455929847,Incoming,18-25,4.7879940614484084
7180,11.378487328961667,Incoming,18-25,46.0759020635379
7181,16.57222295437426,Outgoing,56-65,28.39239326869116
7182,13.20520807410293,Outgoing,36-45,10.77159181733925
7183,18.648864685170977,Outgoing,36-45,26.10536532484617
7184,10.344991441837792,Outgoing,36-45,50.34475070006142
7185,15.215154866606408,Outgoing,26-35,35.49305741587109
7186,18.43428955506128,Outgoing,36-45,67.93227179650297
7187,4.673486124796948,Outgoing,18-25,45.72308304117339
7188,25.608156536651016,Incoming,26-35,43.50523290558114
7189,13.58424057560062,Incoming,36-45,43.59438098987815
7190,4.874800431619136,Outgoing,18-25,48.03011187740922
7191,15.79046949288393,Outgoing,26-35,41.63042930114494
7192,15.167217339865754,Incoming,18-25,32.97492604871674
7193,14.590528102137535,Outgoing,56-65,69.78369767952071
7194,19.95595556463333,Incoming,18-25,37.518098992221084
7195,18.73722485713528,Incoming,26-35,42.32946767307628
7196,16.489380955119227,Outgoing,36-45,58.588101601806216
7197,17.250778169733238,Incoming,26-35,56.374824923145056
7198,14.478207752809567,Incoming,36-45,32.131238753079
7199,23.87745424620024,Outgoing,36-45,65.09963888221493
7200,7.604019908211167,Outgoing,46-55,60.75340679676809
7201,15.698258371079483,Incoming,56-65,53.55949668374508
7202,15.325123155943901,Outgoing,46-55,41.373662988370164
7203,19.066402030322966,Incoming,26-35,41.86538618957183
7204,10.780730612875503,Incoming,46-55,45.964057939967816
7205,6.28163698801732,Incoming,36-45,25.363361177444684
7206,15.784115080490967,Incoming,26-35,49.21463102806087
7207,16.406152461093022,Incoming,46-55,67.84204080893998
7208,22.447997047238246,Incoming,18-25,67.52742379668047
7209,8.648189768374568,Outgoing,56-65,42.38296457447094
7210,20.7734688335836,Outgoing,18-25,71.28166545451073
7211,26.837071820135606,Outgoing,26-35,88.1180910905889
7212,13.111175562387615,Outgoing,46-55,43.67584929474345
7213,8.54528890253388,Incoming,36-45,63.83029412864337
7214,12.965128168133145,Incoming,46-55,4.7438007461841565
7215,15.070024836856904,Incoming,26-35,24.837065436360177
7216,17.818939375034574,Incoming,26-35,51.822420586670404
7217,12.043026350809763,Incoming,26-35,29.865338749632237
7218,22.77599267073671,Outgoing,26-35,90.78404089444896
7219,9.427338424959691,Outgoing,46-55,61.957593745931064
7220,6.303974239136,Outgoing,18-25,69.31663293716261
7221,20.533552121436585,Incoming,36-45,49.41947187678826
7222,3.6268948439690014,Incoming,36-45,29.935839602726958
7223,13.979351155636419,Outgoing,56-65,39.62379435650239
7224,30.588405646040236,Incoming,26-35,55.087609592527194
7225,14.939782235200342,Incoming,26-35,37.24169323181978
7226,9.396161746518752,Outgoing,26-35,63.423839834544
7227,14.713012681066031,Incoming,18-25,64.22829938409276
7228,14.745996056902332,Outgoing,26-35,50.099626078791765
7229,15.803249701765584,Outgoing,56-65,13.487298259660008
7230,18.3113149107981,Outgoing,56-65,84.29569867331918
7231,9.804444158161303,Outgoing,18-25,45.746542866209644
7232,23.437740276183966,Incoming,26-35,104.18553296942072
7233,16.22557142186309,Incoming,46-55,63.0507139270439
7234,18.63397023200902,Incoming,46-55,45.80089846535886
7235,11.859253001221788,Outgoing,36-45,58.956437529960084
7236,21.431910684977666,Incoming,18-25,9.614289658427765
7237,13.714737955934677,Outgoing,46-55,70.52284806471933
7238,16.387762567467657,Incoming,36-45,101.33882475058952
7239,10.334469614064453,Incoming,56-65,8.215330523132423
7240,10.015341867989367,Outgoing,36-45,44.251819803485844
7241,18.441026532264413,Incoming,26-35,47.89323754416947
7242,12.78196584896307,Outgoing,26-35,67.50457258326128
7243,10.730884562478114,Outgoing,56-65,92.11951348331073
7244,11.784083289864848,Incoming,18-25,57.65764245191129
7245,18.494765358587106,Incoming,26-35,92.83583648431055
7246,11.854810693981946,Incoming,26-35,53.40864953769325
7247,14.411725341989179,Incoming,36-45,59.0284763759246
7248,15.075138751435485,Outgoing,36-45,56.564711323205096
7249,5.413255569948506,Outgoing,36-45,74.40599566010172
7250,7.64436797313241,Incoming,46-55,41.55357883779593
7251,16.681389446237812,Incoming,56-65,66.36573517523018
7252,11.314853194236514,Incoming,18-25,25.38406787487146
7253,20.283624556402092,Outgoing,36-45,44.30991790697182
7254,19.834035521252723,Incoming,18-25,37.26512754122383
7255,18.595843331777186,Outgoing,36-45,51.759231172358845
7256,24.098858936562987,Incoming,26-35,43.67840501192437
7257,14.584553361284085,Incoming,18-25,72.6426738491395
7258,18.244409629519197,Outgoing,46-55,32.426638096567146
7259,12.077995117019844,Outgoing,36-45,15.373681283779746
7260,27.26184956434362,Incoming,56-65,22.854323605768855
7261,24.918168262180096,Outgoing,26-35,69.88336092602638
7262,15.05940217258896,Outgoing,36-45,30.60885313367556
7263,16.93293114952596,Incoming,18-25,57.95688831041417
7264,21.796487996824027,Outgoing,36-45,44.1042499350384
7265,14.264302475929465,Outgoing,26-35,66.4848810950651
7266,11.716879646001477,Incoming,56-65,45.384685897667794
7267,19.369948755034414,Incoming,56-65,105.28697032234273
7268,15.392196230418351,Outgoing,56-65,87.9623403163701
7269,15.914972248226302,Incoming,26-35,43.69579639188615
7270,10.828643284660172,Outgoing,36-45,40.95730821810028
7271,6.411639258183019,Outgoing,26-35,112.64652301616923
7272,16.180712049395506,Outgoing,26-35,28.422980773428208
7273,19.524810207471,Incoming,36-45,48.899529041633016
7274,13.870966254619791,Outgoing,46-55,50.44897839410855
7275,22.182147597794334,Outgoing,56-65,49.953242043708514
7276,11.480418372922276,Outgoing,18-25,15.225765589389468
7277,9.726477725170401,Incoming,18-25,59.93204819351881
7278,14.663848464019344,Incoming,36-45,30.59299817215366
7279,14.587037123243547,Incoming,18-25,78.71978248338142
7280,18.849843656676114,Outgoing,46-55,20.880699151307564
7281,11.125185879680076,Outgoing,26-35,51.18931854750952
7282,21.840471184074488,Incoming,56-65,5.677587060962239
7283,24.834584812541266,Outgoing,18-25,6.912325873185523
7284,14.804279865158291,Outgoing,18-25,33.212960834147346
7285,21.248552100921593,Outgoing,36-45,36.03579835325944
7286,9.717514646873699,Outgoing,36-45,79.3145282597887
7287,20.37610770590958,Incoming,26-35,49.18816327476203
7288,20.236382042797313,Incoming,56-65,75.84813801823108
7289,19.317186400949392,Incoming,18-25,42.40426810646646
7290,14.92218455564853,Outgoing,26-35,62.12170365760663
7291,0.2287552937898436,Outgoing,56-65,35.49049366162198
7292,11.791364281739353,Incoming,26-35,34.13053861802798
7293,11.87041991157699,Incoming,18-25,13.58299722164211
7294,10.108725309697613,Incoming,36-45,56.715079877025495
7295,15.611215022735331,Outgoing,36-45,55.24166829400299
7296,12.905182772393827,Incoming,36-45,65.54625774571704
7297,10.87693995117489,Outgoing,46-55,54.298365742827905
7298,9.705999258760901,Incoming,26-35,90.52391954387934
7299,11.422435072573856,Outgoing,18-25,53.5205527335502
7300,20.60749605924964,Outgoing,26-35,69.83653428676242
7301,11.69487472686253,Incoming,36-45,43.517818340017946
7302,12.425306467833638,Outgoing,26-35,31.830599313972222
7303,12.716511924883768,Outgoing,56-65,64.35390340373273
7304,16.694967569047098,Incoming,26-35,48.21704024359318
7305,17.281247442642663,Incoming,46-55,66.64086091859241
7306,0.0,Incoming,46-55,57.058730836893616
7307,20.10817606913804,Outgoing,36-45,34.13973346419688
7308,22.18184017121877,Outgoing,18-25,71.48675755354057
7309,9.749067313191652,Incoming,56-65,32.57620092430665
7310,10.138508776325827,Incoming,18-25,62.50652526591009
7311,12.748733061108643,Outgoing,18-25,75.63222223051706
7312,11.219979902716975,Incoming,56-65,42.30810323169685
7313,16.11963436973303,Incoming,46-55,73.1198890734463
7314,5.267373568205679,Outgoing,36-45,57.95233668106385
7315,9.410361959816301,Outgoing,26-35,67.03887556792526
7316,22.695986000874537,Incoming,46-55,33.26488617794828
7317,10.35890016325991,Outgoing,36-45,54.28600464107495
7318,21.217141390514627,Outgoing,46-55,21.83837379950993
7319,16.776690977950686,Incoming,56-65,84.22601030620928
7320,5.953661427058709,Incoming,18-25,9.720033568309859
7321,18.17664597608103,Incoming,56-65,42.904963607423
7322,14.411663489035734,Outgoing,26-35,31.365828116007556
7323,12.722664718751297,Incoming,56-65,63.494008304044755
7324,16.22478546586002,Outgoing,18-25,88.47891891859837
7325,17.373167427833963,Incoming,46-55,63.09830197375051
7326,18.5379591098731,Outgoing,36-45,109.22567393902702
7327,20.89126423774001,Outgoing,26-35,22.4411964688232
7328,17.040679563891782,Incoming,46-55,23.976317349428694
7329,8.12182955606819,Outgoing,36-45,32.137715367691996
7330,12.631772711744045,Incoming,18-25,52.42489390591812
7331,29.715241676343105,Incoming,56-65,29.461552494335002
7332,18.622455301908637,Outgoing,46-55,34.96674491389949
7333,26.846436504057486,Outgoing,36-45,62.40967047854576
7334,21.977170410995924,Outgoing,36-45,25.216562337723644
7335,16.209010357778745,Incoming,56-65,27.336079740597967
7336,16.50703534890559,Incoming,46-55,42.02922494019856
7337,14.817099800615772,Incoming,46-55,43.91113858321358
7338,6.310976920767503,Incoming,18-25,70.20031434442632
7339,15.090236262341122,Incoming,46-55,31.98720504043759
7340,21.053372762710985,Incoming,56-65,35.59440031758205
7341,12.001800025893981,Outgoing,46-55,61.63340232558013
7342,17.05976499530905,Incoming,18-25,66.02788647566764
7343,19.257955229465985,Incoming,36-45,78.57448934253176
7344,10.451597803437622,Incoming,46-55,59.382407097295086
7345,12.743485678281676,Incoming,56-65,52.60728119923653
7346,9.910442547614204,Outgoing,46-55,61.500768134923085
7347,10.889171966552965,Outgoing,26-35,44.65174388222905
7348,8.561973581734694,Outgoing,18-25,44.50464811249043
7349,10.497757693109866,Incoming,36-45,14.517793754424929
7350,22.097278403989193,Incoming,26-35,67.86831913378668
7351,10.422614854548538,Incoming,56-65,54.22917890103494
7352,15.63229609530345,Outgoing,46-55,65.54078532736611
7353,12.48565623164522,Incoming,18-25,0.0
7354,20.894329685184694,Incoming,46-55,49.05796584212908
7355,21.555811483018083,Outgoing,46-55,32.88236987244735
7356,19.320349910694734,Outgoing,46-55,80.02725009640466
7357,16.530672765513778,Incoming,46-55,62.284338309676585
7358,13.844702315795507,Outgoing,18-25,54.684708216211206
7359,9.040626479043752,Incoming,26-35,41.361340613179514
7360,24.717644405610987,Incoming,56-65,57.944166202632935
7361,11.201634911237234,Outgoing,26-35,31.43628741243791
7362,18.318231735164208,Incoming,18-25,48.005493046284684
7363,20.297827863116986,Outgoing,56-65,38.4327322602516
7364,12.223597515473353,Outgoing,36-45,95.32979309963383
7365,20.19006263657981,Incoming,26-35,79.3989551238168
7366,18.821066016694278,Outgoing,18-25,71.26094967965662
7367,23.639819176908826,Incoming,18-25,20.193779556916844
7368,12.653267667866444,Incoming,18-25,67.28314224568106
7369,8.570679913601426,Outgoing,56-65,53.75333350283875
7370,12.472551222777444,Outgoing,46-55,74.46920279032291
7371,16.044267712671658,Outgoing,36-45,56.44790190253879
7372,15.291063635425282,Incoming,56-65,49.865646679233926
7373,13.032810518627247,Incoming,56-65,54.67568592673118
7374,5.454012705113785,Incoming,26-35,13.887334167549106
7375,17.352414980645534,Incoming,36-45,34.65193455664405
7376,24.861722395411,Incoming,18-25,57.46671077406544
7377,17.321256190615017,Incoming,56-65,72.78776716813165
7378,18.04567759526757,Incoming,36-45,38.99013767375763
7379,17.86222653077551,Outgoing,26-35,49.183862402721324
7380,16.985233349412,Incoming,46-55,17.980151106492194
7381,19.658329834340474,Incoming,36-45,79.1862162670752
7382,16.97686840592833,Outgoing,18-25,72.27483464466242
7383,13.43661415173362,Incoming,56-65,63.04205237134397
7384,11.02005544995623,Incoming,46-55,58.136123752617806
7385,13.755131723596623,Outgoing,26-35,81.05098130293595
7386,16.570647482253328,Incoming,18-25,33.89978017370566
7387,13.419585194385133,Outgoing,46-55,31.73676887346683
7388,16.57169341565715,Incoming,26-35,71.23039572512857
7389,17.195750668502086,Incoming,18-25,69.8862676341625
7390,19.16589715635091,Outgoing,56-65,26.13008827821696
7391,21.413974844194904,Outgoing,26-35,39.37280236846267
7392,15.390037092394287,Incoming,46-55,83.78186262154779
7393,8.461117174261696,Incoming,18-25,58.233346564318076
7394,13.27447951590405,Outgoing,36-45,65.74323036036344
7395,15.220312837032997,Incoming,18-25,26.81906914941287
7396,5.821156219114549,Outgoing,46-55,63.13289049074356
7397,21.94332260051241,Outgoing,46-55,21.609169084582398
7398,15.711889562552331,Outgoing,36-45,10.403572687986298
7399,16.906764172901426,Incoming,46-55,64.53647920361736
7400,21.82763231263133,Incoming,18-25,78.68890339268978
7401,11.849285849288265,Incoming,26-35,44.92427848501664
7402,17.87020965442015,Outgoing,18-25,39.068986362910834
7403,14.450679384490321,Incoming,46-55,84.2169731249274
7404,14.079565664920404,Outgoing,36-45,46.10433261770785
7405,11.139038060978104,Outgoing,36-45,48.68462552885481
7406,23.32801606843264,Incoming,56-65,83.8791445288067
7407,13.122499799622146,Incoming,36-45,42.9283037394358
7408,18.49732123447851,Outgoing,36-45,36.91944781310268
7409,5.624963062640319,Incoming,46-55,66.31016448274175
7410,20.899942648448935,Outgoing,26-35,35.76287691241768
7411,20.261055779785295,Incoming,26-35,47.10796923755636
7412,15.487170551486516,Outgoing,46-55,23.616827965756016
7413,13.865287669310378,Incoming,36-45,53.70794176753026
7414,17.00000002806783,Outgoing,18-25,51.36194974406186
7415,26.443953304401447,Incoming,26-35,69.36040549446288
7416,6.183816505482575,Outgoing,46-55,67.14513073323462
7417,18.91013693787064,Outgoing,18-25,61.03036016939164
7418,10.441913489230487,Outgoing,36-45,57.885113855620254
7419,14.900408018501343,Outgoing,46-55,48.534917724953175
7420,13.760599404606685,Outgoing,26-35,62.19111937991606
7421,12.858408711011222,Outgoing,18-25,27.75335652662026
7422,14.947674354736353,Incoming,18-25,3.0206785629138153
7423,9.329144273611048,Outgoing,26-35,73.23835342425787
7424,20.145902180639837,Outgoing,18-25,63.483209244958275
7425,6.0292824440069985,Incoming,26-35,47.4602713144017
7426,17.69882256414171,Incoming,46-55,71.49117216891972
7427,13.367320737327145,Outgoing,56-65,35.37005166106945
7428,9.145375530962731,Incoming,36-45,35.89014935833699
7429,16.011916852993476,Incoming,46-55,33.11724552611665
7430,7.21524456646761,Outgoing,36-45,61.352439502317694
7431,15.198569108598173,Outgoing,36-45,18.34083845570494
7432,7.885615460942228,Incoming,26-35,34.66076786435917
7433,17.306360421589154,Incoming,56-65,55.79430046472271
7434,10.378213331848123,Incoming,36-45,25.91697848154778
7435,12.745029914853454,Incoming,36-45,36.79379188677629
7436,16.46974693971581,Incoming,46-55,5.768648457708721
7437,11.13728944078882,Incoming,56-65,62.11613298803075
7438,14.710180001658488,Outgoing,56-65,36.24329613315442
7439,7.430847493775731,Incoming,36-45,28.014374997176915
7440,18.15437801798078,Outgoing,56-65,24.099545480828496
7441,23.824569027753856,Outgoing,46-55,41.635729755898005
7442,28.961044339549808,Incoming,26-35,18.396888262171206
7443,15.455840733332195,Outgoing,36-45,88.84759354297336
7444,18.941020703985934,Incoming,18-25,2.3051076566202866
7445,6.096871635462554,Outgoing,36-45,40.9876170042702
7446,22.51367163152794,Incoming,36-45,52.1381385858251
7447,18.881142523620532,Outgoing,26-35,34.49241991726891
7448,12.580332775243836,Incoming,18-25,54.24263474586231
7449,21.185904001445046,Outgoing,18-25,34.007968501076775
7450,13.727619616773293,Incoming,18-25,80.60188927346297
7451,12.709874084927218,Outgoing,26-35,27.622459717804464
7452,17.376674627137458,Outgoing,56-65,2.975521173033613
7453,9.683227500848407,Outgoing,18-25,24.030002990933568
7454,20.10812382199974,Incoming,56-65,57.729895496274246
7455,9.720050940365784,Incoming,46-55,47.64151240902271
7456,9.74972605088407,Incoming,26-35,65.04265815964233
7457,10.451551057958328,Incoming,56-65,60.03489233421933
7458,18.79750018758061,Incoming,18-25,37.274393005495924
7459,11.91612319240146,Outgoing,18-25,40.218330124089064
7460,8.260021078164156,Incoming,56-65,42.29342448693548
7461,11.97160000032101,Incoming,56-65,87.68692166993306
7462,14.839788146597567,Outgoing,46-55,63.81644629374739
7463,9.095137581678072,Incoming,26-35,87.8337379835701
7464,9.241594454828283,Incoming,36-45,66.81558744683628
7465,25.556481670497924,Incoming,46-55,48.728332101568974
7466,10.697172980930565,Incoming,46-55,29.612770260286702
7467,13.384788156134967,Incoming,46-55,54.030393422974875
7468,13.163814996003572,Incoming,18-25,48.78261655567539
7469,12.89321596114779,Outgoing,56-65,48.12705429323572
7470,18.106733699845513,Incoming,26-35,45.818018462015004
7471,19.740714752360248,Incoming,18-25,8.950745848475556
7472,13.47022784234204,Incoming,46-55,75.21679633069311
7473,8.817608567038256,Outgoing,26-35,48.990930215653655
7474,21.372201139244517,Outgoing,18-25,21.714937679427166
7475,14.523294544016586,Outgoing,36-45,59.6352541814729
7476,23.651609074285844,Outgoing,46-55,32.883276627869435
7477,3.772070512174185,Incoming,18-25,61.24281245941566
7478,15.9770161064166,Outgoing,18-25,67.63312921024921
7479,24.59303166938104,Incoming,46-55,70.39272981338635
7480,13.233679322809209,Incoming,36-45,46.78166546690359
7481,13.87253288332682,Incoming,56-65,41.724445439629655
7482,16.477558457951694,Outgoing,36-45,37.489232794706595
7483,12.206020905575214,Incoming,46-55,35.548878230790066
7484,13.439640339736336,Outgoing,56-65,49.65539871578166
7485,13.310924529042985,Incoming,18-25,45.81313875216521
7486,11.862896327868134,Outgoing,36-45,33.49392368355669
7487,21.144282751002798,Outgoing,36-45,27.124304923941907
7488,17.305390161482176,Incoming,56-65,47.82487815482835
7489,16.25314116051651,Incoming,18-25,41.31604764112339
7490,19.042855034450582,Incoming,36-45,27.172660534362688
7491,13.678220833982666,Outgoing,56-65,66.61142026842815
7492,11.128980908235498,Outgoing,36-45,85.44185501650497
7493,11.986878476927213,Outgoing,18-25,69.2517642796845
7494,15.008915205523044,Incoming,18-25,35.596239766479115
7495,9.703941458135489,Outgoing,26-35,48.99540630820127
7496,12.498694917066622,Incoming,56-65,80.80857903374921
7497,12.419416790642828,Outgoing,46-55,26.52600714445014
7498,25.62278114914507,Outgoing,36-45,65.65190253370452
7499,1.130925300330416,Outgoing,18-25,21.038335837120204
7500,14.101901392971834,Incoming,36-45,83.68075254862657
7501,23.628468964073853,Incoming,36-45,41.39370950498021
7502,15.60922232066227,Incoming,46-55,94.58087449047625
7503,18.767087367105464,Outgoing,18-25,84.5612759728366
7504,15.49913157549884,Outgoing,26-35,47.87138980837224
7505,11.663333093917599,Outgoing,56-65,35.61189253779179
7506,3.7904203274554344,Outgoing,36-45,53.895509437818276
7507,16.027278435181515,Incoming,46-55,46.396820667068724
7508,11.121966976988045,Outgoing,46-55,41.96866072828814
7509,10.998322969173481,Outgoing,56-65,16.837734908434058
7510,12.505063720104442,Incoming,56-65,39.708928326908264
7511,23.72430703311747,Incoming,18-25,27.790417564875206
7512,27.024187711269864,Incoming,36-45,61.03295412850473
7513,16.086039687642003,Outgoing,36-45,69.82142633194849
7514,12.676163880441361,Incoming,56-65,64.81368007847193
7515,9.113867912743949,Outgoing,26-35,56.84750179255015
7516,17.342700807730346,Incoming,36-45,32.94185865718197
7517,23.91452800032572,Outgoing,46-55,54.1080154520382
7518,13.763298064874217,Outgoing,56-65,65.85530287288752
7519,3.1050197962338792,Outgoing,36-45,38.2752885120054
7520,18.350248359077618,Outgoing,18-25,52.379728427900126
7521,19.926998557250247,Outgoing,56-65,47.09076821460154
7522,7.070771798070763,Outgoing,46-55,83.2473333922097
7523,15.882420918314764,Incoming,18-25,67.03096270529049
7524,17.256130080680492,Outgoing,56-65,62.18319223496783
7525,14.634463489955307,Outgoing,56-65,15.6661253206913
7526,11.046145404573231,Outgoing,36-45,53.45674653535167
7527,20.07968611781778,Outgoing,18-25,46.8997314215086
7528,12.983101270156586,Incoming,56-65,46.726857788602544
7529,7.574069186500339,Outgoing,46-55,18.731730545167192
7530,4.752627571651596,Outgoing,18-25,28.24462755404861
7531,21.30424759999655,Incoming,36-45,48.63965024188435
7532,18.083319882355593,Outgoing,26-35,72.28711556380922
7533,15.439867735645844,Incoming,56-65,38.189508603211536
7534,12.798626815745983,Outgoing,26-35,42.00122545791465
7535,12.355007928984366,Outgoing,56-65,85.62183990572416
7536,9.621316757791943,Incoming,36-45,44.063552216643274
7537,12.842721777200577,Incoming,36-45,47.424209522928386
7538,4.3995639243991285,Incoming,36-45,47.69510435896518
7539,11.319681732657429,Outgoing,36-45,23.08989707190979
7540,13.44531241824453,Incoming,18-25,61.4359624683023
7541,18.049400235952096,Incoming,18-25,36.94247762831323
7542,14.800367683133182,Outgoing,56-65,49.39858765920523
7543,18.974615569377796,Outgoing,18-25,58.88745928835595
7544,21.745675525567147,Outgoing,56-65,88.85115178070785
7545,20.290850469120507,Incoming,18-25,23.644599109075134
7546,17.352549236892784,Outgoing,18-25,67.29964370132447
7547,15.05931339590392,Incoming,18-25,67.37446512347935
7548,10.096059957932205,Incoming,46-55,37.23570454441453
7549,18.699720256896583,Incoming,36-45,61.990076961039634
7550,23.398736911107648,Incoming,46-55,82.86872302583784
7551,16.71053019825209,Outgoing,18-25,34.70057581575116
7552,24.586295742130616,Outgoing,18-25,54.8293959427031
7553,7.372141459694581,Incoming,46-55,58.0960272787957
7554,9.229183076102293,Incoming,56-65,60.683577099071
7555,19.27600753874131,Outgoing,36-45,65.38583521432025
7556,16.321451050766257,Outgoing,56-65,53.326096565043485
7557,21.568910882859036,Incoming,36-45,60.26872372696005
7558,14.922641796366301,Incoming,26-35,31.770526997525536
7559,10.660122887358341,Incoming,36-45,53.28006987279115
7560,13.932033788974788,Incoming,56-65,40.47317468638971
7561,7.33658014538133,Incoming,36-45,25.403421896918246
7562,9.357046634514827,Outgoing,26-35,39.81710901126199
7563,19.862219989590052,Incoming,26-35,55.38912784396116
7564,19.36393707234805,Outgoing,18-25,58.71594552740386
7565,16.815021424030384,Incoming,26-35,24.630817581544576
7566,6.394612395197653,Outgoing,46-55,31.246465665502583
7567,13.207982122435558,Incoming,56-65,64.49312559386442
7568,8.875000556699746,Outgoing,46-55,60.16296185231727
7569,20.882666268938827,Outgoing,46-55,67.74205324092705
7570,12.081389332186994,Incoming,56-65,77.35660854353121
7571,9.571261446092253,Incoming,46-55,60.75774219181197
7572,15.148980825607122,Outgoing,46-55,41.70384745658256
7573,11.799227715826941,Outgoing,46-55,52.296989161638336
7574,22.418719551018533,Outgoing,26-35,83.19794201854765
7575,11.325945512329046,Incoming,56-65,105.28897995570773
7576,8.003858703876844,Outgoing,56-65,59.261927314847185
7577,4.235432421212423,Incoming,56-65,60.711082776226135
7578,14.846067487932924,Incoming,46-55,64.51416733994833
7579,12.190349430710368,Incoming,26-35,50.47585691638726
7580,7.855476967441366,Incoming,56-65,73.27707804685248
7581,20.946132306278926,Incoming,36-45,70.16090585465702
7582,18.336225737146208,Incoming,56-65,57.08752894297633
7583,14.85891060531385,Outgoing,18-25,43.63960187988769
7584,21.821631220854332,Outgoing,36-45,19.586072252457264
7585,18.312680166993065,Incoming,56-65,64.648270952285
7586,10.885720492407838,Outgoing,46-55,54.25716630452208
7587,9.80389918004617,Outgoing,56-65,35.24464538691798
7588,19.089907722269306,Incoming,26-35,27.401594700107456
7589,16.981834782336755,Outgoing,26-35,63.22865698766503
7590,15.848738839853308,Incoming,56-65,17.9752735676607
7591,10.767510985655463,Incoming,46-55,55.9928237488761
7592,18.03973783502877,Incoming,46-55,66.87100818337788
7593,11.222505584330253,Incoming,46-55,60.99785772833247
7594,14.49006672703161,Outgoing,56-65,42.18520451283119
7595,22.2347207319349,Outgoing,56-65,25.012510310501717
7596,11.69582882094927,Incoming,18-25,61.7403847959038
7597,7.135053714635696,Outgoing,26-35,74.01046183906841
7598,9.737264040649448,Incoming,36-45,38.54533290513918
7599,19.971494133438117,Incoming,36-45,60.138164005857185
7600,16.273655686901048,Outgoing,26-35,81.63030237463619
7601,14.355613106556232,Outgoing,18-25,56.7769419288322
7602,12.454530973442154,Incoming,26-35,42.06239710244425
7603,17.42679953776595,Outgoing,18-25,70.81707080126316
7604,10.754475745048882,Incoming,18-25,35.24878051684375
7605,16.52832784321298,Incoming,46-55,24.03615969893954
7606,11.343727155935216,Outgoing,26-35,66.2464238229196
7607,10.51170307362473,Incoming,36-45,41.876754730328734
7608,11.812562825874942,Outgoing,56-65,43.66957971992631
7609,13.12296276758019,Incoming,56-65,37.46118728897857
7610,14.755850820331483,Incoming,26-35,40.54365208891832
7611,16.177278975555573,Incoming,56-65,78.06066855053732
7612,0.0,Incoming,18-25,83.24997531567334
7613,10.961747211266175,Incoming,56-65,85.89957272289217
7614,13.042150113219805,Outgoing,18-25,71.80241242355025
7615,22.525310193041648,Incoming,18-25,59.32542519546475
7616,9.599986958089339,Outgoing,36-45,21.354288161337735
7617,15.813983090499562,Outgoing,56-65,46.24950594199301
7618,22.475151548679186,Outgoing,36-45,93.13508977247375
7619,8.435157350263635,Incoming,56-65,41.28756842494692
7620,16.96987612932201,Outgoing,18-25,80.2828894954455
7621,10.988640830327398,Outgoing,56-65,51.1007163806109
7622,12.476831288553827,Outgoing,36-45,0.0
7623,10.984445830233428,Incoming,46-55,62.80971127337926
7624,11.34071345792057,Incoming,36-45,75.32509392356623
7625,28.609560739532466,Incoming,46-55,49.02008062718911
7626,19.22227936035833,Incoming,26-35,74.66102008970827
7627,20.508689308931046,Outgoing,36-45,16.643449711658256
7628,17.45996743418248,Incoming,56-65,22.28871472201261
7629,6.9687160579902105,Outgoing,46-55,54.097286161713754
7630,16.974789851616535,Incoming,56-65,59.54229455635063
7631,20.36464807253673,Outgoing,46-55,77.13157737184557
7632,10.733002629804442,Incoming,36-45,62.77848933497121
7633,19.82663333580563,Incoming,36-45,26.12741821269914
7634,18.521681049270395,Incoming,56-65,54.26091244148772
7635,24.26020022406835,Incoming,36-45,62.01454890576298
7636,12.911084937431905,Outgoing,56-65,12.515320026057417
7637,9.511945088621367,Incoming,18-25,49.12733060523969
7638,13.191859453137273,Incoming,46-55,43.288349121235505
7639,22.177854965818117,Incoming,56-65,36.9061385250851
7640,5.857970595790185,Outgoing,46-55,59.975541035053446
7641,4.6581214228448395,Incoming,18-25,27.006369468841523
7642,15.446976394658066,Incoming,46-55,58.33759024007299
7643,12.78705353612922,Outgoing,56-65,61.18982258417789
7644,15.038639465878424,Outgoing,36-45,71.67526620521947
7645,19.726558856179324,Outgoing,46-55,27.531614744147905
7646,12.237153269405738,Incoming,46-55,19.895315632909053
7647,5.634970845346897,Outgoing,18-25,55.57807214678024
7648,25.22240778599972,Incoming,26-35,44.274575322645966
7649,10.013858562806119,Outgoing,36-45,108.05300524987442
7650,9.704814389939513,Incoming,56-65,59.169969524858644
7651,20.518600068612983,Outgoing,18-25,51.16323423408363
7652,13.07755439479241,Outgoing,56-65,46.54344088647169
7653,14.683050739825946,Outgoing,56-65,25.638763091211022
7654,17.41395062030159,Incoming,46-55,61.277631059091945
7655,20.41791551554998,Outgoing,18-25,48.41709947458404
7656,13.33269653409114,Incoming,18-25,48.4337263314113
7657,22.599760029571495,Outgoing,36-45,51.888866509973106
7658,4.321000756325972,Outgoing,26-35,54.42425059834491
7659,18.798936184765385,Outgoing,56-65,15.214887081649564
7660,10.802362209911713,Incoming,36-45,66.74046012741863
7661,21.861356583039957,Incoming,36-45,33.07111250368155
7662,15.710222394152726,Incoming,56-65,47.23935605062745
7663,11.635473339952991,Outgoing,46-55,75.71809841330578
7664,18.314205465108163,Incoming,46-55,85.58897184540228
7665,19.465941736036257,Incoming,56-65,15.99011122747217
7666,18.209470614293192,Outgoing,18-25,50.60489655349298
7667,9.851518801834697,Outgoing,26-35,55.458263703320725
7668,12.579914381889576,Incoming,46-55,19.849399476171072
7669,14.979635814392825,Incoming,26-35,66.0518272883633
7670,14.793701736749698,Outgoing,36-45,52.325253548283456
7671,18.748727377191738,Incoming,36-45,53.88319191389993
7672,4.925493837466959,Outgoing,56-65,31.648941633161304
7673,16.671635272767517,Outgoing,56-65,58.25773286762697
7674,13.5500932278168,Incoming,56-65,66.76447912779875
7675,10.80749691808024,Incoming,46-55,52.545957674518675
7676,11.287566111152003,Outgoing,26-35,39.72128198073893
7677,13.927311677410183,Incoming,36-45,41.27861363907272
7678,0.0,Outgoing,26-35,54.40791414251931
7679,11.49355214604225,Incoming,46-55,50.975947567612586
7680,10.620925876768533,Outgoing,26-35,68.0964423823879
7681,17.66391604661312,Incoming,26-35,40.394834249516684
7682,10.972366587447397,Incoming,56-65,25.6323879451835
7683,13.92443099914755,Outgoing,26-35,57.18772154641006
7684,22.71138313830651,Incoming,26-35,40.449402940025934
7685,19.971757599077115,Outgoing,26-35,65.67363898072733
7686,19.511356999717265,Incoming,18-25,50.150772609152014
7687,12.500637847945741,Incoming,36-45,63.09626408729645
7688,17.715161396448263,Incoming,36-45,29.713659065384242
7689,13.83051099773203,Incoming,26-35,52.86772526459642
7690,14.019533946615311,Outgoing,56-65,36.01473585232167
7691,17.04842671873275,Outgoing,56-65,25.592526938475597
7692,12.015032057895338,Incoming,56-65,32.7778424385797
7693,22.465015522216017,Outgoing,36-45,39.11045816448282
7694,14.199349302010315,Outgoing,46-55,74.89389054047703
7695,18.091802831298324,Incoming,26-35,38.58119201014681
7696,22.27800239628649,Outgoing,36-45,24.569194994435538
7697,20.158268872875876,Outgoing,56-65,52.629548449933374
7698,7.955404486547376,Incoming,36-45,50.58361321355349
7699,17.22447947504942,Incoming,36-45,40.15893975979604
7700,19.253596972303235,Incoming,36-45,46.77553068307747
7701,19.459315110803743,Incoming,56-65,69.52454171993142
7702,9.433525829426845,Outgoing,46-55,63.414115307983536
7703,11.71482381491338,Incoming,18-25,61.68460413747462
7704,19.972791178708107,Outgoing,26-35,26.326424309595392
7705,11.191198146586771,Outgoing,26-35,107.73096123430646
7706,13.501519716678429,Incoming,36-45,71.02504420548443
7707,22.879379047509847,Outgoing,46-55,60.34057126381744
7708,14.761003748076051,Outgoing,56-65,26.71376451205581
7709,11.366129310830786,Outgoing,18-25,68.95460225468216
7710,10.611913215685474,Incoming,18-25,39.97742979401344
7711,16.66359664792594,Outgoing,36-45,46.11458390728069
7712,8.334259957613956,Incoming,36-45,16.384414478814342
7713,13.763320180517908,Incoming,56-65,25.170338281189814
7714,16.66615267495011,Outgoing,56-65,58.7709299765427
7715,21.495749102738337,Outgoing,56-65,70.1246935054098
7716,18.337740401849977,Incoming,36-45,63.698088395900704
7717,11.429674410089106,Incoming,46-55,63.016379934858975
7718,20.8920965878186,Incoming,36-45,48.70467086080586
7719,13.502424812262612,Incoming,36-45,41.865859692675755
7720,8.821484889752956,Incoming,18-25,55.77790287130787
7721,14.139793203672637,Outgoing,56-65,66.42816646200548
7722,22.19084600572851,Incoming,26-35,50.09724509867183
7723,15.826200250324625,Outgoing,56-65,74.2050403982681
7724,15.062609321648932,Incoming,46-55,45.698614723679846
7725,23.186058223514266,Outgoing,46-55,30.394421294078978
7726,7.8432257647278645,Incoming,56-65,49.79275515917998
7727,8.57200442973614,Outgoing,56-65,52.11944556519137
7728,6.920767645165839,Outgoing,36-45,48.35939865447181
7729,16.863240932400274,Incoming,26-35,75.61311121764523
7730,15.832465635575623,Outgoing,36-45,66.10603961448078
7731,22.71368183639888,Incoming,18-25,21.381180227565807
7732,16.21737538568385,Incoming,18-25,80.68734028396571
7733,12.979214202603487,Outgoing,46-55,0.0
7734,15.008974364390536,Outgoing,46-55,93.02048745704994
7735,15.58853709230479,Incoming,26-35,44.253889728862475
7736,6.6411936333591655,Incoming,46-55,46.208645266969995
7737,28.551658221674465,Incoming,18-25,48.7996752205272
7738,17.599355090509558,Outgoing,26-35,57.70410865680361
7739,16.050041540112947,Outgoing,18-25,49.994735974663136
7740,18.075819921392903,Incoming,56-65,47.33209622325465
7741,18.547054902933024,Outgoing,56-65,76.17836618712371
7742,14.297232572487841,Outgoing,26-35,61.311921595017
7743,11.843794318796498,Outgoing,36-45,30.823922912584774
7744,17.99725343160852,Incoming,46-55,64.81347828671448
7745,16.928554202657264,Incoming,26-35,60.48214006366678
7746,10.95054950455296,Outgoing,46-55,39.09452548837562
7747,22.095178056836318,Outgoing,18-25,65.84276852724322
7748,16.466760181614916,Incoming,36-45,46.848547975539205
7749,18.649096811338154,Outgoing,46-55,45.566530557497984
7750,21.959604438399595,Incoming,56-65,45.02173765134131
7751,15.109444105824174,Incoming,56-65,1.4376388609520134
7752,16.584760034920578,Incoming,18-25,39.46601334130797
7753,19.05013619253058,Incoming,26-35,64.26346484251202
7754,11.375694580999738,Incoming,46-55,49.55177514192474
7755,15.270258314230004,Incoming,18-25,24.296271402885008
7756,15.62774293325574,Incoming,56-65,69.29262510384075
7757,10.219707241583027,Outgoing,56-65,44.02799680913209
7758,26.588183943369394,Incoming,56-65,25.568490186769537
7759,7.963532782537987,Outgoing,36-45,94.12024923342031
7760,8.50948048156421,Outgoing,36-45,28.936548110244885
7761,21.571132878517894,Outgoing,56-65,67.5898302257142
7762,18.56633125398271,Incoming,26-35,34.613717982907914
7763,9.87017591259611,Outgoing,36-45,52.716536691476435
7764,18.036445075508464,Incoming,46-55,31.956380732636486
7765,22.33925222498655,Incoming,36-45,25.213916374526825
7766,14.848684712015071,Outgoing,46-55,60.444050893428184
7767,27.99411450037291,Outgoing,36-45,58.10581090268801
7768,6.3796909456598225,Outgoing,56-65,72.89298888438128
7769,18.46911726929551,Outgoing,46-55,49.31236139408274
7770,20.832641681105017,Incoming,26-35,94.40703588252984
7771,19.456719508026232,Outgoing,36-45,55.366933348740716
7772,13.97822136677176,Outgoing,36-45,61.335493624744245
7773,13.547792589944253,Outgoing,56-65,22.831415097855434
7774,17.220725855436285,Outgoing,46-55,37.718313697549384
7775,19.078772433260347,Outgoing,56-65,60.393594010319546
7776,18.01236718141182,Incoming,46-55,48.31544475172834
7777,20.200289453966946,Incoming,36-45,53.753662700692715
7778,9.905650214666323,Incoming,36-45,33.67012488571613
7779,13.861145104381826,Outgoing,36-45,52.43893946943243
7780,10.299920339381229,Outgoing,36-45,52.37091783183472
7781,13.069436119569293,Incoming,18-25,26.39129960229522
7782,20.076104459071527,Incoming,36-45,62.850996893611814
7783,15.539919603626144,Incoming,36-45,15.998701061640624
7784,28.034295815748848,Incoming,46-55,53.684761611953675
7785,15.967031835948585,Outgoing,36-45,85.31185387651001
7786,15.298459402898681,Outgoing,36-45,63.611010756381646
7787,15.53091459720108,Outgoing,46-55,63.485984920742084
7788,11.81095653570032,Incoming,36-45,32.0514665010263
7789,14.710816938112032,Incoming,36-45,85.38124106305722
7790,20.63894013555823,Incoming,56-65,77.53436189204578
7791,15.569853340638861,Outgoing,18-25,33.12819954208865
7792,11.032701350582643,Outgoing,46-55,40.50473516370246
7793,10.374576897606824,Incoming,56-65,75.09312089853375
7794,12.748990541670782,Outgoing,26-35,85.92294756633515
7795,15.369317172054402,Incoming,26-35,24.706279298194236
7796,20.96793267738131,Incoming,18-25,29.92578460550847
7797,8.297556793167816,Incoming,26-35,47.12426487155661
7798,13.40086861055622,Outgoing,18-25,6.5781194111497
7799,15.721550097175394,Incoming,26-35,50.38090320418846
7800,5.831471161852827,Incoming,26-35,73.71487028059968
7801,10.83200858516797,Outgoing,56-65,21.227259675285012
7802,11.600557301319068,Incoming,26-35,52.54213929950174
7803,11.020148130747508,Incoming,18-25,38.364585900093736
7804,15.959447725108237,Outgoing,36-45,82.79891897507835
7805,14.197201952491014,Incoming,36-45,38.604162757338976
7806,12.223569486994819,Incoming,36-45,80.37986175497167
7807,17.139813132763173,Incoming,18-25,38.05089858377546
7808,23.61537358823125,Outgoing,18-25,65.4235161066826
7809,23.19628258370876,Incoming,36-45,55.03891236725398
7810,5.386141139688318,Incoming,26-35,47.23454666971397
7811,17.885360919175696,Incoming,36-45,34.18942861892049
7812,14.109883549680807,Outgoing,46-55,56.461908426357866
7813,15.775776714326781,Outgoing,18-25,41.18929475030176
7814,13.008584832287257,Outgoing,46-55,36.20467550383724
7815,15.587943149436011,Incoming,46-55,79.45445482751441
7816,15.757036980360093,Outgoing,18-25,60.95060454986454
7817,12.105241213255384,Incoming,36-45,62.87277903814406
7818,10.518162260874096,Outgoing,56-65,42.16802962775475
7819,12.75652158690258,Outgoing,46-55,46.280433058333905
7820,16.171296322283826,Outgoing,36-45,45.02846665297777
7821,17.99498170842132,Outgoing,56-65,56.74477825001954
7822,19.266744886700735,Incoming,46-55,62.83606903685012
7823,12.529049884665437,Outgoing,36-45,49.394972593768564
7824,16.419222836513683,Incoming,46-55,34.14710011638718
7825,19.812512959766494,Incoming,36-45,65.21140914053098
7826,20.82797447572064,Incoming,26-35,50.66807736416673
7827,14.70583572934239,Outgoing,26-35,21.183272424580384
7828,13.895341375301937,Outgoing,18-25,7.29410499840624
7829,15.955621169181962,Incoming,56-65,55.95794350920947
7830,9.251462635512972,Outgoing,46-55,33.41052402244593
7831,14.03195244482246,Incoming,46-55,58.62124258792905
7832,18.72293199236565,Outgoing,36-45,34.487633822721314
7833,18.209735647218505,Outgoing,56-65,52.663715449900145
7834,13.648661978180556,Incoming,46-55,42.43196944075817
7835,16.088591005435834,Outgoing,56-65,85.03841620546609
7836,10.876748298546563,Incoming,56-65,69.00631315637288
7837,18.517460741125124,Incoming,26-35,76.9459380037566
7838,14.610892819317634,Outgoing,46-55,50.48095538238132
7839,13.62024274151931,Outgoing,46-55,66.44721878229763
7840,13.191380819533068,Outgoing,18-25,51.833001552022836
7841,14.685530665500709,Incoming,56-65,79.39182734867452
7842,12.760611775340209,Outgoing,36-45,48.54875869487453
7843,18.290715180012818,Outgoing,26-35,22.050213192784124
7844,13.023582259919097,Outgoing,18-25,10.027569494921224
7845,22.964820480136908,Outgoing,26-35,83.3662223912903
7846,22.326052517406904,Incoming,36-45,59.570089483017185
7847,10.542282550727476,Outgoing,18-25,60.88513700083483
7848,15.3485213471464,Incoming,26-35,79.79295684583164
7849,11.746716893319025,Outgoing,36-45,16.96530112548089
7850,13.366762184056942,Outgoing,18-25,42.82797569536384
7851,25.012137338223987,Outgoing,36-45,45.27860340769933
7852,13.462142914421005,Incoming,18-25,64.8455046641403
7853,16.801130185387144,Incoming,46-55,36.147195497982345
7854,17.706606470041393,Outgoing,46-55,25.972525129704202
7855,9.996853137583797,Incoming,26-35,25.79302698005786
7856,10.724522627953975,Incoming,56-65,72.98836152544041
7857,8.969888142959405,Outgoing,56-65,35.14935812393765
7858,10.570146330511115,Outgoing,36-45,38.95965031356377
7859,0.7498494534140896,Outgoing,18-25,62.689963014558096
7860,17.72291200396814,Outgoing,46-55,36.021091835302
7861,25.27096920628035,Outgoing,56-65,15.901031544887168
7862,15.739103695182635,Outgoing,46-55,18.36597652550202
7863,7.918655703296963,Incoming,36-45,48.863852065690836
7864,11.78611808550026,Outgoing,36-45,59.94656860730443
7865,12.705615774875016,Outgoing,18-25,45.9550951229916
7866,9.912076113933121,Outgoing,56-65,58.60885407618138
7867,19.300913191975784,Outgoing,36-45,17.743249479847286
7868,19.05130022187667,Incoming,36-45,19.093929180637836
7869,9.222741030911703,Incoming,46-55,95.07871832588482
7870,18.62540522223754,Incoming,26-35,74.6556854427336
7871,22.634063317886326,Outgoing,56-65,65.37943783797036
7872,24.5127910261478,Outgoing,18-25,36.80550658531122
7873,29.32606011542981,Incoming,18-25,45.23987618539098
7874,10.490036752784013,Incoming,46-55,49.966453657327996
7875,29.121102131976016,Outgoing,18-25,76.28692227433048
7876,13.228968057456058,Outgoing,36-45,58.055655328901835
7877,12.037672723097428,Outgoing,56-65,60.51827602575603
7878,16.635361874389226,Outgoing,18-25,46.646901297650004
7879,12.089693329534938,Outgoing,56-65,65.85330133680169
7880,16.99522070323263,Incoming,18-25,56.04645494862547
7881,8.399614061313493,Outgoing,26-35,50.880454654913606
7882,13.806236989682828,Incoming,26-35,35.138316556274575
7883,21.427911171808397,Outgoing,56-65,47.72856515796735
7884,14.71469354284422,Incoming,26-35,28.40934592440089
7885,15.707978933699414,Incoming,26-35,49.1972198802609
7886,17.37629302358656,Incoming,36-45,51.778227159297984
7887,20.8533081465883,Outgoing,18-25,1.9096323078737214
7888,6.723876439052836,Outgoing,26-35,45.39320921798993
7889,17.922620259187173,Outgoing,56-65,26.48239590790815
7890,13.659304303791185,Incoming,36-45,59.97278651033389
7891,15.833189476559193,Incoming,26-35,62.743194871019895
7892,20.299750848811883,Outgoing,56-65,41.47320364669365
7893,9.02906674294078,Incoming,18-25,60.980441742438316
7894,9.936777792784552,Incoming,26-35,61.82133872670122
7895,5.322850201430969,Incoming,56-65,45.40568321176464
7896,12.254205291181117,Incoming,56-65,80.68573950607316
7897,21.652161721894082,Outgoing,46-55,35.49850125986997
7898,14.397064057632653,Incoming,56-65,79.42731406506333
7899,8.299375521726072,Outgoing,46-55,45.49601141633589
7900,12.571606277124765,Incoming,18-25,33.133472935480654
7901,7.560691482546885,Incoming,18-25,42.969030483912356
7902,9.37406949134419,Outgoing,36-45,28.01221544541353
7903,16.944094551318567,Incoming,46-55,65.69115734778406
7904,9.130633368469855,Outgoing,56-65,17.944620438494475
7905,20.56317152601651,Outgoing,36-45,77.79217107537653
7906,14.64439854584832,Outgoing,36-45,31.282655965070795
7907,15.427973519722627,Outgoing,18-25,66.73306743691909
7908,13.60813516196053,Outgoing,56-65,50.48451722120936
7909,18.864239192718614,Outgoing,46-55,55.416305660991924
7910,18.915799438885053,Outgoing,18-25,38.19913257445272
7911,16.675271759560857,Incoming,36-45,57.056160006662644
7912,17.82394552953824,Outgoing,26-35,52.69948577101728
7913,13.939551650397872,Incoming,36-45,20.841778636613448
7914,17.71101503454524,Incoming,26-35,30.749999941334842
7915,13.310611122630966,Incoming,18-25,39.181757779803874
7916,15.01115811081201,Outgoing,46-55,34.900069637471006
7917,13.626781253168513,Outgoing,56-65,75.05621890767303
7918,12.71390730340402,Incoming,26-35,50.140283676949984
7919,11.554441011391049,Outgoing,56-65,34.42657304720236
7920,17.338450519294426,Incoming,18-25,40.18460351993921
7921,21.553029564067316,Incoming,18-25,39.91073832905867
7922,20.855509858347798,Incoming,18-25,44.23901055989869
7923,8.717173320272824,Outgoing,46-55,28.493411905608006
7924,21.446015257034368,Incoming,26-35,33.72137778805362
7925,13.409207491910356,Outgoing,56-65,65.3321382232842
7926,18.00366507572796,Incoming,36-45,53.70686206733827
7927,10.468923339763945,Outgoing,18-25,46.95324906919599
7928,15.709899569370027,Incoming,56-65,50.052456346301994
7929,16.568615914484536,Outgoing,56-65,49.088784868491786
7930,7.576976040401736,Incoming,46-55,45.817377905367124
7931,18.041335831720946,Outgoing,26-35,60.34209677414958
7932,21.729675039191577,Outgoing,46-55,58.86319971695852
7933,14.126760271591861,Outgoing,46-55,18.56474053545569
7934,21.800840654140064,Incoming,56-65,47.36875628181514
7935,14.051532532737962,Incoming,26-35,19.883612013184695
7936,19.247922655233086,Incoming,26-35,62.711544069114126
7937,3.9071501702445026,Outgoing,26-35,65.35333113700567
7938,27.093888896567318,Outgoing,18-25,37.784422047166075
7939,22.477291226214785,Incoming,26-35,47.66482089330568
7940,13.576872478731605,Incoming,56-65,7.771194057555078
7941,5.139554866780911,Outgoing,18-25,69.45579628184053
7942,16.440141841527446,Incoming,36-45,64.19347480502805
7943,7.7803722646312155,Outgoing,46-55,73.00170523475052
7944,17.22426768778744,Outgoing,26-35,79.73088280674199
7945,17.05782859582141,Outgoing,36-45,25.517814140464495
7946,10.292984154989876,Incoming,26-35,67.76088403276883
7947,20.60483511807189,Outgoing,46-55,79.5860888883692
7948,19.027873514030865,Incoming,56-65,20.10844257941528
7949,19.879116686442817,Outgoing,56-65,46.57577576308573
7950,15.044288518344477,Incoming,46-55,42.731960335411515
7951,7.9223796654314675,Incoming,36-45,67.10923728382997
7952,19.889361361055688,Outgoing,18-25,2.1211786731184006
7953,13.648143004321044,Outgoing,18-25,86.31915392464389
7954,8.051099284036654,Outgoing,26-35,47.74925871610813
7955,21.76019682987163,Outgoing,46-55,68.32188804034291
7956,25.49703760251255,Incoming,46-55,48.79525524616818
7957,14.793759355103985,Incoming,18-25,59.84250101959348
7958,25.795605773016458,Incoming,36-45,3.571634827677002
7959,15.456573643056748,Incoming,46-55,42.3023525439858
7960,13.097720479168244,Incoming,56-65,66.95522422687357
7961,11.847707729072612,Outgoing,56-65,55.77464693427389
7962,23.185412039963712,Outgoing,46-55,17.26317814546485
7963,11.099280593061142,Incoming,36-45,51.22849787753226
7964,18.676346549874935,Outgoing,56-65,33.6251534827699
7965,12.204180824703958,Outgoing,36-45,31.89161497653124
7966,12.698466187128185,Outgoing,18-25,19.586114533665647
7967,20.151248469847836,Outgoing,26-35,62.3740524381426
7968,13.099815768553231,Outgoing,18-25,72.2602888787127
7969,12.976023102898534,Outgoing,26-35,92.4028626832569
7970,20.664023485874036,Incoming,56-65,20.519032165141432
7971,22.986986466108114,Outgoing,26-35,65.34744322452951
7972,18.223449016421167,Outgoing,26-35,66.66342740841816
7973,11.726151121880253,Incoming,46-55,38.38990645563983
7974,12.446957503512103,Incoming,26-35,31.648432291813386
7975,15.399576318700188,Incoming,46-55,28.285153580661394
7976,16.604650309628287,Outgoing,26-35,39.452935130795694
7977,10.06067044930114,Incoming,46-55,54.052431917118994
7978,18.615189697899318,Outgoing,56-65,77.20224021013625
7979,15.427566648197995,Incoming,56-65,72.10676676020233
7980,6.421458406809354,Outgoing,26-35,17.691661114626747
7981,10.355367587696348,Outgoing,36-45,34.22313502798976
7982,12.47935663174168,Incoming,56-65,75.9928074861894
7983,14.635711555794725,Outgoing,18-25,35.37814334809864
7984,24.446393977519982,Outgoing,18-25,48.86171673179648
7985,16.19085653069814,Outgoing,46-55,15.89422130771829
7986,10.796140550506875,Outgoing,36-45,73.06066831025896
7987,16.103154021535815,Incoming,46-55,11.745035882972239
7988,13.239561262730595,Incoming,26-35,17.143788384267616
7989,16.62379119766771,Incoming,56-65,71.01634121673406
7990,17.902838435178076,Outgoing,36-45,88.40123359133113
7991,21.04615323611969,Incoming,46-55,44.1877783055017
7992,14.87856752164987,Incoming,46-55,49.0627437627435
7993,23.194802637999167,Outgoing,18-25,68.16559119565977
7994,19.54011331268096,Incoming,26-35,55.78895629394765
7995,11.462802275939062,Incoming,46-55,42.535636412466715
7996,26.049278328742318,Incoming,18-25,40.290927572286144
7997,16.634972566350488,Outgoing,36-45,18.66404085030033
7998,10.824377480138825,Incoming,46-55,54.6588354424044
7999,23.26456525615211,Incoming,18-25,48.16166355861048
8000,25.388887925992222,Incoming,26-35,41.24307641774639
8001,14.834873681402197,Outgoing,56-65,29.963704088752227
8002,12.481748698122018,Outgoing,36-45,31.98938293413139
8003,14.13812521273169,Incoming,46-55,62.367538410133996
8004,18.573658637588498,Incoming,18-25,67.63327296818095
8005,21.38928327515257,Incoming,46-55,43.45767687418766
8006,17.852436654317867,Outgoing,56-65,41.35040853507242
8007,15.508616042358849,Outgoing,46-55,32.92703906771593
8008,22.490058851522136,Incoming,46-55,68.73640087148516
8009,13.435817634742389,Incoming,18-25,50.61991539311814
8010,20.154596691834534,Outgoing,56-65,57.358019586545296
8011,13.559686008243606,Outgoing,36-45,57.16940260186926
8012,17.155114790054466,Incoming,18-25,43.84596758932126
8013,14.432187176047742,Outgoing,56-65,26.69279800313157
8014,14.720739086735946,Incoming,56-65,30.077336886281614
8015,13.11306741268895,Incoming,46-55,72.55771065294903
8016,21.724270155903472,Outgoing,26-35,35.48631370298857
8017,11.335369809457324,Incoming,26-35,41.79275360503299
8018,11.298838737256458,Incoming,36-45,27.3121892925758
8019,25.604967829225547,Incoming,46-55,25.67866962147186
8020,19.889237823271657,Incoming,26-35,34.61670005942555
8021,3.0744315065348182,Incoming,18-25,83.76814368488917
8022,12.173706303947982,Incoming,36-45,63.16074782384858
8023,5.940053312189729,Incoming,46-55,39.46422257152754
8024,10.246546532923723,Outgoing,18-25,71.65753589103991
8025,0.0,Outgoing,26-35,46.95402253407107
8026,14.315052111530289,Incoming,26-35,77.08680093983676
8027,9.290290904193443,Outgoing,26-35,94.23460700792427
8028,15.299526283982193,Incoming,26-35,70.56323478532383
8029,6.8743937055873765,Incoming,56-65,51.891019104451544
8030,15.4145592658602,Outgoing,36-45,63.98619747032719
8031,12.925418609398363,Incoming,36-45,50.30142438564424
8032,22.50976482594298,Incoming,26-35,13.28003272049915
8033,22.056784308728126,Outgoing,36-45,36.907491715759114
8034,18.926728015051417,Outgoing,18-25,30.968168086935655
8035,13.366931096693937,Outgoing,18-25,36.464179163382546
8036,24.926901976301465,Outgoing,36-45,85.87342865278887
8037,7.2348236108008965,Outgoing,26-35,72.44299485709317
8038,7.982206852181687,Outgoing,46-55,58.81769602883294
8039,14.581084500554677,Incoming,26-35,66.24685900902716
8040,26.270190544605597,Outgoing,56-65,12.157730281882884
8041,13.988305465649562,Outgoing,46-55,64.5636742617906
8042,14.08377378395359,Incoming,56-65,68.79248632404335
8043,7.790448219440954,Incoming,36-45,5.205056246254344
8044,19.72964792635189,Outgoing,56-65,65.30473507558798
8045,19.76588127164677,Incoming,36-45,21.518527146658293
8046,18.94537600699955,Incoming,56-65,10.599892871079362
8047,11.853896635763189,Incoming,46-55,76.52636433719157
8048,11.46646615813497,Incoming,56-65,29.859019047753158
8049,8.534388747975148,Incoming,26-35,35.681065212312454
8050,15.419362508804667,Incoming,36-45,69.79209085514691
8051,9.597963353607492,Incoming,18-25,43.895234554951976
8052,9.112917473753557,Outgoing,56-65,46.39669252541835
8053,12.881546415446621,Incoming,36-45,45.95826187124141
8054,12.55421912407892,Outgoing,18-25,56.95197541949571
8055,12.310107355890224,Incoming,36-45,45.473311672186476
8056,17.332222984201305,Incoming,36-45,52.28252148718201
8057,15.395239010751396,Outgoing,18-25,39.92883749174588
8058,13.559219847444412,Incoming,18-25,57.03639179758724
8059,15.91506464155741,Incoming,46-55,56.27686063809135
8060,10.042364794476839,Outgoing,56-65,87.95771675368366
8061,15.52639311954839,Incoming,56-65,42.37498100652596
8062,15.753012464223168,Incoming,36-45,46.3166896439004
8063,7.484765703212597,Outgoing,26-35,54.776486518740825
8064,19.97846877185181,Outgoing,26-35,69.2887128862944
8065,10.592831473865022,Incoming,36-45,28.168296936455977
8066,15.451548996032175,Outgoing,46-55,52.07153043550136
8067,20.82205870267635,Incoming,18-25,0.0
8068,19.628383788569348,Incoming,36-45,44.569361665552094
8069,15.171666942844178,Outgoing,56-65,71.45454060198722
8070,13.187504985589657,Outgoing,26-35,35.477151273053636
8071,19.737559542877836,Outgoing,26-35,53.53675230570624
8072,18.3734748890431,Outgoing,26-35,39.42188851232795
8073,11.90817489977935,Incoming,46-55,32.81195604532634
8074,11.025531764991548,Outgoing,56-65,69.42971996536204
8075,4.638224091520009,Outgoing,46-55,29.094826203086924
8076,15.770159208417937,Incoming,18-25,55.85930587726186
8077,14.586511274908007,Incoming,36-45,56.16703241532318
8078,20.68095687321271,Incoming,36-45,32.96400965922753
8079,16.795275467401833,Incoming,26-35,53.11370513915257
8080,21.671145970863453,Incoming,26-35,31.301043250640458
8081,11.513178860419146,Incoming,18-25,60.43583749818316
8082,20.690751654838092,Incoming,46-55,23.701085707142123
8083,12.355418104476724,Incoming,56-65,43.20788993616318
8084,18.88798030896136,Incoming,18-25,44.944566806842005
8085,7.706208037346532,Outgoing,36-45,72.2591067642134
8086,16.175676496830942,Outgoing,36-45,52.800861434237845
8087,5.07656029277045,Incoming,46-55,69.10026980224119
8088,13.664312570291226,Outgoing,18-25,61.09382096979758
8089,17.201769969389566,Incoming,56-65,60.966060017915176
8090,12.39515724384452,Incoming,18-25,43.36133619539864
8091,9.747811856220164,Incoming,18-25,70.41811767049774
8092,19.230592346479668,Incoming,46-55,42.87659181395995
8093,14.482686050765382,Outgoing,56-65,15.403490401397846
8094,12.552146764846642,Outgoing,36-45,45.704256630662144
8095,15.209479605771383,Incoming,26-35,59.06952809288136
8096,28.183345709727945,Outgoing,56-65,17.867485625743733
8097,20.76751424890772,Outgoing,36-45,32.29795282559228
8098,20.8128683409392,Incoming,46-55,25.388231196452885
8099,17.17773159496182,Incoming,56-65,65.73434209417927
8100,15.832426362885736,Outgoing,56-65,83.45725274024991
8101,3.0195885583479196,Outgoing,36-45,45.806016915735675
8102,11.60509826768434,Incoming,36-45,60.630607261365185
8103,12.597127933987627,Incoming,18-25,60.110387317994466
8104,5.625539679762335,Outgoing,18-25,81.07593892879923
8105,9.212921048922832,Incoming,56-65,36.94894192094786
8106,5.0958176453868305,Incoming,26-35,45.60242070483351
8107,14.808380821513138,Incoming,46-55,43.184627011518835
8108,19.09382985424408,Outgoing,36-45,51.50734480080526
8109,20.533872593121643,Outgoing,18-25,100.08633604233617
8110,17.073922310396206,Incoming,46-55,50.616222303946266
8111,10.183018294007155,Outgoing,56-65,32.9057869478588
8112,5.339674207400202,Incoming,36-45,26.91005546213762
8113,6.215656502992491,Outgoing,36-45,75.05290014626094
8114,8.655087113727507,Outgoing,18-25,32.814909920438424
8115,10.555701509821628,Outgoing,26-35,63.27173918398191
8116,14.201257510042067,Incoming,36-45,36.406173414827435
8117,9.92917890936516,Incoming,26-35,24.66614526833656
8118,16.694879468341306,Incoming,46-55,62.10399200603643
8119,13.838632486002636,Outgoing,36-45,37.38510266472937
8120,15.052728558705128,Incoming,36-45,58.50851278477787
8121,20.701252763356024,Incoming,26-35,59.985658816920875
8122,9.09884132899815,Incoming,18-25,60.92530490024937
8123,17.09352289146184,Incoming,56-65,44.63702632113627
8124,14.930133857619634,Outgoing,46-55,63.72367113009415
8125,13.332568595151525,Incoming,36-45,31.549073431038344
8126,19.4262816043298,Incoming,18-25,0.9181949787173238
8127,19.395070772785036,Outgoing,36-45,64.13784346240216
8128,10.26754602005786,Incoming,46-55,53.3118100967494
8129,14.08919708071038,Outgoing,56-65,37.79843511972058
8130,16.406058412920327,Outgoing,36-45,20.5769447604991
8131,13.634966259887078,Outgoing,26-35,9.268434023293139
8132,17.925106661438992,Incoming,18-25,51.03486696417944
8133,16.405960089551378,Outgoing,56-65,82.97571931459905
8134,24.162806201780064,Outgoing,36-45,47.228851671380404
8135,7.348604320351062,Outgoing,56-65,42.77329226616909
8136,14.387820051263013,Incoming,26-35,49.512643150083136
8137,10.457487442439046,Outgoing,36-45,93.5841022381754
8138,18.02053727719522,Outgoing,56-65,65.03808453306266
8139,6.914140549772277,Outgoing,36-45,31.328494965992217
8140,16.731563551124434,Incoming,36-45,50.56207807804206
8141,11.849757843258296,Outgoing,56-65,56.64873822309882
8142,11.32919066939493,Outgoing,36-45,28.873222668423104
8143,7.7675089822965635,Incoming,26-35,65.18273244685119
8144,12.67462026899497,Incoming,56-65,33.64382405711292
8145,20.42250265145463,Incoming,56-65,19.781084653198583
8146,14.874056582352603,Outgoing,26-35,51.52267107679557
8147,18.138402089372374,Outgoing,26-35,48.35688281019289
8148,23.323209109831375,Outgoing,26-35,49.97956195594611
8149,16.31877792411288,Outgoing,36-45,34.70710764674425
8150,12.206002139688296,Incoming,36-45,37.49774764257918
8151,17.33626107591395,Outgoing,46-55,72.56893320738222
8152,12.278519268428541,Incoming,36-45,58.821712300014966
8153,12.477886583514152,Outgoing,26-35,30.8650784684543
8154,7.400536001905076,Outgoing,46-55,10.986062111597846
8155,19.631287455421962,Outgoing,26-35,31.711671957755797
8156,13.069987121752803,Incoming,18-25,53.14598144320381
8157,15.91049122907931,Incoming,56-65,37.361365632911166
8158,9.820190356966803,Incoming,18-25,35.80699589646358
8159,17.17973814857736,Incoming,26-35,38.21679122138674
8160,11.190293809324581,Outgoing,36-45,48.54584874527424
8161,14.291456391490879,Outgoing,56-65,65.69255825916697
8162,19.38913015619563,Outgoing,36-45,49.991615921086144
8163,18.953796561162648,Outgoing,36-45,51.23874043035301
8164,14.889849637415297,Outgoing,56-65,45.50279272234359
8165,6.159344836466408,Incoming,56-65,40.01286335690522
8166,29.964052850303204,Incoming,18-25,67.8848174263986
8167,23.72929485136568,Outgoing,26-35,64.84804135688393
8168,18.613374124441492,Outgoing,36-45,90.90559835332101
8169,11.233981092045147,Outgoing,26-35,62.21128596778506
8170,14.432039191490176,Outgoing,26-35,40.03171356385074
8171,12.282897851117415,Incoming,46-55,31.906973817796207
8172,21.319279695481942,Outgoing,18-25,69.05890521423233
8173,16.31251445425917,Outgoing,36-45,33.7002623137978
8174,11.079180708200836,Outgoing,56-65,66.19473373044141
8175,12.64622450437609,Outgoing,56-65,34.80172012214772
8176,20.605940712849524,Incoming,26-35,56.98316767574561
8177,23.00048923410239,Outgoing,18-25,28.804975702672756
8178,22.641657817431227,Incoming,18-25,65.59770708664162
8179,18.78516032526989,Incoming,36-45,25.32656688981502
8180,13.736875655986816,Outgoing,36-45,55.45914659013403
8181,0.0,Outgoing,26-35,46.04320131545976
8182,16.48580011904111,Outgoing,26-35,52.0361287445252
8183,14.990856205779497,Outgoing,26-35,42.083923316767326
8184,15.699910481606768,Outgoing,46-55,41.61480105258018
8185,15.269486735166032,Incoming,18-25,53.095624080195435
8186,8.368689190254216,Incoming,26-35,29.957232438202965
8187,17.787042784255927,Incoming,18-25,29.839558766666467
8188,18.16108157015925,Incoming,56-65,42.829010007231766
8189,18.411693910298297,Incoming,56-65,42.05059720561985
8190,19.732885017866934,Outgoing,18-25,29.89207072391251
8191,18.020258224608117,Outgoing,56-65,68.4842938582933
8192,12.949852942305446,Incoming,56-65,43.3105316313679
8193,14.645815760419548,Outgoing,56-65,45.466755940077775
8194,15.455624336266885,Outgoing,36-45,23.44943348060907
8195,15.538497245533092,Incoming,36-45,91.43271709224238
8196,19.991088279858648,Incoming,18-25,98.54134791109826
8197,18.218343765112454,Incoming,18-25,34.39202843191303
8198,25.386717197849766,Outgoing,46-55,74.52172762338195
8199,26.03234489942336,Incoming,36-45,48.16373232524819
8200,15.398247913069625,Incoming,18-25,82.07539185626212
8201,0.0,Outgoing,36-45,56.724661728007725
8202,21.184162330636333,Outgoing,46-55,51.99524337534798
8203,12.298118305064728,Incoming,18-25,0.014609207628367926
8204,10.992580390844966,Outgoing,18-25,32.427880531466336
8205,13.007773625053165,Incoming,18-25,50.41041339149886
8206,12.766784765926968,Outgoing,18-25,53.973325054079574
8207,18.061349050526964,Incoming,26-35,25.70332572125231
8208,7.202821104368873,Outgoing,36-45,35.42456942647442
8209,9.611396271041992,Outgoing,36-45,61.06894034501639
8210,16.715792770987083,Outgoing,36-45,22.33578540533285
8211,18.11472015206654,Incoming,46-55,52.67459447447079
8212,18.20770822468006,Incoming,26-35,74.7590706297811
8213,11.064818605333505,Incoming,36-45,57.70939258223641
8214,10.1086717536688,Outgoing,36-45,56.70973486331954
8215,12.466825831060405,Outgoing,18-25,9.596971016444726
8216,16.199363761423626,Outgoing,18-25,33.56174447164207
8217,22.427386846362747,Incoming,18-25,91.0840366718208
8218,4.7628140711462486,Outgoing,36-45,38.01676164908136
8219,13.896356215208167,Incoming,18-25,75.28952419094136
8220,8.33660779487398,Incoming,36-45,37.783182212874344
8221,6.738786613232552,Incoming,46-55,44.44358996981074
8222,19.834783226724085,Incoming,46-55,60.31173690707037
8223,17.723122872496692,Incoming,56-65,52.013860319880195
8224,17.24716757973631,Outgoing,26-35,57.630249020021594
8225,19.605129198654968,Outgoing,18-25,33.63219490546025
8226,12.60140551616932,Outgoing,18-25,27.274596210624868
8227,12.836812418332359,Outgoing,26-35,32.28256771218997
8228,25.928653083612872,Outgoing,26-35,39.35363717075266
8229,13.767144728702128,Outgoing,56-65,45.41437235885178
8230,18.675660565270455,Incoming,26-35,70.74550761279642
8231,15.031907704816575,Outgoing,36-45,51.74682912050096
8232,5.758707349607924,Incoming,18-25,59.691942050171704
8233,4.776854980993658,Incoming,26-35,52.83202025160264
8234,12.105078900300477,Incoming,36-45,27.69131492942448
8235,20.280506258349945,Incoming,26-35,50.34539052011298
8236,18.94145828318002,Incoming,36-45,52.615642203830724
8237,19.57038582112017,Outgoing,46-55,65.19846442682615
8238,10.064769105318423,Outgoing,36-45,28.628238607130704
8239,23.07936245061157,Outgoing,56-65,9.191782697032792
8240,10.175533499068077,Incoming,36-45,53.525276303409946
8241,16.064121993349843,Outgoing,26-35,57.07700003176761
8242,14.948238550461317,Outgoing,46-55,46.41230387365904
8243,14.130630898427068,Incoming,46-55,50.56041801453582
8244,21.692960691478035,Incoming,36-45,67.5754475716561
8245,11.474447399170197,Outgoing,26-35,40.82388846944983
8246,8.25197372144036,Incoming,46-55,44.42718315682842
8247,15.099977431032096,Incoming,36-45,51.58072889227664
8248,13.000866328567367,Incoming,36-45,25.603706416613147
8249,31.88691459541323,Outgoing,36-45,46.962055499044915
8250,18.382537382199875,Incoming,46-55,48.72513365331588
8251,12.953297123906879,Incoming,18-25,82.74084428640549
8252,9.719442154064566,Incoming,26-35,44.037686847430784
8253,5.598557947156076,Incoming,56-65,54.00022479888934
8254,9.873904571312835,Incoming,56-65,68.37235210779485
8255,15.574708858795658,Outgoing,26-35,33.25030549379144
8256,22.136643257973848,Outgoing,18-25,77.51480773752333
8257,20.608445711939595,Incoming,26-35,85.27740464114555
8258,16.1454741582319,Incoming,36-45,49.422074247026494
8259,13.384161671487577,Outgoing,26-35,39.2114787708124
8260,16.34406178206077,Outgoing,26-35,82.54238848780776
8261,12.40681001257712,Incoming,46-55,65.91261745536296
8262,23.59181997881938,Incoming,56-65,51.639384093276725
8263,14.0540490936246,Outgoing,56-65,78.53687639231404
8264,14.568310708766365,Incoming,36-45,76.41984377098639
8265,3.9208878748966587,Incoming,36-45,43.27486092083554
8266,14.02282576738618,Outgoing,46-55,54.974597065983
8267,19.182420689824706,Outgoing,36-45,61.53584975851913
8268,9.661387114807274,Outgoing,18-25,50.574600597757026
8269,11.246398327535935,Outgoing,46-55,22.18258818191439
8270,18.963555088668322,Incoming,46-55,31.234809926035073
8271,7.616713882409734,Incoming,26-35,22.834744290795456
8272,20.289005037709593,Incoming,26-35,59.858486060480075
8273,12.33928054913449,Incoming,18-25,26.312953657525114
8274,13.057158897543985,Outgoing,46-55,53.8483614163486
8275,9.38060797437203,Outgoing,46-55,86.63807652550315
8276,16.890231302139416,Incoming,26-35,78.55540369824293
8277,27.299359925146902,Incoming,56-65,13.251667061320425
8278,18.90748619730316,Incoming,56-65,24.425970584579876
8279,10.67857369029732,Outgoing,26-35,34.469671516402826
8280,20.67810292745738,Outgoing,36-45,26.619526215612645
8281,13.416602270328752,Outgoing,46-55,16.92371245356533
8282,21.8724249071378,Incoming,18-25,49.78319320549519
8283,19.033382010821814,Incoming,56-65,64.10201098833127
8284,0.284292172641333,Incoming,36-45,69.08068077445775
8285,9.979601835224862,Outgoing,46-55,40.51047658512381
8286,19.72192611417695,Incoming,36-45,44.56192599368817
8287,15.758286360725087,Outgoing,46-55,57.11354490249511
8288,9.881220261460747,Incoming,46-55,47.83028876321702
8289,11.832052422530936,Incoming,26-35,66.21213552191604
8290,5.468816899553097,Outgoing,26-35,58.60729725669027
8291,14.55813356236802,Outgoing,18-25,42.473911529719416
8292,26.053448630078822,Incoming,18-25,12.867273766931135
8293,19.02466695366163,Outgoing,36-45,79.98063210963987
8294,25.952085005942116,Outgoing,26-35,36.278354211113566
8295,19.4119854489499,Outgoing,46-55,57.151172914605205
8296,20.137396716763458,Outgoing,26-35,11.66816662561805
8297,24.870393438725117,Outgoing,46-55,49.773668332283904
8298,16.886316296711133,Incoming,26-35,52.00523921724398
8299,14.0638633924656,Incoming,46-55,52.97204145095324
8300,20.163287583110062,Incoming,36-45,110.27586565435993
8301,22.269201185609425,Incoming,26-35,37.37763252413134
8302,12.600176786438954,Outgoing,56-65,66.41328453913385
8303,11.392154588299853,Incoming,56-65,60.464649044187546
8304,15.694280162154401,Outgoing,46-55,36.427220146648274
8305,19.15749433465831,Incoming,36-45,66.1133880636186
8306,18.990455243307807,Incoming,46-55,46.71358126138395
8307,7.8791619990620045,Outgoing,36-45,67.50486435153438
8308,24.55803033531661,Incoming,18-25,89.21925246843429
8309,11.794175353015747,Incoming,26-35,53.015977812681996
8310,13.674675015557103,Incoming,36-45,44.37749541863098
8311,10.486728200060902,Incoming,46-55,71.03112367620827
8312,28.491644179685437,Incoming,18-25,77.93306331868683
8313,16.210353351439835,Incoming,46-55,32.334849212159014
8314,10.745124596592175,Incoming,56-65,40.94085820923849
8315,19.31961774981223,Outgoing,56-65,63.50846543682524
8316,18.845678896550165,Incoming,26-35,47.359359791705614
8317,14.06136488210058,Incoming,26-35,30.913359740264262
8318,19.203033563916918,Incoming,18-25,60.813896557907896
8319,10.873540195845678,Incoming,56-65,63.42979431413545
8320,12.535408625253739,Incoming,36-45,43.312284882060496
8321,4.948916727169685,Incoming,56-65,51.22697530662474
8322,8.380244578902186,Outgoing,26-35,38.46853862107762
8323,24.03815402835343,Incoming,46-55,28.09525148176055
8324,23.20714313861157,Incoming,18-25,40.05870786743627
8325,15.328943243244813,Outgoing,56-65,51.478647003518134
8326,23.314657235949188,Outgoing,36-45,20.49821557061407
8327,14.199627566958476,Incoming,36-45,41.51974137495682
8328,13.78294848716046,Incoming,36-45,51.756602611854774
8329,15.282553242327781,Incoming,18-25,73.89319820249735
8330,14.375392023382172,Outgoing,36-45,43.74815290398938
8331,13.924018382199097,Outgoing,36-45,25.081952997815556
8332,20.71699053574776,Incoming,56-65,45.80679974604542
8333,15.750678269781016,Incoming,18-25,38.6686139181982
8334,18.562408822169022,Outgoing,46-55,61.043571101147265
8335,20.156902626386653,Outgoing,46-55,43.241893472755415
8336,16.940928978273668,Outgoing,36-45,0.0
8337,10.148643370458807,Outgoing,26-35,123.8324900239561
8338,8.235670555179805,Incoming,18-25,52.847265831818596
8339,15.743903174036525,Outgoing,26-35,51.78383020617158
8340,14.143718475875328,Outgoing,18-25,19.17180056005936
8341,15.436957144600608,Incoming,18-25,20.708614680767763
8342,14.919729803757068,Outgoing,56-65,48.16102084653935
8343,27.917868300832836,Incoming,36-45,56.7234266462328
8344,8.348868721793309,Outgoing,56-65,64.04228278353504
8345,5.050268650894376,Incoming,26-35,54.74875314636521
8346,16.66188416759805,Outgoing,26-35,26.28115593663731
8347,13.117887227059024,Incoming,46-55,0.0
8348,16.580339348649755,Incoming,56-65,47.9955530124359
8349,17.919415111420005,Outgoing,56-65,39.32050658781744
8350,21.420523475894488,Incoming,56-65,24.7485655177543
8351,7.463870898080308,Incoming,46-55,66.56116448211252
8352,12.216410510714185,Outgoing,56-65,18.488465016400234
8353,17.14380629440382,Incoming,56-65,62.33937678913165
8354,18.852317978436133,Incoming,56-65,21.79724049965037
8355,25.967247751441928,Outgoing,56-65,52.68177371166662
8356,19.778519855569336,Outgoing,26-35,68.67948644037244
8357,14.716057020568615,Incoming,36-45,43.241333687954516
8358,10.547821235286692,Incoming,26-35,83.79839669013643
8359,12.178550736404905,Incoming,56-65,88.35772651187008
8360,12.036485885214468,Incoming,18-25,54.74350000039311
8361,18.276168142568803,Incoming,18-25,60.82770741180546
8362,16.284987227929154,Outgoing,46-55,71.21417732633039
8363,8.381752145789106,Incoming,26-35,60.888527449709784
8364,12.820492654547834,Outgoing,46-55,58.744864351970875
8365,19.387737767257104,Outgoing,46-55,39.518611944478245
8366,16.758311774870293,Outgoing,18-25,16.252876496445758
8367,17.84322308006385,Outgoing,26-35,22.19809173501046
8368,16.914608550286314,Incoming,36-45,97.64734717523038
8369,23.132153673044296,Incoming,26-35,56.449179156100016
8370,16.18021531912185,Incoming,46-55,45.086330372173364
8371,13.06988601064651,Outgoing,56-65,75.26654518235819
8372,10.421224794332197,Outgoing,46-55,35.010840542763404
8373,16.248047291048557,Incoming,26-35,61.662165348263756
8374,2.7964799261245794,Outgoing,18-25,51.54384067120076
8375,14.078554990836441,Incoming,26-35,59.20055002207205
8376,13.97080070039328,Outgoing,36-45,43.27180261412287
8377,8.177645731913596,Outgoing,56-65,30.70611385419239
8378,10.35867080672002,Outgoing,56-65,33.54257853720716
8379,19.048287650741205,Outgoing,46-55,34.32231595479405
8380,16.153558745374813,Outgoing,26-35,49.94059375355689
8381,15.508941668536638,Outgoing,18-25,18.877296390521142
8382,16.531737669660114,Outgoing,36-45,25.051427699558143
8383,15.463137939744618,Incoming,46-55,52.710485950584044
8384,21.214312814291574,Incoming,26-35,47.4464991117217
8385,15.617145908518244,Outgoing,18-25,53.80463068513397
8386,7.708934430906248,Outgoing,26-35,49.099129313337826
8387,23.150649824372053,Incoming,18-25,100.37900413776427
8388,16.85170133664423,Outgoing,26-35,52.53476867981747
8389,12.053731346024662,Incoming,26-35,42.418407010254484
8390,8.732991408524907,Incoming,46-55,52.022635707230194
8391,16.979571104790228,Incoming,26-35,70.3991008502066
8392,14.414139975128123,Incoming,26-35,49.0074322124507
8393,22.870733930162043,Incoming,46-55,63.694567172724916
8394,13.270463596665861,Outgoing,46-55,57.920919288044324
8395,10.813096051587666,Outgoing,56-65,44.191688463147116
8396,19.47898109117964,Incoming,56-65,52.21751597763904
8397,19.626409463584157,Outgoing,46-55,81.97844228384152
8398,15.843256838050978,Incoming,36-45,54.86156590075929
8399,18.38178523837454,Outgoing,18-25,30.279579516578593
8400,14.81156439628881,Outgoing,46-55,43.609791457342496
8401,16.169325505046235,Outgoing,56-65,7.715055005343892
8402,20.824954412819615,Outgoing,26-35,52.7479741350576
8403,18.126591670107516,Outgoing,46-55,76.24124687565627
8404,14.153627808336877,Outgoing,46-55,23.17188463732292
8405,21.761812729630755,Outgoing,56-65,52.994654690160985
8406,3.175723136042439,Outgoing,56-65,69.70863611738574
8407,25.260366557109677,Incoming,36-45,71.82277266392968
8408,6.470204525546324,Incoming,56-65,75.59602344551662
8409,11.86453587613852,Outgoing,56-65,12.634923373089933
8410,14.795412324024655,Outgoing,56-65,60.0986190922362
8411,14.267596646359193,Outgoing,26-35,19.888696298107895
8412,20.032055200132774,Incoming,46-55,30.033357268550574
8413,9.710816906948828,Outgoing,46-55,66.42244519217013
8414,16.303834087415318,Outgoing,56-65,53.16094243703234
8415,12.10893950890123,Incoming,36-45,64.52672148478747
8416,16.475704896687084,Incoming,56-65,31.41766790396603
8417,14.676138701010618,Incoming,36-45,79.47206220325754
8418,15.46467826341489,Outgoing,46-55,63.766678676821016
8419,12.250375837678272,Incoming,36-45,67.7859623858692
8420,12.449680249519588,Outgoing,36-45,28.396664477697282
8421,16.436362570137135,Incoming,18-25,73.42802480425237
8422,19.718577528780223,Outgoing,36-45,43.67676846719194
8423,12.00860332901076,Outgoing,36-45,37.775474597092185
8424,10.65616227713545,Outgoing,26-35,62.50927080091323
8425,18.067300828359187,Incoming,46-55,61.66423549575878
8426,14.837480534711553,Outgoing,56-65,33.063623044853244
8427,19.15249066992976,Outgoing,18-25,91.1260202038504
8428,10.471013933144262,Outgoing,36-45,86.2870115277955
8429,6.102805372882846,Incoming,26-35,62.10070281623539
8430,12.334979590868329,Outgoing,26-35,58.60806845463377
8431,11.16823695367492,Outgoing,56-65,56.595724525205924
8432,14.6060579995985,Outgoing,56-65,19.00006747962657
8433,11.815773928648053,Outgoing,46-55,52.25614775842926
8434,18.705084756682247,Incoming,36-45,51.99083163791496
8435,13.559248687887418,Outgoing,26-35,38.47976627523238
8436,15.752372493869505,Incoming,18-25,43.81301655996831
8437,15.788172792204719,Incoming,46-55,2.3741521056905412
8438,15.974775462060936,Outgoing,36-45,28.054541397500174
8439,14.879354447725133,Incoming,56-65,68.4365258301458
8440,17.553003452051566,Incoming,36-45,84.62393803278721
8441,11.021724330870963,Incoming,56-65,31.13238629408458
8442,21.997089633269415,Outgoing,36-45,53.65697309951878
8443,13.817313083157323,Incoming,18-25,71.96764658794635
8444,8.442254310506591,Incoming,46-55,39.59569948210492
8445,15.940366784958865,Outgoing,56-65,63.52496354469231
8446,10.744097587762575,Outgoing,18-25,49.32420608839679
8447,18.326672672544376,Incoming,26-35,73.80803976850697
8448,26.04802788021189,Incoming,18-25,24.350985206627534
8449,11.06713954221075,Incoming,18-25,27.908467424646936
8450,16.661861666119925,Outgoing,18-25,55.59078337885622
8451,6.222472056476862,Incoming,56-65,51.92412199800873
8452,17.269526147206737,Outgoing,26-35,48.8735220701334
8453,10.57143100100155,Incoming,46-55,61.51668320408966
8454,11.875826907827587,Incoming,18-25,31.387008708845276
8455,9.49356755080086,Outgoing,56-65,22.61128776757143
8456,18.660756130273676,Incoming,56-65,39.997837839425486
8457,20.03652178736631,Outgoing,46-55,42.23442882603803
8458,15.116926073292538,Incoming,36-45,44.32505637884178
8459,10.677866473321401,Outgoing,26-35,75.38091422707754
8460,22.947615180519314,Outgoing,26-35,65.40834493598419
8461,11.24794936122672,Incoming,18-25,60.66479738310858
8462,4.189838500362805,Outgoing,36-45,54.43999189258622
8463,17.29194504978534,Incoming,26-35,41.316230885688896
8464,9.476126631792416,Outgoing,18-25,32.921096864331105
8465,19.943043967495875,Outgoing,36-45,26.05685158615958
8466,13.094311516632906,Outgoing,56-65,36.10986299058649
8467,18.01856620272098,Incoming,18-25,49.141560232780236
8468,22.00750173276079,Outgoing,36-45,26.90031599634667
8469,8.95570567689639,Outgoing,46-55,53.39039515473218
8470,12.170314345537973,Outgoing,26-35,46.1112374552871
8471,14.621644636714683,Incoming,18-25,42.054031769135946
8472,22.687756595171717,Incoming,56-65,73.23065802423274
8473,11.708086410297772,Outgoing,18-25,0.7876275555453702
8474,12.027481520254964,Outgoing,26-35,42.325409094301406
8475,17.39070287777904,Incoming,26-35,2.9512510874104407
8476,12.113856371447145,Outgoing,36-45,54.771253458588845
8477,15.762629414488083,Outgoing,56-65,65.24363166397852
8478,7.242312895159366,Outgoing,36-45,22.97787591572397
8479,26.071649712782982,Outgoing,56-65,25.538848322172193
8480,8.261453848452984,Outgoing,18-25,16.034003365790888
8481,13.391236480048958,Outgoing,18-25,51.27283985426335
8482,14.837594820789526,Incoming,36-45,43.18423447591945
8483,24.56344067178398,Outgoing,46-55,44.42690539216813
8484,8.3757710953363,Outgoing,26-35,42.64056721028237
8485,24.918520677393758,Incoming,36-45,30.52801871264122
8486,18.785884105510114,Incoming,36-45,72.63748047792073
8487,17.085476622116232,Incoming,18-25,55.446813602632545
8488,10.076831564910222,Incoming,26-35,26.306729264447917
8489,17.85570621019037,Outgoing,36-45,35.98906368334997
8490,11.382566887901,Incoming,18-25,32.55862451065049
8491,21.33330626599206,Outgoing,18-25,78.11855806946123
8492,10.144689854461333,Incoming,36-45,64.2243854536573
8493,14.43420752771958,Incoming,36-45,47.47021086154894
8494,12.223634559934142,Incoming,18-25,84.14442369907718
8495,10.062385187865026,Outgoing,36-45,79.04087190398369
8496,18.706599084539572,Incoming,26-35,45.3857821171646
8497,17.677293737048167,Incoming,18-25,41.78869355752381
8498,21.045050994504987,Incoming,18-25,42.752720882053026
8499,6.100624458959164,Outgoing,36-45,30.945068080621386
8500,20.32085351170522,Outgoing,36-45,84.67948896934325
8501,27.527244526784468,Incoming,36-45,29.871749938822454
8502,12.741794554115266,Outgoing,26-35,67.3660863085488
8503,24.47574306054485,Incoming,18-25,63.810862618176586
8504,13.684193639700867,Outgoing,46-55,43.90268043552868
8505,8.137951312193465,Incoming,26-35,86.200902073289
8506,13.471837787966022,Outgoing,26-35,18.818073578369436
8507,20.24101983837638,Incoming,18-25,48.406173980422196
8508,10.809117588342342,Outgoing,46-55,40.219196701189915
8509,11.998306704967565,Outgoing,18-25,69.21186300541706
8510,17.967697161465953,Incoming,26-35,57.07131728750336
8511,15.015300583692865,Incoming,36-45,15.454096426670148
8512,17.923114762433705,Outgoing,18-25,74.78958887492905
8513,16.18914770379168,Incoming,18-25,59.70923445849135
8514,17.398126597757866,Incoming,36-45,29.290162760741385
8515,12.838494070952294,Incoming,46-55,43.00641790427215
8516,16.158654710151964,Incoming,46-55,24.002301700558355
8517,10.363134971520331,Outgoing,18-25,46.5832394876704
8518,21.442168112516942,Incoming,36-45,53.00235934719646
8519,11.828626415913432,Outgoing,18-25,43.30705682732103
8520,20.64423743774695,Outgoing,36-45,40.99071000254291
8521,13.831965195085672,Incoming,26-35,17.745192618976425
8522,16.009995053786607,Incoming,36-45,56.74482923006416
8523,12.525177245546496,Outgoing,18-25,11.510908062740945
8524,9.920022844159854,Incoming,56-65,50.62159036474524
8525,6.276198061973492,Incoming,46-55,14.016883519350777
8526,9.723379207037702,Outgoing,18-25,51.010097809725735
8527,13.38045573392039,Outgoing,36-45,49.87761990824503
8528,16.05939589414442,Outgoing,36-45,58.06689935357081
8529,20.051896566416318,Incoming,46-55,67.24571433603185
8530,12.771212701015756,Incoming,18-25,70.95176844501876
8531,10.59019617866413,Outgoing,56-65,17.799148012481403
8532,7.786426069986438,Outgoing,26-35,48.83587893733839
8533,17.400318089520518,Incoming,56-65,90.21881769120108
8534,21.915972576646716,Incoming,26-35,52.38201136995414
8535,21.331651339781445,Incoming,26-35,33.37303719397373
8536,18.549663740736186,Outgoing,18-25,48.405977471213276
8537,18.192716586337994,Incoming,26-35,42.32668119371878
8538,23.488118898546706,Incoming,36-45,26.47083685735692
8539,16.660407307084053,Outgoing,26-35,67.38208376414016
8540,18.230648380120858,Incoming,26-35,61.68705116550724
8541,13.396080690740005,Outgoing,46-55,23.30981855775744
8542,8.189783145726214,Incoming,46-55,48.13450832366196
8543,11.580755497502118,Outgoing,18-25,38.670727016357546
8544,14.954204807326724,Outgoing,18-25,17.968149709500658
8545,15.303926862506515,Outgoing,36-45,21.703610850480292
8546,24.631429274276968,Incoming,46-55,24.68080352399336
8547,15.406385837955343,Incoming,56-65,48.83140493114406
8548,20.89421722012822,Incoming,18-25,40.84093999593287
8549,12.82461379211842,Incoming,18-25,30.816240758081733
8550,13.441620571173829,Outgoing,46-55,42.16233940758098
8551,8.35496181388276,Incoming,46-55,64.95069943690955
8552,11.288359935617141,Incoming,36-45,57.13392194544112
8553,17.634906956818767,Outgoing,46-55,70.03737615243806
8554,15.037800901970666,Outgoing,26-35,45.433742705615025
8555,19.71469309948617,Outgoing,56-65,82.05114381363288
8556,15.906269741725252,Outgoing,26-35,56.96159767396984
8557,13.23773134181129,Incoming,26-35,40.221651533172185
8558,25.741484318934795,Outgoing,26-35,51.859036193807384
8559,14.530482156434765,Incoming,18-25,25.038480948203656
8560,20.81500484852652,Incoming,26-35,43.876297275044614
8561,12.993953967276612,Outgoing,18-25,58.59948460453216
8562,18.547997396917832,Outgoing,46-55,62.23339016197178
8563,19.640078295758435,Outgoing,56-65,41.796755543376065
8564,16.042459852877904,Outgoing,56-65,104.6778085504527
8565,3.2275853865169886,Outgoing,26-35,46.55584513689423
8566,15.091262304280566,Incoming,56-65,16.43211915713693
8567,21.152300238799878,Outgoing,18-25,74.26534384016996
8568,17.63740416513865,Incoming,46-55,62.14254607699354
8569,17.229194376146232,Outgoing,26-35,54.633776419105004
8570,6.3887153302124045,Incoming,36-45,40.70158217816444
8571,11.397724646624706,Incoming,56-65,57.86693032052883
8572,17.056788155757197,Incoming,56-65,82.38032491995261
8573,17.05191638393446,Outgoing,26-35,54.032658746802916
8574,21.07333390066451,Outgoing,56-65,20.59932826378148
8575,14.275666224269528,Outgoing,56-65,0.0
8576,17.029120433369073,Incoming,36-45,57.691191212767706
8577,15.081871209656468,Incoming,18-25,30.281729174797842
8578,10.065286317492216,Outgoing,26-35,48.00574565208392
8579,3.7210433445262616,Outgoing,26-35,33.81844753973202
8580,17.155048460650384,Incoming,36-45,32.381820316068044
8581,15.869736042064057,Incoming,36-45,34.69451733427466
8582,11.909124789499156,Outgoing,18-25,36.50249280166868
8583,6.904134717420675,Outgoing,46-55,65.52471976965671
8584,18.14869757204369,Outgoing,26-35,61.47287586273169
8585,13.67039962902224,Incoming,56-65,25.840223543776535
8586,17.784373611840728,Incoming,18-25,28.56530547265983
8587,24.32024265205879,Outgoing,26-35,57.58243808938745
8588,4.292845598401476,Outgoing,18-25,71.05004730871043
8589,11.50199595648818,Outgoing,46-55,70.74282719828251
8590,13.953121933440434,Outgoing,26-35,29.941823184395368
8591,22.274130870733252,Outgoing,56-65,69.7862286380045
8592,6.8179849039675755,Incoming,26-35,14.474607313622997
8593,24.679305128403023,Outgoing,18-25,45.942311659799216
8594,15.679279507831453,Incoming,46-55,59.74052885217306
8595,14.519996691330709,Incoming,18-25,8.42389973916697
8596,14.009701183905468,Incoming,18-25,91.85713848170924
8597,12.818684839099856,Incoming,36-45,76.53390365953231
8598,20.240583796345774,Incoming,18-25,62.94007944721178
8599,9.657396229587807,Incoming,46-55,30.699435848701572
8600,16.727070908219268,Incoming,56-65,48.637927508457345
8601,13.079091671465122,Incoming,36-45,65.80840339526044
8602,11.189332757429511,Outgoing,18-25,27.54676866000372
8603,27.92987587841948,Outgoing,26-35,46.39051537523966
8604,17.0952536737673,Outgoing,36-45,68.20767699621965
8605,18.06632772330572,Outgoing,46-55,20.108099964539
8606,20.68888390334331,Outgoing,26-35,56.6484942204091
8607,7.893250273407264,Incoming,46-55,14.904607407576393
8608,23.76145954561016,Incoming,26-35,31.12306488842693
8609,2.455214107524622,Incoming,56-65,39.90814788647811
8610,11.156167949807397,Incoming,46-55,60.27111225437557
8611,12.704841634105499,Incoming,26-35,35.98421794987593
8612,17.90861682485253,Outgoing,46-55,52.51096782658302
8613,16.09359133070744,Outgoing,36-45,36.255437243835345
8614,14.165926296508033,Incoming,46-55,39.38766455769696
8615,14.94001327686138,Outgoing,46-55,75.01323015572298
8616,10.10988488238716,Outgoing,26-35,26.995436435155227
8617,7.513838027579133,Outgoing,46-55,65.1830794789437
8618,18.6325581116803,Outgoing,56-65,49.97872229050036
8619,18.468530562680925,Outgoing,18-25,38.48892622184019
8620,22.92247187578529,Incoming,36-45,25.64954335179764
8621,11.049914515923959,Outgoing,26-35,27.075273858018175
8622,18.464076051504613,Outgoing,46-55,35.227099504841064
8623,13.58146635817634,Incoming,46-55,46.998911855577155
8624,20.952374925967412,Incoming,46-55,62.07019272312803
8625,20.109813883390707,Incoming,36-45,43.99521480155275
8626,16.056046996122284,Incoming,18-25,45.33378296235562
8627,13.302349216670066,Incoming,56-65,48.3201955335539
8628,19.80466089304131,Incoming,56-65,59.535553828774574
8629,18.234522616282828,Incoming,26-35,62.8960563839302
8630,11.577797989569087,Incoming,18-25,22.260690488563043
8631,8.361006632602844,Outgoing,18-25,44.35850580513377
8632,13.557335496591019,Incoming,36-45,74.54808034695843
8633,22.577069076741047,Incoming,46-55,23.677600925600913
8634,20.73243579366519,Outgoing,18-25,51.486257808979175
8635,9.438362651647097,Incoming,46-55,46.583119924064384
8636,9.161212920500395,Incoming,36-45,38.66648820126777
8637,21.373419248397433,Incoming,26-35,81.81565302086716
8638,9.321820476210855,Incoming,26-35,50.73671617735749
8639,17.54647661821004,Outgoing,46-55,80.22290143888628
8640,11.919643923318382,Outgoing,46-55,50.1125441048882
8641,23.085224622608415,Incoming,18-25,59.205117786354634
8642,11.147876004310605,Outgoing,36-45,38.45556982146039
8643,20.716807651029143,Outgoing,26-35,38.678126494044925
8644,15.924293270301824,Outgoing,18-25,58.186950604977206
8645,16.260974271171435,Outgoing,56-65,58.55394915267182
8646,5.148457093242996,Outgoing,18-25,61.959741331837094
8647,3.9854332339714063,Outgoing,46-55,57.53356573909151
8648,13.897170298663431,Incoming,56-65,23.271581459918306
8649,16.23453031708306,Incoming,18-25,33.87262646575169
8650,9.374010861311383,Outgoing,36-45,66.9988577229739
8651,9.55653294761829,Outgoing,26-35,10.830692691933251
8652,17.807363149130666,Outgoing,56-65,55.85214483011207
8653,17.814272402285653,Incoming,36-45,47.76239801861637
8654,14.311294698060365,Incoming,18-25,66.99163734944719
8655,18.901008605930375,Incoming,46-55,58.332423721415104
8656,9.128988521399268,Incoming,46-55,36.72039440583076
8657,13.220325414565146,Incoming,36-45,35.812999233966735
8658,23.239388028918366,Incoming,46-55,39.544330540061615
8659,15.341610649699088,Outgoing,26-35,61.601260947412555
8660,15.631562572934996,Incoming,36-45,3.95572640889511
8661,26.529732929838698,Incoming,36-45,53.147588887141225
8662,8.003289170756146,Incoming,46-55,32.33930825545265
8663,18.98215183321055,Outgoing,36-45,53.81670595614514
8664,23.3199313990405,Incoming,18-25,56.88995573006738
8665,13.375710367507269,Outgoing,56-65,16.753468341426256
8666,19.298153934274232,Outgoing,56-65,45.46267145998738
8667,10.089902513945475,Incoming,46-55,53.111407136004935
8668,11.566338022163242,Incoming,26-35,51.759001905502956
8669,16.924832080238172,Incoming,26-35,47.5559809376807
8670,18.99283336555295,Outgoing,46-55,25.582249603719767
8671,20.60468256203123,Incoming,46-55,28.627439387069163
8672,22.848142934697464,Outgoing,36-45,22.43905354492299
8673,14.662767207224089,Outgoing,26-35,61.080911416795075
8674,20.96805877586294,Incoming,56-65,47.688583163867975
8675,13.288475782754254,Incoming,46-55,48.96493521414574
8676,19.51045655794134,Incoming,56-65,15.890131123102115
8677,16.037443989260908,Outgoing,56-65,49.32794405477589
8678,17.22838953540962,Incoming,26-35,62.672741439653656
8679,17.117539370110187,Outgoing,56-65,13.163208508514415
8680,6.976474951010939,Incoming,36-45,39.29187482510059
8681,9.379390705696133,Outgoing,36-45,18.59301736910389
8682,15.512707199087613,Incoming,26-35,41.594358505402255
8683,6.563604601794157,Incoming,36-45,31.98016204858154
8684,19.15605551599878,Outgoing,46-55,57.61817667283206
8685,19.35777983144071,Outgoing,26-35,53.384791268527835
8686,16.63585276438895,Incoming,56-65,75.83008811268088
8687,9.39432993621039,Outgoing,46-55,48.91844301399013
8688,21.900694694342576,Outgoing,26-35,56.76975604208547
8689,25.18605319859179,Outgoing,56-65,38.845850367030444
8690,15.73538413722987,Outgoing,56-65,27.938706975428424
8691,17.55267689225618,Incoming,56-65,66.69524869380173
8692,16.00869327398022,Outgoing,56-65,74.86510107094159
8693,17.651845944993998,Incoming,56-65,64.11311398476505
8694,14.40220621686802,Incoming,26-35,52.62456246259065
8695,14.827178800780983,Incoming,36-45,30.518128910294475
8696,19.528588002486828,Outgoing,56-65,72.83256346853892
8697,26.728120809482203,Incoming,46-55,61.590186312740244
8698,7.9996438279913065,Incoming,26-35,90.49757218658891
8699,14.480937577985166,Incoming,18-25,26.91152099520187
8700,9.09769757383959,Incoming,36-45,67.2513300249476
8701,22.960124492880418,Incoming,46-55,60.98213009749596
8702,12.061310153400509,Outgoing,56-65,43.15945599503888
8703,7.78399603107103,Incoming,26-35,77.27669760406208
8704,18.190934994242866,Outgoing,26-35,58.04690296849096
8705,23.721555573715555,Incoming,56-65,31.262139430766926
8706,18.317989342803813,Incoming,46-55,47.63321967451181
8707,16.023989386409585,Outgoing,26-35,31.022823857937748
8708,17.04570461387997,Outgoing,36-45,40.629685692289726
8709,22.07420331412777,Incoming,46-55,64.07652307079465
8710,10.62900364992925,Incoming,56-65,69.78548090468432
8711,14.440764479568434,Incoming,46-55,54.4242466757873
8712,12.736549257452333,Incoming,46-55,34.99850246820936
8713,9.16067346354145,Incoming,18-25,57.632168407907145
8714,13.358123702915988,Outgoing,56-65,64.46799275915274
8715,20.538605479912242,Incoming,36-45,10.557765095205646
8716,17.833010741963626,Incoming,56-65,52.32957550061835
8717,18.221552500541,Outgoing,18-25,46.19620403201338
8718,15.73237805826659,Outgoing,56-65,69.07422510819144
8719,17.61661891364294,Incoming,56-65,57.71378329722998
8720,10.997048288259473,Outgoing,36-45,59.68703402945572
8721,13.452450570363855,Outgoing,18-25,40.36178067238076
8722,15.960021184843384,Outgoing,56-65,50.03303434264872
8723,16.387579294409452,Incoming,56-65,68.87369939607777
8724,16.600939274609367,Incoming,26-35,48.70240534059447
8725,14.30832358991811,Incoming,56-65,53.49339111463148
8726,13.112882994348352,Outgoing,36-45,19.280854031158682
8727,30.78885641522149,Incoming,26-35,48.62919927345569
8728,19.533936364661994,Incoming,18-25,9.760000637877809
8729,17.065737379763114,Outgoing,46-55,39.677102612834865
8730,13.83395750896803,Incoming,36-45,51.270311154537985
8731,12.743905865280617,Outgoing,18-25,65.3406158896914
8732,14.345997031365222,Outgoing,26-35,30.01680113096048
8733,16.464144217933416,Outgoing,46-55,57.47368286940204
8734,5.597822279684593,Outgoing,18-25,79.36986808724257
8735,7.153052023126581,Incoming,36-45,37.18512268568755
8736,11.815588055305213,Incoming,26-35,19.058941565546853
8737,16.035697183892843,Incoming,36-45,55.79679914114177
8738,13.803634264240744,Outgoing,36-45,26.160059869274143
8739,22.39060613049742,Incoming,26-35,33.62002853052961
8740,7.588016065021156,Incoming,56-65,68.46673883404972
8741,11.243272651983148,Outgoing,36-45,87.53798550753362
8742,22.600458704955507,Outgoing,26-35,29.986197673170295
8743,15.655596623375734,Incoming,36-45,35.25160519969173
8744,19.424212914005793,Outgoing,56-65,41.202620751823616
8745,25.256234716347315,Incoming,26-35,39.043838929491464
8746,11.530977910490886,Outgoing,18-25,88.66585027624069
8747,14.50342831103984,Outgoing,18-25,39.38864340624427
8748,13.637865495345642,Incoming,18-25,42.24496170947742
8749,5.227034977583623,Outgoing,46-55,82.3235494634965
8750,13.448015981220156,Outgoing,36-45,61.53352623078602
8751,19.405310936903327,Outgoing,36-45,69.71798465898489
8752,17.702947709061206,Incoming,26-35,31.877742539552173
8753,18.09541584694005,Incoming,46-55,39.396406336485285
8754,13.122455096802502,Incoming,36-45,29.20563284642079
8755,11.719513819971793,Outgoing,26-35,66.02523092071631
8756,21.346278359493102,Outgoing,56-65,74.50486415566887
8757,12.513414268211651,Outgoing,36-45,38.00451261636974
8758,16.47041019396607,Outgoing,36-45,42.715173541914474
8759,15.816673403387693,Incoming,56-65,43.59019869922684
8760,22.308585081285592,Incoming,56-65,19.055520134436485
8761,19.857061788361797,Outgoing,36-45,36.52355844480692
8762,8.523706896664397,Incoming,56-65,65.46532429527203
8763,9.0622341661248,Incoming,26-35,32.491629911098116
8764,17.89454909034567,Incoming,36-45,51.859637244099765
8765,14.678311763104167,Outgoing,36-45,23.83962051071687
8766,12.724141080231181,Incoming,18-25,47.119981777422645
8767,20.078139419972352,Incoming,36-45,38.733576908279844
8768,15.937296910444553,Incoming,18-25,25.566570324324655
8769,15.26228693444722,Incoming,56-65,65.80772192310224
8770,18.89914320377525,Incoming,56-65,66.93254722402037
8771,13.124455025282177,Outgoing,26-35,30.609225755280498
8772,22.84259492736277,Incoming,18-25,45.676330716125456
8773,11.059761883834959,Incoming,36-45,50.886373661448985
8774,18.28464533171044,Outgoing,18-25,13.70476425744301
8775,22.169164193299224,Incoming,56-65,22.05814547211936
8776,8.1135225536395,Outgoing,56-65,75.72568872733562
8777,13.283324120737754,Outgoing,26-35,28.697462069948585
8778,20.71103696442779,Outgoing,56-65,75.16366216503391
8779,20.786222738655127,Outgoing,18-25,23.09172651233338
8780,14.142521998058804,Incoming,36-45,63.17655554280806
8781,11.326644531615703,Incoming,36-45,43.77393784979329
8782,19.779679111653813,Outgoing,18-25,46.584674616912665
8783,20.917745512908024,Incoming,26-35,87.11871827067928
8784,9.176683257438025,Outgoing,36-45,24.916267313626363
8785,8.980431755168098,Incoming,18-25,61.895963925221416
8786,16.126283409918,Incoming,18-25,61.06979327115644
8787,18.146803167144462,Outgoing,56-65,117.09146778332754
8788,13.504654573849725,Incoming,56-65,28.45738359536228
8789,18.396469099911748,Outgoing,26-35,37.48030412993127
8790,11.44931696581309,Incoming,26-35,66.31844571665108
8791,4.426532004631323,Incoming,26-35,45.99472281596274
8792,12.88049463833702,Incoming,18-25,40.73898086536501
8793,15.316160732565505,Outgoing,18-25,69.15022976646331
8794,13.620800200517717,Outgoing,56-65,44.668631273925584
8795,9.206983681702575,Outgoing,36-45,32.16281859237165
8796,5.921755120605912,Incoming,26-35,64.52420309523963
8797,12.429555978160511,Outgoing,46-55,57.50576016055721
8798,19.48827885824872,Outgoing,26-35,43.743068087880474
8799,21.280987197068413,Outgoing,56-65,42.79396962479957
8800,20.938566920692274,Incoming,18-25,31.701867901188738
8801,10.920452324257235,Incoming,56-65,64.50193710230684
8802,9.231468381848181,Incoming,56-65,42.797843654912505
8803,17.483173074899476,Incoming,56-65,34.603081928526606
8804,18.175500057989627,Outgoing,46-55,24.28889665616291
8805,17.000848026002487,Incoming,46-55,57.84308715817672
8806,4.929683628811183,Outgoing,26-35,39.82834042174005
8807,10.665577075582668,Incoming,18-25,9.746493720218574
8808,14.851556048570108,Outgoing,56-65,25.93462420711907
8809,17.436090973152137,Outgoing,36-45,45.32806128682035
8810,18.836536813012433,Incoming,26-35,45.889246701656646
8811,15.7212676114102,Outgoing,26-35,45.12915499258699
8812,16.65391903269118,Outgoing,56-65,42.34487776864877
8813,15.42432729180552,Outgoing,26-35,20.482925545271776
8814,18.428096871092414,Outgoing,56-65,32.50902951701897
8815,16.564328257454555,Incoming,26-35,73.67553972968203
8816,15.328688300236436,Incoming,18-25,70.72456253706132
8817,13.658156004313096,Outgoing,26-35,61.55903564688103
8818,15.406457125212405,Incoming,26-35,59.79005208081337
8819,17.422956894196375,Outgoing,36-45,68.09511816130983
8820,16.337376944490305,Outgoing,18-25,27.584105250157993
8821,16.904132091726268,Incoming,18-25,50.658567335138976
8822,21.713609306755927,Outgoing,18-25,27.594656987060795
8823,16.325819613732936,Incoming,26-35,27.941710604694535
8824,11.755007397634213,Outgoing,46-55,57.36129875493882
8825,19.418033929970846,Incoming,26-35,68.9350087827175
8826,8.169008311655412,Incoming,56-65,46.12301731154924
8827,9.592933096303565,Outgoing,36-45,82.98000864419004
8828,16.679236323600346,Incoming,18-25,54.235686540910734
8829,17.581983338932893,Outgoing,56-65,34.46428935166977
8830,8.774743882480024,Incoming,56-65,28.26542896252656
8831,13.085912595066251,Outgoing,46-55,70.36262968369432
8832,11.969580838901706,Incoming,18-25,52.5691823147963
8833,12.566618385592015,Incoming,26-35,63.52094756338964
8834,19.71798888136473,Incoming,18-25,0.0
8835,18.532527317736264,Outgoing,36-45,54.89344068693877
8836,14.904389100731462,Incoming,18-25,39.76451623007526
8837,12.27019036442536,Outgoing,56-65,22.124809281662714
8838,8.251751648899297,Incoming,56-65,48.74635314103149
8839,22.100924693909743,Incoming,26-35,71.83627067308912
8840,17.960569501424594,Outgoing,26-35,95.32456572839436
8841,11.466654479634297,Incoming,26-35,54.84304814645021
8842,18.597997488124456,Outgoing,36-45,35.817068200769555
8843,14.648881897126872,Outgoing,18-25,34.609948869630664
8844,13.564452475688286,Outgoing,46-55,69.26264724130398
8845,17.17605764144801,Outgoing,18-25,30.062517616942156
8846,11.292508750436376,Outgoing,26-35,62.44854759055526
8847,13.28121740244945,Incoming,36-45,55.87362379919235
8848,15.60730532099773,Outgoing,18-25,53.66202783765759
8849,12.502744035573933,Incoming,56-65,18.637628202384153
8850,18.34542605133762,Outgoing,18-25,42.860835955473505
8851,24.345332518391302,Outgoing,56-65,20.836844172847748
8852,11.228509336964287,Incoming,18-25,38.23505197366469
8853,6.6743735184797774,Incoming,18-25,68.34277323041024
8854,4.9912991626186916,Outgoing,18-25,74.62115806711131
8855,14.24765929252509,Outgoing,26-35,54.27897298981771
8856,11.684177049369087,Incoming,56-65,38.593189751320295
8857,16.039302505335403,Incoming,36-45,81.76198664720836
8858,15.662988360130505,Outgoing,46-55,38.328187324876396
8859,6.983915766929519,Outgoing,56-65,27.286270163819914
8860,5.9255808525929705,Outgoing,26-35,63.92965935833567
8861,16.479666201730478,Incoming,56-65,59.15468085139413
8862,15.677144173599785,Outgoing,36-45,39.148481781483184
8863,12.870910008167243,Incoming,56-65,52.004504591391346
8864,6.7142820743384775,Incoming,26-35,58.843199777035466
8865,17.356956313824952,Outgoing,26-35,54.073576821036326
8866,21.359497727119717,Outgoing,46-55,59.17877909929161
8867,16.38991220109461,Incoming,36-45,39.88570276880051
8868,10.762630547174677,Outgoing,46-55,60.524900884791975
8869,15.222760827855756,Outgoing,18-25,50.35115675166564
8870,8.169429595331575,Incoming,26-35,40.563789569272934
8871,20.289803569193964,Outgoing,46-55,45.082304755334505
8872,15.409221672647694,Incoming,26-35,48.04196328151164
8873,6.15921544123384,Incoming,26-35,21.09243325877442
8874,13.496628197781586,Outgoing,18-25,37.26681506860143
8875,17.316507551171153,Incoming,26-35,51.298110311855716
8876,13.334761895122387,Incoming,46-55,22.980179292222953
8877,13.62052139279913,Outgoing,36-45,37.60152676370839
8878,8.877988964763642,Incoming,56-65,97.69289956743745
8879,17.83270493540828,Outgoing,46-55,27.41483270357612
8880,11.757653999904313,Incoming,18-25,42.32372174699141
8881,4.217773114974836,Incoming,56-65,33.32565442942538
8882,13.14371314664803,Incoming,26-35,47.66259992093326
8883,19.905748577851767,Incoming,46-55,33.701633137300405
8884,13.065352767000263,Incoming,56-65,45.13513753415134
8885,23.689924925617603,Incoming,46-55,35.629059297002144
8886,17.144839742742587,Incoming,26-35,71.1025563273965
8887,16.69379081140183,Outgoing,46-55,51.63274075439094
8888,14.358008670411955,Incoming,18-25,29.9405468607356
8889,14.658568961178547,Outgoing,56-65,66.81593047665386
8890,13.68288182440248,Incoming,56-65,30.83466767939774
8891,13.488653039587367,Incoming,56-65,18.718396221766977
8892,17.654335810335745,Outgoing,46-55,49.939150251343854
8893,10.320843851047172,Outgoing,26-35,88.14528848679959
8894,9.620530856378702,Outgoing,46-55,13.446717421682251
8895,9.384024745623112,Incoming,46-55,23.38024156861806
8896,25.22827273838577,Outgoing,56-65,65.05051326321689
8897,17.6517145083529,Incoming,26-35,37.15357200776079
8898,16.522461008400725,Incoming,36-45,62.23897134493087
8899,9.712426648532842,Outgoing,26-35,33.25022186116106
8900,18.11671150337414,Incoming,46-55,52.839243548183525
8901,14.417143267733357,Outgoing,18-25,84.88947850770977
8902,16.07084470565875,Outgoing,26-35,26.10820705956258
8903,10.116898420682219,Outgoing,56-65,70.47521620274608
8904,15.801344287087883,Outgoing,18-25,63.594135932641734
8905,12.880832308967584,Incoming,36-45,20.215114978021823
8906,11.171944214849061,Incoming,36-45,61.17801047483546
8907,18.670531679036245,Outgoing,18-25,51.456122577252124
8908,7.311460957349988,Outgoing,36-45,51.82188019827459
8909,17.823881321570752,Incoming,18-25,56.73035132903406
8910,18.42243066776498,Incoming,46-55,42.9926831116839
8911,10.601781622243797,Outgoing,18-25,51.40197917884795
8912,10.898357694337662,Incoming,46-55,54.82904850080577
8913,13.884871593667988,Incoming,56-65,64.92115877771057
8914,16.410181052311103,Incoming,56-65,19.456779332438376
8915,14.235725040928873,Incoming,36-45,75.8177179298221
8916,17.167812300959397,Outgoing,18-25,26.894193138815737
8917,23.814898262686995,Incoming,46-55,65.23256928292774
8918,12.461416154251431,Outgoing,56-65,51.5889019854556
8919,6.424100146482898,Outgoing,56-65,24.37687314402605
8920,19.129617915153265,Outgoing,56-65,60.56290939408009
8921,23.41657287963765,Incoming,36-45,31.091867216096578
8922,16.963841815255623,Incoming,56-65,71.3759111031528
8923,9.56125662323166,Outgoing,26-35,35.78330322997512
8924,14.380538183823996,Incoming,36-45,20.100278047892452
8925,9.407382578941839,Outgoing,18-25,80.6769021007259
8926,18.21427746981474,Outgoing,26-35,53.62647342473818
8927,8.243547986507828,Incoming,36-45,67.34382251522631
8928,13.499356065859,Incoming,36-45,32.97056242493265
8929,9.978310868530468,Incoming,46-55,12.163789265835987
8930,15.63412342567481,Outgoing,26-35,83.50404848175555
8931,13.168291614311212,Outgoing,26-35,49.87146375642103
8932,15.88381051625132,Incoming,26-35,59.82703788327093
8933,15.111752774831828,Outgoing,56-65,63.13191561196538
8934,10.06670486137945,Outgoing,56-65,43.29217893968621
8935,18.13438531764511,Outgoing,18-25,54.52459095231033
8936,14.756171740784424,Incoming,18-25,81.8790518501089
8937,10.057354960670498,Incoming,18-25,49.3511754224134
8938,26.204632781028963,Incoming,56-65,68.8420263283915
8939,17.382150833585623,Outgoing,46-55,10.175060399387569
8940,14.233697233003474,Incoming,18-25,72.47521260638429
8941,22.07602263350912,Outgoing,36-45,19.55991403988053
8942,24.209078046933037,Outgoing,56-65,70.18817648067001
8943,14.273252888430575,Outgoing,46-55,57.812624409025425
8944,16.73698743217381,Incoming,36-45,48.08158647852244
8945,10.059985909985295,Outgoing,36-45,48.008235575841404
8946,14.264036246159943,Incoming,56-65,44.94537813285331
8947,14.00468723120065,Outgoing,26-35,33.586609611128736
8948,15.92413516810827,Incoming,46-55,45.88047442739907
8949,16.66380239318505,Incoming,56-65,94.16118155018178
8950,17.7991422441403,Incoming,26-35,76.0461342156946
8951,16.188213281499795,Incoming,56-65,32.579936429551324
8952,8.946286866854177,Incoming,56-65,55.35374804654576
8953,10.307664471294576,Incoming,36-45,51.91958326472863
8954,12.267961902681634,Incoming,56-65,47.154131139806566
8955,13.588797040383856,Incoming,26-35,29.944448867250415
8956,20.253871452360567,Outgoing,36-45,58.917959696133046
8957,9.185305065735434,Outgoing,26-35,66.92143259829274
8958,13.2129247591465,Outgoing,26-35,33.3220262986644
8959,19.76504749107025,Outgoing,36-45,89.11082834578414
8960,13.500612627516938,Outgoing,26-35,80.44006498471109
8961,17.30207824921412,Incoming,18-25,60.96331117902465
8962,14.302289785360482,Incoming,56-65,25.36560594662373
8963,16.283916286623615,Incoming,36-45,58.02817251969124
8964,13.857637280952297,Incoming,36-45,55.63956003128931
8965,18.33532736364177,Incoming,18-25,60.263105524369934
8966,7.274717962967824,Outgoing,18-25,81.80928544579473
8967,13.183439958057274,Outgoing,18-25,46.480518907667594
8968,16.48286338347154,Incoming,18-25,90.95653159311487
8969,17.668476240030966,Outgoing,46-55,58.130086919875
8970,22.464763113769138,Outgoing,36-45,44.1907364867747
8971,13.044876665672119,Incoming,26-35,97.98754413412823
8972,22.397408809304366,Incoming,36-45,66.5978380004018
8973,11.704880866701647,Outgoing,36-45,40.90532226085055
8974,21.643232057723218,Outgoing,36-45,51.68433177892885
8975,19.08733563349186,Incoming,18-25,62.70466043709068
8976,10.432707101838886,Outgoing,18-25,46.982779464293166
8977,16.53519618625911,Incoming,46-55,52.67815738089901
8978,14.743820822339043,Outgoing,36-45,33.655927926745576
8979,18.127922968375003,Outgoing,56-65,16.296109383841838
8980,13.883642057833452,Incoming,46-55,52.12838645489424
8981,13.463768871691343,Outgoing,18-25,52.800556444517746
8982,21.845472913814255,Incoming,36-45,60.54239183115709
8983,14.506395527721635,Outgoing,18-25,38.47620585787607
8984,19.13211162095883,Outgoing,26-35,23.1889141091867
8985,13.873242574779,Incoming,18-25,30.693510605053028
8986,23.333316296137617,Outgoing,18-25,71.1126751367965
8987,11.608326853322533,Incoming,46-55,36.66777375584857
8988,11.929282343764076,Incoming,26-35,41.158380283924764
8989,22.622585905579516,Outgoing,56-65,43.75172872337776
8990,12.775268045523736,Incoming,56-65,37.61447661426419
8991,23.00537153082196,Incoming,56-65,36.135783449343336
8992,19.459202897974066,Incoming,36-45,32.57752870732379
8993,14.226751467195832,Outgoing,56-65,78.01313149136399
8994,5.933532639914208,Incoming,36-45,63.602013666858596
8995,14.903408478640822,Incoming,18-25,74.95641546300476
8996,15.508150267667123,Outgoing,56-65,78.98679512921676
8997,20.836088666521864,Incoming,46-55,3.0024040513403776
8998,22.94223588120056,Incoming,26-35,56.869092840561535
8999,11.575064104281262,Incoming,26-35,38.27642732203362
9000,19.005908819940913,Outgoing,18-25,72.33619288706697
9001,18.827010780066747,Outgoing,26-35,35.170575935148776
9002,20.367063512052226,Outgoing,26-35,28.917004872725805
9003,17.49344956067772,Outgoing,18-25,21.319082786937958
9004,5.287511545191151,Outgoing,18-25,43.94650178042396
9005,14.2228878373612,Outgoing,18-25,68.29890525056622
9006,9.221462125415425,Incoming,46-55,55.123344337226236
9007,13.98697113540963,Outgoing,18-25,25.94703469727712
9008,19.90002118066947,Outgoing,18-25,93.05318180723782
9009,16.525754179374864,Outgoing,18-25,62.99077278983136
9010,20.740454331987163,Outgoing,56-65,65.54820231515373
9011,16.708769603567696,Incoming,56-65,75.70057654695316
9012,8.508370301655486,Incoming,46-55,17.19568822748441
9013,2.3957649671363264,Outgoing,46-55,31.77131722824235
9014,15.74404380839795,Incoming,26-35,66.46022713848545
9015,13.930367668244173,Outgoing,56-65,33.78523343957046
9016,10.115271303090589,Incoming,46-55,44.49973055489904
9017,6.49686375174311,Outgoing,46-55,48.445186943374
9018,11.326283932636453,Outgoing,26-35,24.45189222740165
9019,14.02754257567612,Outgoing,18-25,42.7836563573272
9020,18.32938911853195,Outgoing,36-45,68.29006434703665
9021,15.9431554078399,Incoming,26-35,64.58907779635682
9022,23.040336235863645,Outgoing,36-45,72.26029323934935
9023,9.82197971977303,Incoming,26-35,70.19751747581593
9024,19.405294460287166,Incoming,26-35,58.11747851405168
9025,15.23649371564364,Incoming,18-25,56.533569966193994
9026,18.473345620592923,Outgoing,46-55,55.066615202132354
9027,12.817425683672283,Incoming,56-65,37.459056654920786
9028,20.358401869452948,Incoming,26-35,29.401105525587727
9029,16.476123791726213,Incoming,18-25,36.208053077601996
9030,11.602775075411254,Outgoing,36-45,43.479413668850626
9031,14.939879855434059,Incoming,46-55,36.883481105144476
9032,13.802220705314502,Outgoing,26-35,58.27663476967831
9033,17.445891753188967,Incoming,36-45,54.037904321285026
9034,9.101116253127458,Incoming,26-35,56.18646997440436
9035,14.853241489421528,Outgoing,56-65,57.02816131831559
9036,16.976536263246654,Outgoing,56-65,73.91327875569065
9037,15.165116535965167,Incoming,46-55,49.82854215225799
9038,21.73470622194498,Outgoing,36-45,70.16738867669223
9039,18.87011387035526,Incoming,56-65,60.331707159583345
9040,14.962596016296267,Incoming,18-25,72.59267073270172
9041,16.083445487488365,Outgoing,46-55,82.29259668773145
9042,16.47832775741,Outgoing,26-35,61.53299159958141
9043,17.01649802083412,Outgoing,36-45,52.075364993439976
9044,5.871710021676961,Incoming,36-45,51.94615634886616
9045,13.492368521153264,Incoming,18-25,40.59667840876323
9046,7.577804659032869,Incoming,56-65,39.924557068478876
9047,21.39140473729743,Outgoing,36-45,68.0423432662307
9048,14.695752399985361,Outgoing,18-25,30.726594151048886
9049,14.033295251601887,Outgoing,18-25,82.29545271124452
9050,19.483986660166174,Incoming,26-35,46.96553494191961
9051,17.111623987249374,Outgoing,18-25,107.24155786245629
9052,9.356827428103964,Outgoing,46-55,36.137691463407656
9053,14.645473187363155,Incoming,36-45,55.003778399606695
9054,13.324165133868076,Outgoing,46-55,42.963014595031616
9055,6.27733555696973,Outgoing,18-25,34.138318169134564
9056,11.548618833813977,Incoming,18-25,71.27600701757437
9057,14.082298389917671,Incoming,46-55,27.888916112043876
9058,14.425245342540787,Incoming,26-35,36.4785098605153
9059,7.5888428816134565,Incoming,18-25,61.726394178298214
9060,20.758327915237377,Incoming,46-55,64.8992162189881
9061,14.489484705542806,Incoming,46-55,22.162291575449583
9062,15.187765383302814,Outgoing,36-45,61.63353770430748
9063,17.003208191699184,Outgoing,26-35,52.57799826832678
9064,11.059618730481644,Incoming,56-65,31.645532842769402
9065,17.28177986566348,Incoming,46-55,34.22236929328892
9066,13.164626769909084,Outgoing,36-45,9.330971441031977
9067,10.517072296764042,Incoming,56-65,84.34888855595156
9068,17.867237466776995,Incoming,36-45,70.30840829954013
9069,22.45836929400904,Outgoing,36-45,24.217099796435622
9070,18.624146867429157,Outgoing,26-35,65.97815345583592
9071,19.614887825702155,Incoming,18-25,38.519553121006666
9072,12.396846967188505,Incoming,26-35,68.29621072699399
9073,7.011901354157718,Outgoing,56-65,40.07852861681835
9074,22.450687610499205,Incoming,26-35,42.73291809784083
9075,25.2725744470238,Outgoing,18-25,44.2330546448467
9076,22.71403386884841,Outgoing,26-35,36.85289316677374
9077,13.321070305101252,Incoming,26-35,77.98542750466609
9078,9.22682830635578,Outgoing,26-35,67.97053986162958
9079,9.671586510902166,Outgoing,46-55,52.19897076666558
9080,6.581337161929756,Outgoing,46-55,70.49136327971621
9081,14.463106907949774,Incoming,26-35,17.45856569509081
9082,23.028389790412273,Incoming,18-25,25.430824428979353
9083,14.291686840638784,Incoming,18-25,59.49109524715925
9084,16.511614501741374,Outgoing,18-25,64.71073111615777
9085,21.877984821521043,Outgoing,18-25,55.58815092511503
9086,12.979523440838001,Incoming,36-45,12.346106498433628
9087,25.177657283597974,Outgoing,26-35,28.753309513245043
9088,24.960472037487268,Outgoing,26-35,58.331837330083374
9089,14.344443306597586,Incoming,36-45,98.52944578482536
9090,12.112328679903936,Outgoing,18-25,74.35825330116856
9091,18.486190231951564,Outgoing,56-65,81.54608596941546
9092,13.26237528740571,Outgoing,56-65,56.79450844380598
9093,9.217223914663318,Outgoing,36-45,56.64981961578754
9094,21.406193267614903,Outgoing,56-65,29.33029065487848
9095,21.0822369363854,Outgoing,46-55,69.03644106103235
9096,15.777558018817803,Incoming,26-35,48.536365949179945
9097,8.68567623135911,Incoming,56-65,63.85464750927438
9098,8.852368743913068,Outgoing,46-55,50.613727057618696
9099,15.536146442095763,Incoming,26-35,55.58236849501479
9100,12.500644827474838,Incoming,46-55,48.24543767402756
9101,13.29453533929196,Incoming,26-35,54.49249395645786
9102,20.109815775300017,Outgoing,26-35,70.00153115090461
9103,18.66589658711279,Incoming,56-65,24.675409418615523
9104,21.890713402488064,Outgoing,36-45,20.141551473697803
9105,10.046883883113711,Incoming,56-65,58.51729155277798
9106,13.28404215656644,Incoming,18-25,78.81148595815233
9107,18.794908477300563,Outgoing,46-55,83.85489233602163
9108,17.240391705064457,Incoming,18-25,25.511795645798564
9109,22.66190191293811,Outgoing,26-35,41.94252329195253
9110,17.10268352952035,Incoming,56-65,20.415694911101813
9111,24.24054552052776,Incoming,18-25,38.9877674722576
9112,17.700089008615706,Incoming,18-25,72.45696190098724
9113,20.3108372379433,Incoming,18-25,49.742164328832004
9114,13.382425266077714,Outgoing,26-35,42.522518407524245
9115,15.071436059419945,Outgoing,26-35,60.9017151282242
9116,19.554722019197378,Incoming,26-35,34.098958203810575
9117,23.06489085296527,Outgoing,18-25,81.85956729763714
9118,18.646184746553764,Incoming,46-55,50.14569944482947
9119,14.584141140326903,Outgoing,56-65,41.964115140802015
9120,21.88667514764171,Outgoing,56-65,61.73698469591223
9121,4.040106718600596,Outgoing,26-35,68.78572320422093
9122,7.888827492465632,Incoming,18-25,81.91950480298517
9123,18.408171118341944,Outgoing,46-55,45.800621874836715
9124,15.070541781265625,Outgoing,36-45,71.72113045387434
9125,18.027568255620828,Incoming,26-35,52.02423223799994
9126,15.32203761215971,Incoming,36-45,37.772399580526105
9127,17.854728473019364,Incoming,56-65,34.46376941991531
9128,10.927985895034046,Outgoing,56-65,28.060331127339918
9129,17.852430430398453,Outgoing,46-55,35.16612002221772
9130,19.972072641037922,Outgoing,46-55,72.31413243520169
9131,21.102753019656163,Outgoing,36-45,64.13419203572074
9132,25.067771473243496,Outgoing,56-65,25.175766881161007
9133,16.220492217511932,Outgoing,46-55,15.072181595701288
9134,16.369555434235895,Incoming,46-55,27.754136884071784
9135,7.384137679130761,Outgoing,56-65,34.46527583505703
9136,12.342942994307876,Outgoing,56-65,43.93468578845983
9137,14.034589629966938,Outgoing,18-25,73.45727046017429
9138,20.251597761381774,Incoming,46-55,39.04566282200666
9139,11.944994379551854,Outgoing,36-45,83.60999920354547
9140,18.981700098744163,Incoming,26-35,16.396002153572645
9141,14.9918914151831,Outgoing,26-35,43.02734958475388
9142,14.114159424426191,Incoming,56-65,65.71097338272803
9143,16.24446984566628,Incoming,36-45,66.94410504732868
9144,13.044218138735786,Incoming,18-25,43.28572087223214
9145,12.854813759536672,Outgoing,46-55,70.03506867568393
9146,6.476070471049427,Incoming,18-25,66.24392885013766
9147,13.760228963360552,Outgoing,36-45,36.357706813749786
9148,12.600159269256368,Incoming,18-25,56.298569368888444
9149,12.420095053254602,Outgoing,56-65,64.0722656815369
9150,17.0843653129502,Incoming,26-35,37.78930464854351
9151,18.29315976395255,Incoming,56-65,83.88650900538326
9152,16.160972523211637,Outgoing,46-55,33.29276106764714
9153,19.97707595224737,Incoming,56-65,52.881857665890244
9154,17.877809629151827,Outgoing,36-45,25.004453671609838
9155,13.52471905097179,Incoming,36-45,52.0672039732512
9156,12.6857185714281,Incoming,46-55,28.658535678583558
9157,16.564111183834232,Outgoing,46-55,44.11741717341475
9158,17.868835549509505,Outgoing,26-35,18.268048773578066
9159,21.98922153515749,Outgoing,18-25,65.99626800651444
9160,20.955865224700478,Incoming,26-35,57.125600994832155
9161,12.292634967464155,Outgoing,56-65,71.74821107273398
9162,14.489968599363692,Outgoing,18-25,43.04389670720328
9163,18.35508902458885,Incoming,46-55,72.67694733761996
9164,20.339988890294862,Outgoing,36-45,50.785592907896714
9165,19.69484734352396,Outgoing,56-65,52.263349188574736
9166,14.680610835843266,Incoming,26-35,92.28106650703877
9167,8.729886737857417,Incoming,46-55,40.306480701227926
9168,10.005318118772044,Incoming,18-25,74.549180623097
9169,16.36316757159707,Incoming,18-25,59.59369881095227
9170,16.711127897121727,Incoming,36-45,38.56190215509034
9171,9.506603132828076,Outgoing,46-55,23.68618219073054
9172,15.222848054446358,Incoming,46-55,29.338298990890195
9173,18.156121784858914,Incoming,56-65,72.61349595709022
9174,9.243866712464278,Incoming,56-65,84.68799053673914
9175,20.524986009022072,Outgoing,18-25,51.82879806420452
9176,13.112344257200874,Outgoing,26-35,52.877635252422465
9177,21.288065562883254,Outgoing,18-25,65.52906866312973
9178,12.332737771120499,Outgoing,56-65,51.4660405870637
9179,9.866872585579106,Incoming,56-65,71.99400075940645
9180,12.709315050791403,Incoming,56-65,55.8324450132637
9181,14.5242593846134,Incoming,18-25,52.71082627304885
9182,13.057600466142596,Outgoing,46-55,36.015743050117635
9183,13.919992892134433,Incoming,26-35,31.094658410534354
9184,16.66982574838095,Outgoing,26-35,0.0
9185,14.144103151018003,Outgoing,56-65,74.68233599883743
9186,14.669438030239965,Outgoing,36-45,47.06785889555349
9187,6.45386800398702,Incoming,18-25,41.99205310528438
9188,16.958490080052364,Incoming,46-55,10.965854072291336
9189,14.55398351154166,Incoming,56-65,37.19774468455296
9190,23.051464902414352,Incoming,36-45,34.56627083434209
9191,10.302174163730209,Outgoing,56-65,34.104538255384504
9192,5.958523357502427,Incoming,36-45,56.65672286305256
9193,18.09034246965021,Outgoing,26-35,52.44497106392007
9194,16.732635091565,Outgoing,36-45,22.774081327605895
9195,9.95783489734427,Outgoing,26-35,24.04317800185335
9196,7.351255224979543,Outgoing,26-35,24.00642895339268
9197,22.68698365342145,Outgoing,18-25,86.21052175134353
9198,22.07055195303391,Outgoing,36-45,79.85445257383259
9199,2.5627162064693536,Outgoing,46-55,32.954020018008045
9200,12.708884853717496,Incoming,46-55,10.468113600085388
9201,23.320960273919496,Incoming,36-45,52.560884860250404
9202,12.619687211110666,Outgoing,18-25,50.93880232475343
9203,12.546938829866736,Incoming,46-55,56.33833973976796
9204,13.586203361853158,Incoming,56-65,64.82747784954667
9205,9.395515131159204,Incoming,46-55,59.03407906791884
9206,6.476121278859779,Incoming,18-25,27.671209369994934
9207,20.262736553673744,Outgoing,26-35,55.88082174328035
9208,5.785315468761622,Incoming,26-35,67.07647150671309
9209,16.23635726054378,Outgoing,26-35,35.51996553993254
9210,19.432897463788247,Outgoing,18-25,55.99912937511717
9211,7.743868505494208,Incoming,26-35,38.94438565064384
9212,10.378657987024642,Incoming,26-35,89.92339441882459
9213,21.065895941957947,Outgoing,18-25,23.4634572226596
9214,17.6644586011352,Outgoing,56-65,73.11897873057202
9215,11.913571465605564,Incoming,46-55,16.583744771494615
9216,21.011245016805855,Incoming,18-25,85.86105370433216
9217,21.03267861727151,Outgoing,18-25,27.16901865151181
9218,16.345263465078535,Incoming,36-45,53.79343087978672
9219,10.499198860631687,Outgoing,26-35,17.4161362660639
9220,12.932756482641024,Outgoing,56-65,23.000377659565782
9221,16.43193371977695,Outgoing,36-45,67.95494095249244
9222,14.057025854262559,Outgoing,56-65,70.56324622938942
9223,19.694785891174256,Incoming,26-35,54.78717864735294
9224,7.351129599453319,Outgoing,26-35,64.82163330980482
9225,7.528682354668806,Outgoing,26-35,70.89757485307945
9226,15.904355557412162,Incoming,46-55,36.31646272401372
9227,12.542277930965477,Incoming,56-65,22.020771313663708
9228,11.864756926511296,Outgoing,56-65,49.72593227594411
9229,6.159716404128014,Incoming,36-45,38.45597628205583
9230,15.097729223990909,Incoming,18-25,57.772429604019905
9231,14.736224459996171,Outgoing,26-35,60.96057224175853
9232,18.267394909758703,Incoming,26-35,36.36698418861438
9233,15.34453066560486,Incoming,36-45,64.08217085932887
9234,14.336979608797517,Incoming,56-65,63.08276751902616
9235,20.885003183951685,Incoming,46-55,64.46635157778039
9236,8.437663482757252,Incoming,56-65,41.844152459788134
9237,17.68194609423788,Outgoing,46-55,65.5984432965715
9238,6.644264176023256,Incoming,46-55,60.40004561350386
9239,10.808190599995962,Outgoing,56-65,62.80369289513121
9240,8.936714336883432,Outgoing,26-35,83.55577126177053
9241,18.90971267725959,Incoming,46-55,56.555483798508234
9242,14.67294883202303,Incoming,36-45,37.86075552005066
9243,14.932483777035117,Incoming,36-45,27.790909380010717
9244,9.466335061352744,Incoming,46-55,72.55872319987644
9245,13.501532520335553,Incoming,26-35,57.146153520708964
9246,11.182673483454442,Incoming,46-55,83.40043976640449
9247,16.917275074271082,Incoming,36-45,9.408956175990603
9248,10.044544323341931,Incoming,36-45,68.21334175572883
9249,21.64897182602538,Incoming,56-65,44.777253291587435
9250,6.622097751879528,Incoming,26-35,42.929580102376576
9251,10.967400837717193,Incoming,56-65,34.70384319702818
9252,23.38600254983048,Incoming,18-25,67.99142027770286
9253,12.824306260189829,Outgoing,46-55,62.270723545664495
9254,8.42560667797794,Incoming,56-65,27.15235949921119
9255,16.09535781268834,Outgoing,26-35,53.29842875850142
9256,12.623038788927289,Outgoing,46-55,64.1222866136094
9257,10.820648721908471,Incoming,46-55,53.56021051851813
9258,9.520645946006413,Outgoing,46-55,72.15680600053878
9259,28.841868028129717,Incoming,46-55,44.19922912221635
9260,13.742240499079319,Incoming,46-55,4.912846537910511
9261,5.372163198335615,Outgoing,26-35,53.73435121536473
9262,22.468548795027672,Incoming,18-25,53.6125153881016
9263,18.055354525552854,Outgoing,36-45,56.22372993408709
9264,11.167667844901061,Outgoing,18-25,72.13958195935402
9265,10.334404556569291,Incoming,36-45,10.95073493413387
9266,18.367363980791154,Outgoing,56-65,45.23033391334679
9267,13.765408362552726,Outgoing,46-55,31.546843839968975
9268,5.370110907774494,Incoming,56-65,25.839392237630303
9269,23.936199823023344,Outgoing,56-65,48.55402000874215
9270,12.830047688920216,Incoming,36-45,64.0364406056135
9271,22.477858682412133,Incoming,26-35,56.01893209718318
9272,21.392174789828573,Incoming,46-55,36.24955155008479
9273,9.994952277585929,Incoming,56-65,47.09056800912563
9274,20.165949321815738,Outgoing,18-25,68.59792889259232
9275,11.742787250681594,Incoming,46-55,63.66258490120045
9276,5.666497065980291,Outgoing,26-35,38.94459973546741
9277,12.877009169889288,Outgoing,46-55,37.65007248672045
9278,16.988187508881396,Incoming,56-65,15.670316788020052
9279,12.686316760018311,Incoming,18-25,41.411773328352716
9280,13.464758295374493,Incoming,56-65,15.284221391229671
9281,20.717830224643066,Outgoing,26-35,91.3413937477223
9282,15.53246990145046,Incoming,36-45,32.8976368626658
9283,10.783508443575236,Outgoing,18-25,72.17961710626435
9284,18.510151618336632,Incoming,26-35,86.36212415783982
9285,15.988377834771226,Incoming,26-35,54.32402817055977
9286,2.391975992689785,Outgoing,56-65,47.99971487226187
9287,17.141764568857244,Outgoing,56-65,23.55269487889835
9288,16.95914353858051,Incoming,56-65,39.90799756702449
9289,15.1006056479043,Incoming,36-45,82.07930095738053
9290,19.458502905347878,Incoming,46-55,57.02505259244538
9291,11.63803207836749,Outgoing,46-55,50.56696414917675
9292,16.682498944104506,Incoming,56-65,76.24246418351325
9293,7.165203144163236,Incoming,56-65,63.92581096911432
9294,17.03545191699416,Outgoing,36-45,47.042537044404746
9295,24.76529847769948,Incoming,46-55,54.32511671347194
9296,10.025718237662295,Outgoing,36-45,34.63869925137385
9297,11.200989340061124,Outgoing,26-35,38.77918707272828
9298,11.449922785542238,Incoming,46-55,45.87402741482683
9299,15.649991129007976,Incoming,56-65,61.149421247473796
9300,9.684818635731409,Outgoing,18-25,25.05274054619909
9301,17.106236893454902,Outgoing,26-35,51.52480660845457
9302,19.234199727345825,Incoming,18-25,42.20275679873871
9303,17.67173606726892,Outgoing,36-45,31.981415630675908
9304,6.157922871809639,Outgoing,36-45,42.31016901016691
9305,19.97583832579303,Incoming,36-45,3.5719347389955587
9306,19.6868370712684,Outgoing,56-65,34.848226519432416
9307,19.15080686173152,Outgoing,36-45,28.01026235848088
9308,16.864211243279126,Outgoing,18-25,44.401679147984716
9309,16.100946571025663,Outgoing,26-35,4.4042035407213405
9310,20.161946990631982,Outgoing,56-65,53.817854870189386
9311,24.617567438017275,Outgoing,26-35,68.18846592813726
9312,10.234797683175751,Incoming,36-45,47.654072555402024
9313,20.39062697897386,Incoming,46-55,59.975837468087526
9314,14.568914509962736,Incoming,56-65,39.74538887197514
9315,14.351634739856996,Incoming,36-45,18.907577524482527
9316,7.317346548089808,Outgoing,56-65,50.03382642571305
9317,13.576052952423025,Incoming,46-55,63.60756753970438
9318,10.013675210157924,Outgoing,18-25,23.51223748784685
9319,12.680727852470271,Incoming,18-25,40.695454473563295
9320,9.509068081109252,Outgoing,18-25,45.05767198191167
9321,12.755458063434968,Incoming,46-55,107.0281529056989
9322,12.969448214882984,Outgoing,26-35,54.46742389439783
9323,15.483774592194,Incoming,46-55,11.888528422724455
9324,6.926250688543345,Incoming,46-55,6.942981963155802
9325,7.772409261273383,Incoming,36-45,64.609976605275
9326,16.809571353652633,Incoming,18-25,99.70063951993058
9327,11.012809414649505,Incoming,56-65,44.38051030798562
9328,20.372648951149657,Outgoing,26-35,43.18360815882981
9329,16.126348610075233,Incoming,56-65,58.61548352395192
9330,18.033810751032036,Outgoing,36-45,34.034071833097826
9331,22.053461602104473,Incoming,36-45,0.0
9332,13.451445940967137,Incoming,26-35,70.74528778551372
9333,12.127566472918621,Incoming,56-65,37.73635743196341
9334,19.358512927994067,Outgoing,26-35,71.00235731642742
9335,17.547567819648428,Incoming,26-35,34.780264193786394
9336,14.063348450893496,Incoming,18-25,52.435582549210764
9337,21.95728983477971,Outgoing,56-65,67.09663894977389
9338,13.938778450800347,Outgoing,18-25,71.40701902143743
9339,15.163868187778908,Outgoing,18-25,54.65977334962848
9340,15.106113254171293,Outgoing,18-25,53.664781915979994
9341,10.327030525507645,Incoming,46-55,62.39412360358223
9342,15.387926947431955,Outgoing,36-45,59.28339068788304
9343,21.983800886992455,Outgoing,36-45,24.176389316573736
9344,17.22484157688088,Incoming,46-55,24.55835291392316
9345,15.155317131994657,Outgoing,26-35,7.818817939582409
9346,14.191163594171655,Outgoing,56-65,65.33016001679293
9347,16.654335142031755,Outgoing,56-65,42.08540452578
9348,18.748833142445925,Incoming,56-65,66.40394490752604
9349,18.046194154448763,Outgoing,18-25,58.07421146908982
9350,13.340675690890105,Outgoing,56-65,29.95146636858061
9351,16.623907970550572,Outgoing,56-65,47.59555132930442
9352,17.399698705741393,Incoming,56-65,40.90355896671816
9353,9.964025062365108,Incoming,36-45,37.81553039472875
9354,15.841152705918471,Outgoing,46-55,68.30574650986563
9355,4.193480568488191,Incoming,26-35,100.21486941095345
9356,17.412668549105923,Outgoing,46-55,72.32407283487096
9357,18.301715272813407,Incoming,56-65,49.460872652851926
9358,18.737730628932297,Incoming,26-35,75.19015519912249
9359,13.024765739152162,Outgoing,26-35,84.25805300621607
9360,16.545234175120175,Outgoing,46-55,22.152584353794058
9361,22.119769227705834,Outgoing,46-55,74.49709522725061
9362,22.068848241456294,Incoming,46-55,65.3936403748641
9363,14.854136503867197,Outgoing,46-55,73.76238113312999
9364,15.696598153647798,Incoming,18-25,66.26574912033801
9365,20.554555723672166,Incoming,36-45,45.44541984931718
9366,7.495989923689126,Outgoing,36-45,90.65741288365534
9367,13.384621286614877,Incoming,56-65,56.791972171642975
9368,21.677852277683783,Incoming,18-25,41.31345958611493
9369,19.87600270842383,Outgoing,26-35,60.119560300807485
9370,16.846318888249524,Incoming,46-55,69.4479180345572
9371,7.470837973346898,Incoming,56-65,51.89522151723992
9372,14.75044883479419,Outgoing,26-35,57.86272767044451
9373,12.050423018750335,Outgoing,36-45,51.76734164207303
9374,16.655194514086066,Outgoing,26-35,36.79848533798713
9375,10.953266576025598,Incoming,46-55,33.56351082744458
9376,9.871383025126963,Incoming,46-55,21.943674268568255
9377,4.675673611581793,Incoming,36-45,80.3604006809349
9378,21.109023424883507,Outgoing,46-55,45.53165503740678
9379,13.001147442784713,Incoming,18-25,0.0
9380,15.785728918512673,Incoming,56-65,57.93066158559018
9381,14.988809417629094,Incoming,36-45,57.516542090146054
9382,9.662830335197503,Outgoing,36-45,12.66864634339209
9383,8.704675442759033,Outgoing,26-35,33.35207583333475
9384,9.973424370013824,Outgoing,36-45,32.474219308781414
9385,11.384157805853036,Incoming,56-65,35.15464618415447
9386,16.833031235069026,Incoming,18-25,74.2555172340714
9387,11.021411682396943,Outgoing,26-35,47.02244903866327
9388,23.732453157973108,Outgoing,56-65,41.45530230367698
9389,20.135755179465754,Incoming,36-45,72.44779884441186
9390,19.04179774832854,Outgoing,46-55,59.906954903674105
9391,14.40170548763425,Incoming,46-55,15.180434840469019
9392,22.57140367860242,Outgoing,56-65,37.66752721664194
9393,13.90997184439438,Outgoing,18-25,56.43924174267892
9394,14.84369292922877,Outgoing,46-55,31.322197319759336
9395,15.849872698746347,Incoming,56-65,90.59109576842263
9396,18.50911520271672,Outgoing,26-35,52.25757527305167
9397,18.184540395014928,Incoming,36-45,34.9324732084495
9398,12.624373607776985,Outgoing,18-25,27.54112713327901
9399,12.335031402870232,Outgoing,18-25,68.55055176071406
9400,18.19951478576042,Incoming,26-35,37.04276126012086
9401,18.576182919456162,Incoming,18-25,57.598483565834144
9402,13.033244375885635,Outgoing,56-65,26.96961286251134
9403,7.06405965160773,Incoming,18-25,51.40395583049006
9404,13.963419519958777,Outgoing,18-25,37.28228204233078
9405,18.117628994129294,Incoming,18-25,43.69211173049892
9406,24.027084232098904,Incoming,56-65,34.07438399229086
9407,9.01021018829669,Outgoing,36-45,70.51252555616541
9408,12.867143735847133,Outgoing,46-55,40.17992049751348
9409,13.052982192373117,Incoming,18-25,47.13085610160596
9410,21.779026697157505,Incoming,26-35,48.09715438402512
9411,14.825292497706837,Outgoing,26-35,82.24540243267256
9412,10.463367203138672,Incoming,56-65,67.80617174782799
9413,17.793476414609096,Incoming,36-45,65.81361516555918
9414,12.976807399795268,Incoming,18-25,18.442267539473967
9415,8.878063633210228,Incoming,56-65,36.87215224794922
9416,10.536133463619247,Outgoing,46-55,73.77237431657831
9417,23.670209772113097,Outgoing,36-45,26.581383691567005
9418,16.92104610824731,Incoming,36-45,51.68027096243459
9419,15.538800277262714,Incoming,56-65,28.69476991478422
9420,13.75053132093977,Outgoing,26-35,30.701854891811866
9421,16.460744210593994,Incoming,36-45,83.61571305728407
9422,16.401179730012473,Incoming,26-35,64.38541283152777
9423,16.46084414103663,Incoming,36-45,69.66280455589174
9424,15.574225451388765,Incoming,36-45,65.67482960327558
9425,19.343991691527748,Incoming,36-45,47.21423275540995
9426,15.115521730003655,Outgoing,46-55,36.16806584192206
9427,10.110305822236807,Incoming,26-35,41.95819481165014
9428,11.937885545495659,Incoming,46-55,46.16347091226507
9429,5.104906532551439,Incoming,26-35,85.52572138655833
9430,25.134085580211963,Outgoing,46-55,23.272871379409406
9431,19.313772959763433,Incoming,46-55,38.92677102762411
9432,10.849647524353816,Incoming,46-55,31.74073267389235
9433,13.590775753014501,Outgoing,56-65,71.1324639504096
9434,11.815617628967834,Outgoing,46-55,87.07576518678194
9435,22.712736056870586,Outgoing,36-45,56.17572719652792
9436,7.900614178645355,Outgoing,18-25,57.820316696871686
9437,15.572380294093897,Incoming,46-55,51.82641846083871
9438,14.45736078717576,Incoming,18-25,58.7495797856225
9439,19.13419315354557,Incoming,18-25,65.46310324715255
9440,14.479953861376526,Outgoing,36-45,58.512810257736426
9441,6.208955616722825,Incoming,18-25,59.97668656556589
9442,13.744410826787796,Outgoing,18-25,65.5082872698775
9443,10.139188910283375,Outgoing,18-25,14.434437974898657
9444,15.397897732782804,Incoming,26-35,50.04017860291451
9445,22.170885182601634,Outgoing,46-55,56.10418084169035
9446,6.3028737788386096,Outgoing,46-55,58.32296361038583
9447,10.99888632300048,Incoming,18-25,46.58227476432093
9448,12.236535231082515,Incoming,36-45,53.21502999594304
9449,13.091844522933943,Outgoing,26-35,35.60187190638465
9450,18.70062832052622,Incoming,36-45,14.503105286045404
9451,14.132277912193063,Incoming,36-45,69.66274202611314
9452,17.079013628602226,Outgoing,18-25,27.312567933609934
9453,11.87113478134112,Outgoing,56-65,46.79092273772476
9454,16.149621727089688,Incoming,18-25,35.01740734195989
9455,18.888988154388574,Incoming,56-65,81.74018559752159
9456,11.338502251314559,Outgoing,26-35,48.4071057098257
9457,18.906790599032576,Incoming,56-65,43.79087074235868
9458,15.261863843637842,Outgoing,18-25,64.95731737451965
9459,20.22730120241126,Outgoing,18-25,93.12948335216373
9460,13.992900499615132,Incoming,36-45,58.11379054116177
9461,16.906223275810493,Incoming,18-25,42.45161076736329
9462,14.79696884160735,Incoming,18-25,63.9318796270938
9463,14.518938689797105,Incoming,46-55,18.54641862836869
9464,16.29465214112845,Incoming,46-55,50.92858520128794
9465,17.68403734612452,Outgoing,36-45,89.87915309912825
9466,8.752175440379975,Incoming,56-65,53.154947933715434
9467,22.16816804408939,Outgoing,56-65,52.15555312315297
9468,5.7016847972510085,Incoming,46-55,50.41273080715011
9469,11.57593945130552,Outgoing,26-35,42.090474391476015
9470,14.528654646175497,Incoming,46-55,56.28981344729741
9471,17.06177984542974,Incoming,26-35,65.50546023320607
9472,22.880862638706894,Outgoing,56-65,43.3635989501845
9473,5.708542558874463,Incoming,46-55,0.18496523398358278
9474,12.461529358051447,Incoming,18-25,59.31235010557508
9475,4.365832561003673,Outgoing,26-35,92.66252153040207
9476,15.15810986955124,Outgoing,26-35,42.47477183887739
9477,16.358417922500152,Outgoing,26-35,20.576732344867928
9478,22.953978710856262,Incoming,56-65,63.54825969464959
9479,15.603173804467271,Outgoing,36-45,84.87664528368006
9480,20.220125647211898,Outgoing,18-25,60.58747139430471
9481,17.919185407695295,Incoming,46-55,84.4940010833302
9482,12.823759014974158,Incoming,26-35,65.87337091251426
9483,7.9551962660398035,Incoming,56-65,64.13701971355385
9484,16.375011491459055,Incoming,26-35,39.63998634515775
9485,7.539489914273181,Incoming,46-55,55.70813781506434
9486,21.47603536334822,Incoming,18-25,49.41058086564447
9487,14.18968948981588,Outgoing,26-35,48.725285588666964
9488,20.97588705755708,Outgoing,56-65,44.92269744097865
9489,12.598927829338002,Incoming,56-65,54.51226934917108
9490,16.34425393200496,Outgoing,36-45,24.073100317265475
9491,16.046744286673444,Outgoing,56-65,66.2343679856315
9492,14.77477940994538,Outgoing,36-45,32.44509414439607
9493,12.83670243301704,Outgoing,18-25,44.99457549990584
9494,16.9622800923526,Incoming,46-55,56.6111978607033
9495,10.369183682583959,Incoming,36-45,31.45453163208976
9496,8.952823355204707,Outgoing,26-35,10.670738753894945
9497,21.21413446663414,Incoming,26-35,42.339066446049856
9498,18.635839944460503,Outgoing,46-55,21.378050148326004
9499,15.3294580430112,Outgoing,56-65,64.24621865340941
9500,23.32571191271891,Incoming,26-35,26.92992854915748
9501,13.661172406375776,Outgoing,36-45,79.70311127418324
9502,21.613516099944896,Incoming,46-55,49.8841422152955
9503,15.877870424629108,Incoming,26-35,51.183483891884585
9504,9.876246249618049,Incoming,56-65,10.387373429106724
9505,24.24020095885425,Incoming,56-65,52.89725257701046
9506,19.953554233120425,Incoming,26-35,48.396401662534934
9507,14.394894844952178,Incoming,46-55,24.01821930149061
9508,18.635856297669747,Incoming,18-25,51.74536677593617
9509,12.981482830010465,Incoming,26-35,42.041539783851526
9510,19.14574517529771,Incoming,56-65,45.664243642092806
9511,3.0446071735802036,Outgoing,18-25,50.517635243880925
9512,9.900993331527031,Incoming,46-55,40.57091573683597
9513,19.896298721434814,Outgoing,56-65,54.92913253897736
9514,13.751722308905403,Incoming,46-55,48.26889035298073
9515,16.03771147444371,Outgoing,26-35,59.45536936773151
9516,8.266071689422827,Incoming,46-55,39.42650812056017
9517,24.239334978510513,Incoming,56-65,28.701604941320813
9518,20.952648218588383,Incoming,26-35,35.82262943123723
9519,13.99657390812335,Outgoing,56-65,78.85313537703557
9520,12.976520715683368,Outgoing,56-65,69.11933052413494
9521,20.148021807098466,Incoming,18-25,74.26758265198218
9522,24.912352250844638,Outgoing,36-45,75.6542791634044
9523,19.768801279056767,Incoming,46-55,40.67363885653595
9524,25.85901333698301,Outgoing,46-55,55.91623870816925
9525,10.38824335469041,Outgoing,18-25,51.51678005695925
9526,10.903065847506046,Outgoing,46-55,63.19077051182844
9527,9.055294409733257,Incoming,18-25,44.21663509538065
9528,17.208803248247396,Outgoing,46-55,51.859483141820085
9529,15.87801774902185,Outgoing,46-55,51.44542955239371
9530,14.240244382640071,Incoming,56-65,60.645247998313955
9531,19.04629314061649,Incoming,18-25,63.11434442143198
9532,21.16164302607332,Outgoing,46-55,51.873420646804
9533,7.3716879535657895,Outgoing,36-45,52.47981568131616
9534,12.015139860494422,Incoming,18-25,54.517960414974084
9535,19.1007179706153,Incoming,18-25,82.93102841246085
9536,12.66130658070709,Incoming,18-25,15.400044173661364
9537,11.00896961820923,Incoming,56-65,30.60640677564384
9538,20.092687138251975,Incoming,18-25,63.473591928918836
9539,8.5524996513801,Outgoing,56-65,55.39568797678182
9540,13.492100961044475,Incoming,36-45,55.25499100301754
9541,16.643220129024044,Incoming,26-35,63.34990997426713
9542,12.130900430449406,Outgoing,56-65,54.27985786247526
9543,18.915778280065872,Incoming,46-55,38.81435043101553
9544,12.155615124013154,Incoming,18-25,62.57618280216518
9545,22.043097467229597,Incoming,26-35,50.417743259981556
9546,14.371268512521137,Outgoing,56-65,41.04845642220893
9547,18.356350683526767,Incoming,46-55,63.807212491558225
9548,18.730119764914082,Incoming,26-35,63.020677165639995
9549,11.862299986279636,Incoming,36-45,54.295329832015845
9550,4.732567256720557,Incoming,56-65,84.34238307989115
9551,16.803778773319173,Outgoing,56-65,76.53653469540569
9552,15.361441735624348,Outgoing,36-45,70.03714388107603
9553,17.779130137875637,Incoming,56-65,101.32731145617495
9554,13.86736263808581,Incoming,18-25,47.07073196004568
9555,12.84786150599642,Incoming,56-65,40.70399341367813
9556,25.042365054908498,Incoming,18-25,67.20726198606718
9557,7.638229692446111,Incoming,56-65,44.94731404011438
9558,18.66975239182119,Incoming,46-55,50.23855431295645
9559,12.126990709083046,Incoming,46-55,30.281600684993904
9560,13.321106911297889,Outgoing,26-35,62.133189154262546
9561,13.414485837130172,Incoming,46-55,20.579855089247804
9562,10.982828629143714,Outgoing,36-45,48.07123557681261
9563,17.856121051181198,Outgoing,26-35,49.69288524968487
9564,21.953217979749788,Incoming,46-55,41.27922315160337
9565,17.350068306233307,Outgoing,18-25,14.855704826770001
9566,15.516909981060476,Outgoing,56-65,14.707378124510988
9567,10.067797504503767,Outgoing,46-55,35.076551866564
9568,17.584126329122256,Incoming,18-25,60.781006575241285
9569,25.781748158646494,Outgoing,26-35,55.77849722883888
9570,13.096526881024538,Outgoing,56-65,49.67129282337717
9571,13.12008210324067,Incoming,46-55,32.308230279650445
9572,12.194554345095014,Incoming,26-35,56.82264442522215
9573,12.552928827527898,Outgoing,46-55,14.019414439221634
9574,1.2735022316380764,Incoming,26-35,2.069010352560447
9575,17.025176929278565,Incoming,46-55,45.138568975699904
9576,10.772239118226931,Outgoing,18-25,39.07897239805942
9577,6.948684406041,Outgoing,36-45,70.26342595294916
9578,18.765949748662745,Outgoing,18-25,53.15967555545669
9579,9.589911074790319,Incoming,56-65,83.01470619999702
9580,13.306654730581212,Outgoing,46-55,39.035698626090806
9581,22.3322119559429,Outgoing,36-45,59.735445830443226
9582,7.9539210098774324,Incoming,36-45,44.9544574116874
9583,7.33700882701119,Incoming,56-65,77.63439448262275
9584,16.34653094781169,Incoming,56-65,45.918991057518404
9585,20.747436820051842,Incoming,36-45,67.0881356029153
9586,7.128291411340185,Outgoing,56-65,28.447620709516794
9587,17.038448684185887,Outgoing,56-65,41.695747137359106
9588,17.90499769980846,Outgoing,46-55,48.31913176145067
9589,4.7041975815383985,Incoming,18-25,75.26835079925601
9590,18.9925066895361,Outgoing,26-35,6.056261179839225
9591,19.383029399210898,Incoming,36-45,43.34711107108442
9592,13.441072133719876,Incoming,26-35,42.67039747145399
9593,21.26173181149004,Incoming,36-45,8.46052955211239
9594,20.682277871624226,Outgoing,36-45,40.7192847850637
9595,15.515589628586024,Incoming,18-25,19.186657376174125
9596,12.742773048375332,Outgoing,36-45,3.3867304392521547
9597,10.135860537085215,Outgoing,36-45,44.753743430093536
9598,14.812182453169044,Outgoing,18-25,44.077097583922836
9599,17.848794598520897,Incoming,56-65,45.100928340813354
9600,13.379115694796793,Outgoing,26-35,55.05716491796703
9601,4.012494973689851,Outgoing,36-45,32.41206353572602
9602,21.34356947288285,Incoming,18-25,85.81712026891842
9603,15.951116109224468,Outgoing,36-45,49.33411983736993
9604,13.101877516615831,Incoming,18-25,75.72860926122968
9605,19.285791942116443,Outgoing,26-35,16.40201517022576
9606,22.62319298241378,Incoming,46-55,33.309406998162515
9607,0.9904421525605418,Incoming,56-65,63.7262961008846
9608,17.17131824961036,Incoming,46-55,45.468714486441336
9609,7.866753945948264,Incoming,18-25,28.53641225254067
9610,17.495552533994704,Incoming,36-45,13.227402027118373
9611,15.639636011872897,Outgoing,56-65,64.6640734448073
9612,18.17863263220275,Outgoing,26-35,63.0320450989771
9613,12.503761927526725,Outgoing,56-65,54.86641382838456
9614,5.633799440904241,Outgoing,36-45,40.08187618428167
9615,12.74815904371666,Incoming,46-55,27.738199447403904
9616,17.034238175698917,Incoming,18-25,48.940369202065966
9617,20.076961643376116,Outgoing,46-55,23.693627927091995
9618,9.140843497637373,Incoming,56-65,34.9683183887082
9619,20.135302134365087,Outgoing,36-45,75.22501162799098
9620,11.760638551767393,Incoming,18-25,12.98328473737162
9621,16.812249407972633,Incoming,36-45,63.55055653800734
9622,12.450530235671836,Outgoing,36-45,79.88391902898326
9623,15.910853138560508,Outgoing,56-65,66.32519438765307
9624,19.459388172851373,Incoming,46-55,57.96425756852968
9625,8.86492961355732,Outgoing,36-45,40.72854307657752
9626,11.600470516265844,Outgoing,36-45,37.08223891131975
9627,15.924812936710433,Outgoing,36-45,5.037382678733586
9628,27.00791830515176,Outgoing,18-25,50.74013360534629
9629,10.68405143916586,Incoming,36-45,41.95519102541813
9630,25.200669429984593,Incoming,36-45,36.03931182636186
9631,25.022116518375853,Incoming,56-65,49.59837942241974
9632,14.513444246492044,Incoming,36-45,51.24738960409311
9633,13.509237369000498,Outgoing,36-45,37.28885405265893
9634,11.539674006676542,Outgoing,56-65,82.26161566953573
9635,14.658987348336655,Outgoing,18-25,64.61205558224849
9636,7.96640283720221,Incoming,46-55,67.92557116746556
9637,14.618804913397012,Incoming,56-65,47.93394432721182
9638,22.48440136925428,Incoming,18-25,60.22471464522285
9639,11.944574687616411,Incoming,46-55,32.08590798802874
9640,13.796378480054747,Outgoing,36-45,63.325170805006124
9641,6.494297628663791,Outgoing,56-65,45.911947853725216
9642,16.870310440655217,Outgoing,36-45,29.560329299713487
9643,16.32240842475687,Incoming,56-65,49.54466657561541
9644,15.318511798828855,Incoming,46-55,44.15891939500221
9645,13.915864748889284,Incoming,18-25,96.46138654441833
9646,13.536210406137727,Incoming,56-65,58.70788496959823
9647,17.50950116850336,Incoming,18-25,81.59434934896444
9648,14.855916992056883,Incoming,36-45,72.62574212717453
9649,16.57485935777666,Outgoing,36-45,50.755611995949984
9650,16.074914087272738,Incoming,46-55,41.125615941399104
9651,20.61713643547881,Incoming,46-55,15.195468375993542
9652,18.38497048687527,Incoming,26-35,32.5811289867052
9653,15.964309215750953,Outgoing,26-35,63.255069155084286
9654,22.592110153260897,Outgoing,46-55,43.95739229758594
9655,17.101342645282806,Incoming,36-45,57.51640651476883
9656,21.524813443952095,Outgoing,18-25,9.394496973053272
9657,18.034713041933188,Outgoing,46-55,59.070296981947465
9658,5.790404605342285,Outgoing,18-25,71.92963114398572
9659,21.524173816596647,Incoming,26-35,14.484834203874932
9660,15.675881206713346,Outgoing,18-25,57.43127812713599
9661,14.740226145496111,Outgoing,46-55,76.87069307216922
9662,16.406741737447884,Outgoing,36-45,83.60173298678932
9663,13.275084190214663,Incoming,46-55,39.93001858284081
9664,16.135144301944727,Outgoing,56-65,65.59860689223068
9665,12.040619668284538,Incoming,56-65,78.5957964001083
9666,21.37136129367185,Outgoing,56-65,58.02762781560757
9667,14.432059431894748,Incoming,36-45,75.70155177993621
9668,13.087080786387833,Incoming,46-55,49.282766933233994
9669,10.375370921403631,Incoming,56-65,57.886282875415944
9670,16.343878945743207,Incoming,46-55,37.56781547075595
9671,15.935535500625459,Incoming,26-35,46.70799684652482
9672,16.94212306838753,Outgoing,56-65,58.674323397527274
9673,9.863740562474355,Outgoing,56-65,36.06761349908464
9674,6.994094005942134,Outgoing,36-45,45.52827253718492
9675,18.127956512532798,Incoming,46-55,65.21747361893607
9676,22.42320930938254,Incoming,36-45,91.05115066352201
9677,9.86823188805052,Incoming,36-45,9.011230167028529
9678,22.94720641780849,Outgoing,46-55,89.53153334647234
9679,16.419555293681903,Incoming,26-35,44.80256471154465
9680,14.964685477245851,Incoming,46-55,69.2979973805477
9681,13.01225651727111,Incoming,26-35,73.2218539998348
9682,8.077409902875017,Incoming,36-45,81.28993547881095
9683,19.938642579623,Outgoing,26-35,35.44076270540418
9684,11.121968192811984,Incoming,26-35,45.49457383764403
9685,11.100966621311999,Incoming,26-35,48.928078020941925
9686,19.959631549434775,Incoming,56-65,42.851323150053105
9687,5.585082766641367,Incoming,56-65,76.37521949678279
9688,7.382010946659166,Outgoing,36-45,48.46344597977068
9689,14.90932878245959,Incoming,46-55,17.62904670383262
9690,16.46642214502426,Outgoing,26-35,37.339723553724724
9691,17.423673239844618,Outgoing,56-65,18.4319994660624
9692,13.491007533018736,Incoming,46-55,45.43322426613318
9693,27.65184834320845,Incoming,26-35,63.45099349135873
9694,13.860537206170829,Outgoing,46-55,36.91046655392623
9695,13.84606923948639,Incoming,18-25,41.93934070730846
9696,11.015066655930612,Incoming,26-35,44.504694153236116
9697,15.619534082605355,Outgoing,46-55,52.8148498767049
9698,18.074806160233873,Outgoing,26-35,60.32165557271049
9699,21.0178902726673,Outgoing,26-35,66.14510855870736
9700,7.55357867779891,Outgoing,18-25,95.11033965873042
9701,13.770023308221496,Outgoing,46-55,52.46991862000145
9702,17.23351805404572,Outgoing,36-45,64.71586107959429
9703,17.935287672972677,Incoming,56-65,18.248865046434503
9704,15.032743289022696,Incoming,26-35,42.41634028868933
9705,17.71211984766051,Incoming,26-35,44.591662130758536
9706,10.955180535370998,Incoming,26-35,29.65370222025792
9707,22.789527161591785,Incoming,26-35,39.28014537264928
9708,19.963140514897148,Incoming,56-65,47.85030564688745
9709,8.275361064674138,Incoming,36-45,39.90673251670384
9710,9.624484759416223,Incoming,18-25,102.03668375676321
9711,9.76539124946547,Incoming,36-45,60.24550683155459
9712,18.38984985448264,Outgoing,56-65,90.02045477718673
9713,8.576361167912664,Outgoing,46-55,79.8530235766801
9714,13.344878328959597,Incoming,18-25,37.21507733099228
9715,17.27352198208387,Incoming,18-25,50.75120934839623
9716,14.669170327267826,Outgoing,46-55,41.30350757850846
9717,16.294437578563528,Outgoing,26-35,46.76354481427337
9718,9.670986443256208,Outgoing,56-65,30.471326616225387
9719,17.97427186698622,Incoming,46-55,41.16929341659554
9720,11.933940537620018,Outgoing,36-45,57.19037763066477
9721,13.376901628010295,Outgoing,36-45,56.66244113884407
9722,16.18865863952993,Outgoing,46-55,55.06807330432534
9723,15.51539110765424,Incoming,56-65,48.80650350232882
9724,15.119900095077965,Outgoing,18-25,67.21484850473881
9725,11.246865890116222,Incoming,18-25,44.859139478429235
9726,13.50225294400404,Outgoing,26-35,77.83104679523231
9727,15.01091795418518,Outgoing,56-65,13.048048859648759
9728,8.124573834164575,Incoming,36-45,63.13622047951512
9729,12.687335168433105,Outgoing,36-45,59.76742224494714
9730,16.938399395164232,Outgoing,26-35,36.508668854969
9731,8.612816980773287,Outgoing,36-45,42.89537946289446
9732,20.7829082579712,Incoming,26-35,59.29581878218073
9733,21.348066312999215,Incoming,26-35,68.31870494297499
9734,8.774247120199572,Incoming,46-55,15.010736633377874
9735,21.788098165250695,Outgoing,18-25,62.56492135308511
9736,14.282092056439328,Incoming,56-65,40.846976288848865
9737,17.092572795785273,Outgoing,56-65,72.50579548597106
9738,12.516744739358767,Outgoing,18-25,13.214495723676457
9739,19.61522413613381,Outgoing,56-65,98.90597930242414
9740,17.030470094243334,Outgoing,36-45,32.27720133971805
9741,10.929233717011982,Outgoing,36-45,78.59922373579356
9742,9.173990000173557,Outgoing,56-65,48.61630760534334
9743,7.6984878239538865,Outgoing,46-55,33.626665255997395
9744,15.939708882163782,Outgoing,56-65,55.30228010762823
9745,17.86235705889868,Incoming,26-35,70.58250889912736
9746,18.254828393897206,Incoming,26-35,18.945903985104753
9747,14.41009452696311,Outgoing,18-25,64.03177698574018
9748,9.21501772167818,Incoming,36-45,49.756430026858204
9749,11.589626009881085,Incoming,46-55,61.54088165132668
9750,20.76174319480963,Incoming,56-65,50.2195071467796
9751,12.576857176999592,Outgoing,26-35,38.56262322490692
9752,15.717088153407381,Incoming,36-45,27.737534972562422
9753,9.621747582125563,Outgoing,36-45,63.4529022409405
9754,16.682915227295176,Incoming,46-55,63.3454398439767
9755,12.711577191604611,Incoming,46-55,63.24544495381616
9756,20.233563568878818,Incoming,46-55,58.55192638881147
9757,18.867788531034066,Outgoing,46-55,68.8939774367894
9758,12.521470267125501,Outgoing,26-35,78.12138559539284
9759,14.366679863261684,Outgoing,46-55,12.471643051869641
9760,12.244418799796856,Outgoing,36-45,3.1640511226182326
9761,7.902834017274952,Outgoing,36-45,84.3589471975929
9762,10.712787852263917,Outgoing,56-65,23.17906970829622
9763,15.9910866386041,Outgoing,36-45,28.27513426420761
9764,16.62629749114791,Outgoing,36-45,44.24771376250151
9765,15.742739517963194,Outgoing,26-35,16.920568425737954
9766,13.491334730206821,Incoming,36-45,42.36826605384725
9767,19.665333028604927,Incoming,18-25,31.0378931175467
9768,15.317709522804687,Outgoing,36-45,45.33318260605985
9769,18.516269140479736,Incoming,56-65,55.59682609814204
9770,6.131124338987407,Incoming,56-65,43.12923549140871
9771,0.0,Outgoing,46-55,42.11905429205706
9772,16.4189401391904,Outgoing,26-35,55.15991593583293
9773,7.876171731392553,Incoming,56-65,70.88583595899897
9774,13.93774148643472,Outgoing,18-25,82.05928693843332
9775,13.489514794876971,Incoming,18-25,45.62923491995569
9776,22.937003012077685,Outgoing,46-55,86.49778303846475
9777,16.999982764718034,Incoming,26-35,67.53413669522493
9778,15.829295133993364,Outgoing,26-35,25.359830920536474
9779,19.18495577316837,Incoming,36-45,24.7758348877265
9780,16.842487934195194,Incoming,18-25,38.4542429879466
9781,12.711615035057834,Incoming,18-25,78.89207966719452
9782,20.3573796512728,Incoming,18-25,39.97265368868927
9783,9.451249360558629,Outgoing,18-25,12.152863509874535
9784,16.61623593766781,Incoming,56-65,45.422315822245785
9785,7.262151029318444,Outgoing,26-35,10.388560648791866
9786,16.019719287579974,Incoming,36-45,28.90028706126256
9787,15.964948208864648,Outgoing,56-65,38.25943187414828
9788,23.382274809573314,Incoming,26-35,52.99337821849383
9789,7.175130532791103,Outgoing,46-55,70.48324653213757
9790,11.995564120730936,Incoming,18-25,63.88271886743529
9791,19.11341213287072,Incoming,36-45,26.41350403105029
9792,16.676586281986538,Outgoing,26-35,42.56575475668695
9793,15.901525256687515,Incoming,46-55,51.527511774051334
9794,10.219321485207303,Incoming,18-25,44.75585751107001
9795,12.045908259542854,Incoming,46-55,44.61409548263411
9796,21.225205041116283,Incoming,46-55,15.545133506914567
9797,14.742454031230361,Outgoing,56-65,26.94531697720719
9798,16.876798480722368,Incoming,46-55,41.941203017214534
9799,14.424058356117605,Outgoing,56-65,0.0
9800,9.084572423751174,Outgoing,56-65,62.81288640019709
9801,19.669052130374983,Outgoing,46-55,22.54641800577861
9802,17.51616192266248,Outgoing,26-35,63.736762665302756
9803,26.528184186835944,Incoming,46-55,61.9783200894182
9804,9.922093101747276,Incoming,46-55,39.12613913775232
9805,19.112864606002404,Outgoing,26-35,70.01096651403076
9806,8.442280169814994,Incoming,18-25,64.86394689849867
9807,15.786732838365388,Incoming,36-45,43.82077058330719
9808,19.882532945315823,Outgoing,18-25,41.564807696166035
9809,4.639324419517566,Outgoing,46-55,71.94465571328713
9810,13.97533762879196,Outgoing,18-25,54.64027678815329
9811,12.183951329786899,Incoming,36-45,70.89394336736285
9812,11.490213508524391,Outgoing,18-25,2.2205185129452616
9813,16.926063261296772,Outgoing,36-45,51.96970194038924
9814,20.603428532112975,Incoming,18-25,18.45181826061254
9815,14.333606423854222,Incoming,56-65,49.48422985026474
9816,16.0274321378001,Incoming,46-55,64.27640416691767
9817,15.571543765296239,Incoming,36-45,84.78280291498206
9818,15.00901753178207,Incoming,46-55,31.23666543125628
9819,9.553286811439468,Incoming,56-65,39.48590389396034
9820,20.542223008614464,Incoming,18-25,48.08934185848925
9821,16.47597684079418,Incoming,46-55,30.50937797076219
9822,16.974407450012887,Outgoing,18-25,69.57119457578514
9823,10.967451854872088,Incoming,18-25,48.59810909268753
9824,12.703898010053797,Outgoing,46-55,52.43914046752092
9825,14.119329011446109,Incoming,36-45,62.40346253548317
9826,7.3293765327557425,Incoming,36-45,48.56576967249181
9827,6.559828374011609,Outgoing,46-55,33.6492174364827
9828,11.996260346807162,Incoming,36-45,48.73959523403066
9829,17.61260383221195,Outgoing,26-35,32.87637280973222
9830,11.734313050350295,Incoming,18-25,52.159617782329725
9831,9.905974012046432,Outgoing,46-55,69.93875441603593
9832,10.926571733811649,Outgoing,56-65,26.500434154553364
9833,12.723287884273438,Incoming,46-55,19.352579971158153
9834,13.230705185899481,Outgoing,46-55,50.984998718393484
9835,25.82760726103278,Outgoing,18-25,34.64400766512188
9836,20.27310314243659,Incoming,56-65,50.634905488239376
9837,20.12387056140864,Incoming,18-25,56.408070412194014
9838,20.842901821366908,Outgoing,36-45,7.126275421429213
9839,10.005895653329752,Incoming,46-55,63.79698855317084
9840,8.888176925063805,Outgoing,18-25,26.606629940895022
9841,9.465648542329717,Outgoing,26-35,49.5530409887062
9842,21.67253066668919,Outgoing,46-55,36.812353291231396
9843,12.264041055587544,Incoming,36-45,38.96085970431411
9844,8.743219088803565,Incoming,18-25,83.87915879235976
9845,12.845018998900935,Outgoing,18-25,56.38535041591322
9846,13.806972341426864,Outgoing,26-35,68.09376805907182
9847,16.34206636847281,Outgoing,36-45,53.018827084054855
9848,16.254755103560214,Incoming,26-35,62.400271493099076
9849,10.85909718063246,Outgoing,46-55,58.34756724286904
9850,18.428281962568555,Incoming,56-65,55.089122893736516
9851,11.80403233124921,Outgoing,18-25,72.1431181832936
9852,14.218618316474785,Outgoing,26-35,53.130109076885404
9853,18.433870352516774,Outgoing,18-25,95.7029714443541
9854,11.790892980278294,Outgoing,18-25,69.21063145624876
9855,12.153242882094313,Incoming,26-35,27.209186045206202
9856,17.958340248465653,Incoming,18-25,46.46900582034036
9857,10.711334116974903,Incoming,36-45,57.94155198981336
9858,13.076039881979646,Incoming,36-45,50.88993671424074
9859,17.778710890214462,Incoming,56-65,63.73746837944336
9860,25.270462207179875,Outgoing,36-45,65.94033409667747
9861,18.027022523813734,Incoming,26-35,22.808260284020708
9862,17.36319881495006,Incoming,36-45,75.62155089432989
9863,17.654007918363646,Incoming,56-65,40.06365069027911
9864,9.634048629664754,Incoming,46-55,38.081909882704856
9865,15.57798369339954,Outgoing,46-55,38.01755214588919
9866,14.851167558317991,Outgoing,26-35,66.17152811981165
9867,16.60792270186378,Outgoing,56-65,44.65864603704428
9868,15.582540262379354,Incoming,36-45,36.72896711324585
9869,16.898498387085564,Outgoing,56-65,41.520816851129254
9870,13.442664025503992,Outgoing,18-25,14.106166821682457
9871,15.293044586858963,Incoming,56-65,33.15672472097026
9872,8.86085716971504,Incoming,36-45,25.20832902693801
9873,13.400463609985431,Incoming,26-35,44.61661339008218
9874,21.954167740883218,Outgoing,18-25,63.28386540547185
9875,16.59404169814128,Incoming,56-65,61.07751801866454
9876,14.895394813084616,Outgoing,46-55,75.13500995093166
9877,24.480616381271734,Outgoing,36-45,70.67951634593241
9878,8.195825108494605,Outgoing,26-35,39.428065701632455
9879,9.452722222768902,Outgoing,36-45,50.38142801507426
9880,23.563557056381363,Outgoing,56-65,49.34887811557163
9881,15.22980468024467,Incoming,26-35,6.978946345562264
9882,13.787084818551032,Outgoing,46-55,25.654809261805113
9883,9.003978374521784,Outgoing,18-25,46.65426645697775
9884,17.23848133197506,Outgoing,56-65,46.54207129718383
9885,17.72229934763731,Outgoing,26-35,60.24650108410334
9886,9.527528195825518,Outgoing,18-25,59.27283259071696
9887,14.29862207224786,Incoming,26-35,14.586149958005294
9888,13.32242083983467,Outgoing,56-65,60.3719346891506
9889,16.279885732093856,Outgoing,26-35,53.57174412907528
9890,9.403748788896781,Outgoing,46-55,62.46746363289258
9891,21.259737272565786,Outgoing,26-35,71.3373117528318
9892,19.579118907988022,Incoming,56-65,47.14234054424057
9893,13.18412220633592,Outgoing,26-35,74.9117647396016
9894,13.917906441808144,Outgoing,18-25,32.211990922139066
9895,14.31788924861192,Outgoing,18-25,31.08523759255563
9896,11.108457234967483,Outgoing,36-45,58.57544380271082
9897,12.782852908824822,Incoming,36-45,42.6246490938964
9898,13.648648161626955,Incoming,46-55,55.23265129237939
9899,23.06434185353564,Incoming,18-25,89.85964239688983
9900,19.733091541652183,Outgoing,36-45,57.86990147007951
9901,19.67327353668312,Incoming,26-35,54.24339077728239
9902,16.849628065021953,Incoming,46-55,32.615592426963055
9903,9.413364955343827,Incoming,56-65,16.00040386751307
9904,14.792544477113104,Incoming,36-45,48.54906769452979
9905,19.8524422980669,Incoming,36-45,71.33740493216393
9906,8.70867685316356,Outgoing,18-25,43.54123985878652
9907,18.18276603436632,Incoming,46-55,58.02924998410738
9908,26.613046126313833,Incoming,18-25,78.52994545437164
9909,20.30908322994866,Incoming,18-25,78.0303262646072
9910,22.070145677809936,Outgoing,46-55,58.57631775203565
9911,16.091693752210805,Outgoing,26-35,53.40212957314686
9912,19.83965974382495,Incoming,36-45,19.627339019938486
9913,11.410733928229822,Outgoing,18-25,37.39610711646119
9914,18.979319061706132,Outgoing,36-45,44.38488383963854
9915,18.271940670303817,Incoming,46-55,32.953367771316955
9916,16.449555870188316,Outgoing,26-35,54.969065259055284
9917,21.58003709859249,Incoming,56-65,88.23296366972201
9918,12.306075810763057,Incoming,26-35,80.35523185323234
9919,14.064712417631688,Incoming,46-55,54.87759723662414
9920,15.477310206791483,Outgoing,26-35,65.58868144049657
9921,9.851945144552996,Incoming,56-65,35.427913692877624
9922,16.134659719001238,Incoming,18-25,79.28178701337603
9923,6.405347935230765,Outgoing,26-35,18.76066808109639
9924,20.234772672141048,Incoming,46-55,68.25656322172324
9925,15.233186832829828,Outgoing,26-35,59.9117942039955
9926,12.395535480481183,Outgoing,56-65,34.88281226491151
9927,10.828131938524393,Incoming,46-55,45.82426486524125
9928,13.827104851904062,Outgoing,26-35,27.31494593687881
9929,18.44129855386207,Incoming,46-55,28.167199043955357
9930,17.738694893687803,Outgoing,56-65,18.1789199875214
9931,11.472310263607696,Outgoing,18-25,65.35027804401423
9932,10.769801636861828,Outgoing,56-65,74.10689938853362
9933,18.284493531598237,Outgoing,18-25,6.763842723731479
9934,11.388262976924853,Incoming,36-45,86.76611032303012
9935,15.299548870397517,Incoming,56-65,49.759835267263206
9936,15.618773212621385,Outgoing,18-25,55.79706409753676
9937,16.560310658633693,Incoming,36-45,20.551743288298475
9938,19.291352150909358,Incoming,36-45,76.41651500329729
9939,8.685185315663386,Incoming,36-45,54.00500186333668
9940,5.444203373697562,Incoming,46-55,72.77652479542598
9941,12.16276359385824,Incoming,56-65,74.41716641295487
9942,24.00764203916093,Incoming,56-65,76.69748845442541
9943,25.110870500436892,Incoming,56-65,37.03438448295594
9944,24.15588567782944,Outgoing,56-65,45.84075984213591
9945,14.035093161196553,Incoming,46-55,37.765958505409706
9946,6.089424590075856,Outgoing,56-65,67.90192925482566
9947,3.284804491740797,Outgoing,18-25,56.65778458727481
9948,11.929809192252945,Outgoing,36-45,71.38289728026476
9949,14.0096318492532,Incoming,46-55,72.25477606114464
9950,21.503127005279794,Incoming,46-55,15.454810181221845
9951,19.339027297712228,Outgoing,56-65,77.01540261107745
9952,16.1370253949581,Outgoing,36-45,69.01721915531434
9953,10.550776145294291,Incoming,18-25,42.61550233629005
9954,10.19610220877555,Incoming,36-45,56.995855330592576
9955,16.270638435357178,Incoming,26-35,47.52660856834592
9956,18.485254894198633,Outgoing,36-45,62.32111357262352
9957,16.959406311227923,Outgoing,18-25,42.57207238590247
9958,9.827010201966726,Incoming,18-25,59.57854482338215
9959,18.25333814396043,Incoming,18-25,51.34610609318704
9960,17.129554835507058,Outgoing,46-55,41.35612193009389
9961,9.646667969049108,Incoming,46-55,53.80272489804118
9962,11.078395148498721,Incoming,26-35,104.12939146977516
9963,18.442479872807834,Outgoing,36-45,36.28926740348636
9964,13.827462324270545,Outgoing,56-65,45.00112817476862
9965,22.945736508182286,Outgoing,26-35,36.63775200733939
9966,17.505646380322883,Outgoing,56-65,38.735672289448324
9967,12.566844059053654,Incoming,56-65,66.31548706770715
9968,14.948971998045337,Outgoing,26-35,64.31764919272136
9969,15.316916963188591,Incoming,36-45,49.882729933573806
9970,11.35804843379145,Incoming,56-65,70.52593170538223
9971,10.437059009111866,Incoming,46-55,65.86886590988621
9972,18.5069494690475,Outgoing,46-55,46.75331627947572
9973,19.226366485210477,Outgoing,26-35,19.32270516411588
9974,18.018907347764795,Incoming,56-65,66.59566015898005
9975,22.57659047161901,Incoming,26-35,53.3932924200395
9976,12.29113381994199,Outgoing,46-55,50.44446927401184
9977,23.371353830355652,Incoming,26-35,40.67903959980569
9978,10.495394407229236,Incoming,56-65,64.89297898232633
9979,9.936572183157537,Incoming,56-65,56.96992504857002
9980,6.200205589253748,Incoming,46-55,45.263439143954066
9981,12.771023430865915,Incoming,18-25,25.49090905562177
9982,12.481388315852731,Incoming,18-25,71.35858203760152
9983,17.629686401273254,Incoming,36-45,62.09810446311754
9984,16.219454708102255,Incoming,46-55,55.10805799891192
9985,9.035133144904316,Outgoing,36-45,0.0
9986,13.036368807870913,Outgoing,46-55,49.2421148576788
9987,13.142689894561572,Incoming,56-65,45.175925930486734
9988,6.120088765190538,Incoming,46-55,37.630086298913184
9989,10.095266364933153,Outgoing,26-35,65.08470557128568
9990,11.145931846929553,Outgoing,36-45,64.29720068334555
9991,22.16812509910473,Outgoing,46-55,58.73649434384776
9992,15.957253579786762,Incoming,36-45,70.75781829535485
9993,18.3108437697375,Outgoing,46-55,29.55402971932315
9994,7.50682251425394,Outgoing,18-25,40.92691886461387
9995,20.97107241506996,Incoming,36-45,51.49584526371611
9996,21.505510315120464,Outgoing,56-65,37.5599596154417
9997,5.008275164276871,Incoming,56-65,64.54338443407084
9998,11.473416380420758,Outgoing,46-55,39.5559830373661
9999,17.47882786507755,Outgoing,56-65,75.9674000889351
10000,18.22194226769091,Outgoing,56-65,31.376811964996204
