Customer_ID,Call_Duration,Call_Type,Age_Group,Monthly_Spend
1,31.923885546504323,Outgoing,36-45,70.46575660117615
2,31.20508148921696,Outgoing,56-65,57.16657648086673
3,16.336727975792588,Outgoing,36-45,47.321743353596986
4,25.02319315648024,Outgoing,26-35,72.25514608399757
5,14.197003576439752,Outgoing,18-25,68.76092706320821
6,24.093005487619415,Incoming,26-35,48.011209869683576
7,15.768151679802605,Incoming,18-25,93.11028768715556
8,8.001920710440611,Incoming,56-65,16.456062193152945
9,0.0,Outgoing,18-25,65.14759768728064
10,15.119005877505728,Outgoing,46-55,51.929580586310365
11,18.95343756079705,Outgoing,46-55,67.57143388132307
12,26.312214982253515,Incoming,46-55,57.608910316730686
13,17.256375225059735,Incoming,36-45,61.56960133183229
14,24.02037094302312,Incoming,46-55,10.280534664755429
15,13.822409169449312,Incoming,18-25,60.65161696497833
16,14.639047213279884,Incoming,26-35,81.06188987125259
17,24.3782497777001,Incoming,36-45,39.902859963608535
18,0.0,Outgoing,56-65,79.9026121573403
19,17.090886802320412,Outgoing,36-45,46.167998726651476
20,14.200270553108945,Incoming,26-35,40.181076180639764
21,26.52427843396599,Incoming,46-55,40.761735013743944
22,13.30227593514126,Outgoing,26-35,29.477559246518382
23,20.61609478699066,Incoming,36-45,56.794969382870924
24,23.45061878534286,Outgoing,36-45,39.39916846710774
25,6.551828041087127,Incoming,36-45,41.31418431613858
26,16.02440784208269,Incoming,26-35,37.89258583127128
27,13.978544961398434,Incoming,18-25,63.17813569401213
28,23.62405272780716,Incoming,18-25,23.356199108270268
29,21.725572885685356,Outgoing,46-55,69.80388515891994
30,15.367585789585725,Outgoing,56-65,67.55241102413086
31,9.66814364708764,Incoming,26-35,67.71069672787199
32,24.26702687214063,Outgoing,18-25,30.48537155593073
33,16.52643056380853,Incoming,46-55,60.96463121069172
34,5.671364040327765,Outgoing,56-65,87.58724650485244
35,6.273337207210533,Outgoing,46-55,24.808145052377935
36,20.063434010510836,Incoming,46-55,59.52759998497555
37,8.06935665064137,Outgoing,56-65,27.148451859387166
38,30.017532455225293,Incoming,36-45,48.164432571297944
39,10.440508009484686,Outgoing,18-25,54.1854514934292
40,16.997474922499066,Incoming,18-25,39.167059440631235
41,18.11378376312214,Outgoing,56-65,36.235186091795455
42,11.89435582534208,Incoming,18-25,61.402398950502004
43,1.3212107859542197,Outgoing,26-35,29.746294780146137
44,18.33626568331359,Incoming,26-35,67.91180842597323
45,11.727320069284193,Incoming,26-35,98.54026364545413
46,17.815768993315103,Outgoing,56-65,23.05395898298444
47,16.14368263432904,Outgoing,46-55,21.55520408175201
48,18.843038736502624,Outgoing,46-55,17.110506877259
49,27.933090844592417,Incoming,36-45,43.092384226907086
50,13.176718910910143,Incoming,36-45,76.45193890408994
51,13.718087419602528,Outgoing,26-35,78.694995209623
52,5.339418880722771,Outgoing,26-35,65.53215163629109
53,15.633712342304937,Outgoing,56-65,60.009668621649624
54,19.869089924924765,Incoming,26-35,86.89502122779261
55,13.615535857002811,Outgoing,26-35,42.767278884535386
56,19.915013502838438,Incoming,26-35,68.9692556759076
57,15.757440321575663,Incoming,18-25,104.63335424571903
58,7.884136334217072,Incoming,46-55,85.84781201884898
59,19.183895498281732,Incoming,18-25,26.97773560748774
60,15.55917506504488,Incoming,26-35,40.52269253444159
61,17.859304749865505,Incoming,26-35,105.84601466514954
62,13.031350817527086,Incoming,18-25,40.60962220320694
63,12.412182339063737,Incoming,18-25,94.9606941922934
64,18.101875652870756,Incoming,56-65,44.208108441006274
65,15.385800615705056,Outgoing,56-65,50.025926951000386
66,29.06994774418486,Outgoing,26-35,32.05379418585378
67,22.591113585128152,Incoming,18-25,36.32043695668734
68,20.815029816273817,Outgoing,56-65,50.1147036800477
69,15.757634389490098,Outgoing,36-45,59.61358475402535
70,2.8178358606644363,Outgoing,18-25,44.93554595536671
71,11.346835506676246,Incoming,46-55,72.50586762226601
72,12.468945831909773,Incoming,36-45,44.99193854928971
73,15.075109295970602,Outgoing,36-45,3.3954911458294745
74,16.766483504270322,Incoming,18-25,49.81230758457698
75,21.59252475839847,Incoming,26-35,43.16543996524782
76,18.912018927490458,Incoming,46-55,92.18442453097961
77,25.114422340289334,Incoming,56-65,77.39696823370441
78,14.816686185365253,Outgoing,56-65,79.8335694830367
79,18.800140609191132,Outgoing,26-35,72.56590124100966
80,19.406909594451605,Outgoing,46-55,65.97919336947862
81,18.720083990510123,Outgoing,46-55,65.90195525473177
82,25.973231735580995,Incoming,36-45,78.07438803282956
83,22.62642025923035,Incoming,36-45,69.50201765789075
84,7.764177463490043,Incoming,46-55,41.82492174267979
85,16.19968230658462,Incoming,18-25,19.61823158072768
86,16.902184224391434,Incoming,18-25,7.834521989427266
87,32.06078744586504,Incoming,18-25,33.76619695340086
88,14.691461731281711,Incoming,46-55,36.60080684377701
89,10.122612676646728,Incoming,56-65,52.62754073556417
90,20.068278006336506,Incoming,18-25,51.919228833306356
91,20.478900037366454,Incoming,56-65,98.45446192742492
92,16.483589953892157,Outgoing,18-25,69.03824744948218
93,15.45817297920377,Outgoing,46-55,36.35526646092271
94,23.6423276924346,Incoming,18-25,89.28706676265992
95,11.024812920181258,Incoming,56-65,49.25126358101346
96,14.613326599920248,Incoming,26-35,69.16289639910757
97,13.344950965206287,Outgoing,56-65,66.70829297790945
98,24.657262183344116,Incoming,26-35,56.010360440107064
99,18.998459423004405,Outgoing,56-65,90.3518382346039
100,9.545041318751107,Incoming,18-25,40.39556758784292
101,10.248455247160617,Outgoing,18-25,58.21595932002183
102,30.11390586528506,Incoming,56-65,32.453668889457646
103,24.58252423674928,Outgoing,18-25,63.76152510895847
104,22.890851970664357,Incoming,18-25,65.18762244583358
105,17.085728586813396,Outgoing,46-55,57.14606638286251
106,27.559312680842865,Incoming,36-45,56.70090418876783
107,9.27616649815219,Incoming,36-45,50.628123241683575
108,22.270772585431434,Incoming,56-65,64.4159485988966
109,13.897085454321056,Outgoing,36-45,70.45622978373993
110,15.257746762413392,Outgoing,26-35,24.709732773973176
111,22.08052485382671,Outgoing,56-65,48.06318065460488
112,15.995097439229447,Outgoing,56-65,45.95433922245458
113,13.957100983771195,Incoming,26-35,71.52879320063477
114,13.533896463384522,Incoming,36-45,85.21148067658223
115,3.0955797814221295,Incoming,26-35,65.69036716026824
116,22.342425334929594,Outgoing,18-25,58.57861745617702
117,9.953589490408447,Incoming,56-65,35.787103802938056
118,30.008865839614945,Outgoing,46-55,101.54456751652529
119,14.98671215129505,Outgoing,26-35,31.938892066464362
120,26.166078582121703,Outgoing,56-65,23.622196771457546
121,4.336782771221234,Incoming,56-65,72.98762425334279
122,22.12038114839019,Outgoing,26-35,42.21198667049921
123,23.919890127582683,Outgoing,46-55,74.11339948313378
124,26.124945440551038,Outgoing,56-65,90.80346855287641
125,6.303728590493707,Outgoing,18-25,48.31518719380903
126,12.080969540391497,Outgoing,18-25,66.3986987251625
127,21.035569669292563,Incoming,18-25,43.84405960275176
128,18.039093851908767,Outgoing,46-55,56.849139862513795
129,19.053517497946842,Outgoing,36-45,51.800104316963896
130,14.477993759334675,Outgoing,18-25,79.00127738772204
131,27.85559030538984,Outgoing,26-35,41.36968252769873
132,35.259258137958696,Incoming,36-45,38.15690613538483
133,17.727859468063624,Outgoing,26-35,50.06762477130369
134,20.173948718536764,Incoming,46-55,71.5742334402241
135,17.39370621935972,Outgoing,18-25,35.02154446510179
136,25.98837379333206,Outgoing,56-65,25.42409102983135
137,22.80381398979768,Outgoing,18-25,84.37513308946761
138,9.535336005542094,Incoming,46-55,0.0
139,12.711085926537484,Incoming,18-25,22.450046429703534
140,9.93492244895879,Outgoing,18-25,109.14987839591292
141,35.86375632536857,Incoming,18-25,11.204610570097365
142,21.44718248507448,Incoming,46-55,44.05910015133747
143,12.830196417231523,Incoming,18-25,38.779580494903186
144,12.27113571562612,Outgoing,56-65,0.0
145,22.636618910768373,Incoming,56-65,29.91638897380217
146,23.334441047613936,Incoming,36-45,61.62837590539213
147,22.58675399159087,Incoming,36-45,73.8703023262347
148,14.021098489451962,Incoming,36-45,82.58615141195021
149,19.140905510899245,Incoming,36-45,45.65797860788873
150,17.77640568343369,Incoming,56-65,8.760517950828131
151,10.446177392931013,Outgoing,36-45,56.29399622068759
152,10.514543099867847,Outgoing,26-35,89.36229668616282
153,19.88375531180195,Incoming,46-55,93.146945693533
154,18.37515756730561,Incoming,46-55,79.56115968344388
155,20.87346197589548,Outgoing,56-65,20.92262133924367
156,22.537161270856025,Incoming,46-55,50.13625389209781
157,27.495678357482703,Outgoing,46-55,60.749177260159435
158,11.568669297187672,Incoming,18-25,64.80391085701662
159,21.411653391077675,Outgoing,36-45,10.535626978252203
160,22.244391715700797,Outgoing,36-45,106.40537376997415
161,14.815087112321889,Incoming,18-25,87.98813770634308
162,17.85304228498488,Incoming,56-65,54.9318524511509
163,14.994090103127483,Incoming,26-35,58.19444615405449
164,31.760132683500224,Outgoing,56-65,42.50894562292167
165,17.733968833087744,Outgoing,26-35,85.90100551783588
166,20.160535760979755,Outgoing,26-35,26.068290212615487
167,15.15210992157952,Outgoing,18-25,57.84026185255437
168,13.64255803624447,Outgoing,56-65,34.066097101404935
169,7.88598136808826,Incoming,36-45,54.55885934064407
170,24.69908037307733,Outgoing,56-65,84.2249467691002
171,22.379062481776206,Outgoing,56-65,38.9227402422693
172,14.892324888921506,Incoming,26-35,59.526652672016354
173,10.697410678552401,Incoming,26-35,51.806742739186696
174,18.259359684941003,Outgoing,36-45,36.63927237218678
175,13.516122355921215,Outgoing,36-45,39.56017788079392
176,15.44570201957515,Incoming,26-35,39.83746574598018
177,8.155080387779812,Incoming,56-65,9.868451106008244
178,18.51948706453621,Outgoing,26-35,51.083122029947376
179,18.659022413921246,Outgoing,46-55,56.94568009674519
180,24.66306018967779,Incoming,46-55,17.106348575564546
181,15.944809019571753,Incoming,26-35,43.67416877271967
182,14.665062659573145,Incoming,36-45,49.3579543276612
183,6.102673937179423,Outgoing,26-35,75.20477113477222
184,24.706726638538406,Outgoing,56-65,98.12914929970631
185,23.249761815898715,Outgoing,46-55,64.83598122197992
186,17.201169089847614,Incoming,18-25,20.5716185385563
187,7.695382618287393,Outgoing,36-45,31.88437188883382
188,8.498310782383008,Outgoing,18-25,56.83687428520585
189,13.170258498649973,Incoming,36-45,43.68788961053704
190,23.756579962066645,Outgoing,18-25,54.00001416694458
191,19.032363446691463,Outgoing,18-25,75.70687801997155
192,6.546499677827573,Incoming,26-35,50.71119694177114
193,19.829483402201546,Incoming,36-45,116.16946639043923
194,11.125973945803999,Incoming,46-55,15.555448909703763
195,13.34451441441498,Outgoing,18-25,68.47349687166579
196,23.802166087651937,Outgoing,26-35,13.293232744718082
197,22.358528586465823,Outgoing,56-65,33.68213566735312
198,24.651699179777964,Outgoing,36-45,76.03713295555622
199,16.838065366410515,Incoming,36-45,3.4711995475493467
200,23.18117190506331,Outgoing,46-55,62.427345580737665
201,12.8970461536586,Incoming,18-25,23.90641545975722
202,15.197038457762945,Outgoing,26-35,53.25253049880281
203,14.715947429166464,Incoming,18-25,39.253337967992465
204,17.16705512757146,Incoming,26-35,55.351989569362395
205,7.994562395815452,Outgoing,46-55,64.93799251376672
206,15.424965678136468,Outgoing,18-25,81.46796420866306
207,27.16160111063117,Incoming,56-65,58.47641620086058
208,9.352302867319963,Incoming,46-55,70.38930135713709
209,7.694751026594773,Outgoing,46-55,53.315592514772696
210,8.259181706364403,Incoming,36-45,21.433396369662283
211,35.63301610852249,Outgoing,26-35,26.519327721871928
212,20.253963866092644,Outgoing,18-25,92.29337806867562
213,15.10814230961032,Outgoing,26-35,24.483983837143697
214,17.478242891056954,Outgoing,46-55,59.76313007209996
215,18.593475794727723,Incoming,18-25,59.36223273174861
216,12.516850169894337,Incoming,56-65,57.95187206385314
217,13.37948275903628,Incoming,26-35,80.5693636143457
218,15.89621807458579,Incoming,26-35,38.86300180558232
219,11.926714382355657,Incoming,56-65,49.71008677420762
220,14.22145775085168,Incoming,46-55,46.47804571398824
221,19.47164104131242,Outgoing,26-35,0.0
222,10.019927742659302,Outgoing,36-45,35.98236393253521
223,35.26964594663497,Incoming,36-45,81.64011996149222
224,22.2720962762034,Outgoing,18-25,105.59689591893698
225,8.109406830411437,Outgoing,56-65,78.76236098507849
226,0.0,Incoming,46-55,64.71280643650408
227,12.18747700403555,Outgoing,36-45,20.616030242486886
228,21.790524547250733,Outgoing,18-25,59.63420330849837
229,20.433289261150733,Outgoing,18-25,57.46823420154799
230,16.22406042755971,Outgoing,26-35,113.52869693662488
231,12.7899027719984,Outgoing,46-55,11.330354828905584
232,10.67108038205649,Outgoing,36-45,23.725637268318803
233,14.18191850223345,Incoming,56-65,85.29846106130545
234,9.913340183206785,Outgoing,26-35,93.61263379184577
235,14.207855706540853,Incoming,36-45,63.281409712152936
236,26.316656550759753,Outgoing,18-25,45.87500373819025
237,11.601321405254204,Outgoing,56-65,69.32573256282461
238,21.276168981363917,Incoming,18-25,109.44541404015146
239,22.34396669088942,Outgoing,26-35,38.811176941624225
240,9.442790770248587,Incoming,56-65,66.63525948593583
241,11.096396878083475,Outgoing,56-65,49.95121296762573
242,24.482604058907526,Incoming,26-35,64.23687596379841
243,10.519651722445115,Incoming,18-25,74.46503576614822
244,16.597599755524378,Outgoing,56-65,40.33534835087042
245,31.279886755179678,Outgoing,46-55,79.51653119000686
246,23.858825799429546,Incoming,46-55,42.69320042635761
247,17.596613162148962,Incoming,18-25,69.31392558605062
248,22.885114021718778,Outgoing,56-65,6.431213890732849
249,16.608545402801873,Outgoing,18-25,74.07943274300663
250,24.127622832424315,Outgoing,46-55,32.81911890361294
251,2.6761419805747035,Incoming,56-65,42.50410311101899
252,16.025138025375384,Outgoing,56-65,0.0
253,2.395620653850248,Incoming,18-25,49.381055752297364
254,18.129486317622803,Incoming,56-65,88.20774437381839
255,15.346754712091109,Outgoing,18-25,15.838854540765347
256,26.52510892649631,Incoming,36-45,59.8632830808944
257,21.982791580183672,Incoming,36-45,4.001422338379527
258,13.317386187219535,Incoming,46-55,51.24800585876896
259,14.156486203933945,Outgoing,46-55,76.45853027091493
260,19.664875711608463,Incoming,26-35,52.28688970406023
261,12.99207585212709,Outgoing,36-45,74.51365058020664
262,16.773390495308185,Outgoing,36-45,42.440646914053175
263,26.216886451604083,Incoming,26-35,119.60867303673048
264,11.19608871528735,Outgoing,18-25,82.52229360636207
265,13.86627943830523,Outgoing,36-45,60.23662240840853
266,14.847973581854784,Outgoing,36-45,97.7981911305065
267,39.106513983299365,Outgoing,46-55,89.86405165323583
268,21.25769863755017,Outgoing,26-35,41.56487969418303
269,24.924478373334892,Incoming,26-35,67.51969597452319
270,22.37687998314869,Outgoing,46-55,47.60110216280566
271,22.847757061897095,Outgoing,36-45,77.96572742551207
272,20.31501476132602,Outgoing,56-65,94.29677063264312
273,19.556884400413644,Incoming,26-35,18.00318302564773
274,6.844787418720244,Outgoing,36-45,57.97789416695951
275,19.505051894400577,Outgoing,18-25,91.56120288512162
276,16.241594853249293,Incoming,26-35,74.01014950288166
277,20.818198319946468,Outgoing,46-55,65.68854691144438
278,16.50398583351687,Incoming,26-35,81.87797272716053
279,22.34215004909594,Outgoing,46-55,21.555506683864223
280,23.579527998044263,Outgoing,18-25,69.20538542545795
281,0.0,Outgoing,36-45,85.84010361597385
282,13.962750272838292,Incoming,46-55,69.23599255250946
283,3.9982916587831134,Incoming,46-55,24.514779893972456
284,18.67261188249396,Incoming,18-25,45.57909961139526
285,14.895041355021997,Outgoing,56-65,55.27593342277463
286,26.49079929410624,Incoming,26-35,34.52054217718582
287,18.45071263260614,Incoming,56-65,32.466748887654624
288,13.601290164754007,Incoming,26-35,67.28042083387743
289,23.57000077891909,Outgoing,18-25,96.18564411180648
290,14.7725827952079,Incoming,18-25,7.866496982591002
291,13.514017108744321,Incoming,56-65,42.92478500912259
292,19.755377902492988,Incoming,18-25,36.94088622023125
293,28.2907997295763,Incoming,36-45,92.52617448101621
294,22.974863357678757,Outgoing,56-65,73.07958580390623
295,20.96851675697033,Incoming,46-55,89.78804356087447
296,36.25663973465164,Incoming,46-55,77.14506947266717
297,11.873129745483553,Outgoing,18-25,84.53102866334763
298,11.71697514140525,Incoming,18-25,62.16698995322241
299,18.0189863630782,Incoming,26-35,66.89613764272134
300,27.605184688732997,Outgoing,56-65,68.12043355009041
301,10.408198165937781,Outgoing,56-65,55.83135966588302
302,29.282008182941418,Incoming,36-45,55.12695609164878
303,6.926142574141284,Outgoing,46-55,66.87286414564218
304,16.15147364495175,Incoming,46-55,66.23917321110024
305,18.214259659680547,Outgoing,36-45,60.28318955382001
306,10.821576585774686,Incoming,26-35,59.51829516555288
307,12.651359445474595,Outgoing,36-45,72.79689820210913
308,22.576413355349658,Outgoing,26-35,51.810486881317345
309,27.090890197578638,Outgoing,26-35,24.481997573043458
310,2.1977274625278493,Incoming,26-35,60.146186348769476
311,18.261654698215203,Outgoing,18-25,32.54851625197823
312,16.20683767468938,Incoming,18-25,80.96640335493744
313,17.75177448936765,Incoming,26-35,40.32592692793823
314,14.782634670686587,Outgoing,36-45,42.49095303677209
315,7.966591213105708,Incoming,36-45,65.37249402630806
316,27.796078846312348,Incoming,36-45,54.70759358868526
317,25.115307188314898,Incoming,18-25,84.56012014461366
318,16.272075677721823,Incoming,26-35,49.77170003546905
319,13.5818075126866,Incoming,46-55,47.64508984248841
320,12.733915596958841,Incoming,36-45,35.919442423579994
321,0.0,Outgoing,18-25,25.367007558056493
322,19.47674052221688,Incoming,56-65,41.84074286698668
323,22.46226513211991,Incoming,26-35,65.28673641276352
324,17.96531481276838,Outgoing,36-45,87.0890306960815
325,16.395644957801732,Outgoing,18-25,76.27690997760062
326,17.933684559406093,Outgoing,56-65,40.73881827064075
327,11.027418134696964,Incoming,26-35,59.05545392765548
328,13.50311340840768,Outgoing,46-55,55.70151940616132
329,15.835668802374894,Incoming,26-35,83.96718568152406
330,21.87673602335427,Outgoing,26-35,87.88673997731159
331,26.65200861306578,Incoming,36-45,6.330931833637798
332,15.395965099189306,Incoming,26-35,89.83344842936512
333,9.686501237042089,Outgoing,56-65,15.76136393705439
334,17.24952753534401,Incoming,56-65,61.827833127168255
335,31.08043778812245,Outgoing,26-35,2.751402039052259
336,10.29535495406386,Incoming,26-35,80.38975006879673
337,23.20088522992969,Outgoing,56-65,46.53698591024174
338,26.351723892844237,Incoming,56-65,71.91340843346939
339,14.479895981221595,Outgoing,36-45,47.79564379387949
340,12.094927955966718,Outgoing,46-55,79.28580677063461
341,21.02469677983277,Outgoing,56-65,13.329414932701326
342,19.472517409629155,Incoming,46-55,70.24751044728654
343,21.86341919924621,Incoming,46-55,65.42296701653657
344,31.515966020428635,Outgoing,56-65,64.37481809766975
345,18.169325873635945,Incoming,36-45,67.8386281214142
346,8.654426057307283,Incoming,26-35,83.37444904965389
347,17.46648001517897,Outgoing,18-25,79.67087160260232
348,18.690897559437666,Outgoing,26-35,19.71385108997424
349,25.870180459617742,Outgoing,18-25,57.868244420830294
350,15.622649232006077,Incoming,56-65,63.882223019046634
351,14.136525164132307,Incoming,26-35,53.343626073172494
352,7.401642026833869,Outgoing,26-35,58.86838209715662
353,20.83188954444891,Outgoing,18-25,66.95016249643479
354,40.43745029877283,Incoming,36-45,73.92615790439565
355,15.44186311197243,Outgoing,56-65,69.25860116418147
356,20.163684681653642,Incoming,56-65,76.59489322087542
357,13.16517002679526,Outgoing,56-65,104.23226559397449
358,8.031005560029117,Outgoing,26-35,49.81827286126933
359,20.039651574403717,Outgoing,46-55,51.64555410253595
360,17.197317984060344,Outgoing,18-25,72.57752903030295
361,0.30112099853923624,Outgoing,26-35,54.89200965690777
362,28.270201010180834,Incoming,36-45,46.534062942152055
363,19.911750634359812,Outgoing,36-45,43.632435232140544
364,17.51726885072523,Outgoing,26-35,70.71094006507525
365,14.04616195135384,Incoming,18-25,66.30932682147382
366,19.837058773451645,Outgoing,56-65,101.63671163470609
367,20.159771666912246,Outgoing,56-65,29.385544793689366
368,19.809249616086984,Outgoing,46-55,29.983641246922705
369,24.475951311524426,Outgoing,26-35,56.663962192839634
370,26.066898636833418,Outgoing,46-55,35.39289180220517
371,31.039151445328777,Incoming,36-45,10.474022498688477
372,11.142104722858948,Incoming,56-65,44.45742049643814
373,12.98604940362948,Outgoing,56-65,109.08108198789162
374,19.528275169291465,Incoming,46-55,117.17071120523221
375,11.546363988835505,Outgoing,26-35,68.55006083909501
376,12.673894493394457,Incoming,46-55,27.16081790367983
377,20.32660707054641,Outgoing,36-45,35.460716714128026
378,23.305896484858952,Outgoing,26-35,57.316195267398584
379,25.93149566945204,Outgoing,36-45,42.396608543044835
380,15.651699103696796,Incoming,26-35,59.086472603670366
381,20.242070744765794,Incoming,46-55,56.082514687046896
382,18.699304151256392,Incoming,18-25,24.38840627297187
383,17.123602116259903,Incoming,46-55,53.7753271769897
384,11.287935843543877,Incoming,26-35,66.57483296186977
385,10.39752237558235,Incoming,36-45,45.65230755476265
386,21.666723459691696,Outgoing,46-55,78.6654464295015
387,11.170264340810586,Outgoing,26-35,56.39323690818049
388,4.561568226210813,Incoming,36-45,51.742829200124326
389,16.777670736968684,Outgoing,36-45,56.54817434623946
390,27.186682115048246,Outgoing,36-45,41.47103316067381
391,0.0,Outgoing,26-35,65.14583746030642
392,14.981688087925415,Incoming,36-45,33.564713184431895
393,21.72650405728363,Incoming,36-45,114.71845827125935
394,4.23552496749639,Incoming,46-55,105.72085999310585
395,15.506669586592427,Outgoing,36-45,53.07230504729747
396,9.023799288132205,Incoming,18-25,69.23813138245586
397,9.949753201951799,Outgoing,26-35,70.0571758473169
398,14.183072546085857,Outgoing,36-45,69.86662316359377
399,9.13796476907481,Outgoing,36-45,72.12178784759666
400,8.555895077937313,Outgoing,56-65,73.91020250057983
401,16.58537773920597,Outgoing,46-55,72.33334285314089
402,32.589973423749804,Outgoing,36-45,35.35864176836752
403,22.304203222134994,Incoming,46-55,66.1242098690245
404,24.073729369268484,Outgoing,46-55,36.38464053445254
405,22.580837068931913,Outgoing,18-25,68.08023322813001
406,12.11740471124548,Outgoing,26-35,78.40534004700979
407,19.175825603813124,Outgoing,18-25,64.37599253823508
408,24.68385982659634,Incoming,26-35,73.7119952378214
409,22.798362274472538,Outgoing,56-65,60.49393916512934
410,18.361857051578696,Incoming,18-25,101.22949298440822
411,20.640325459357257,Outgoing,46-55,65.26556943428375
412,34.24011775618406,Incoming,36-45,32.03452794373054
413,22.87610252009442,Incoming,56-65,42.84211189070753
414,14.79388449961646,Incoming,26-35,65.86237596205945
415,16.481740956147824,Outgoing,18-25,87.8149489443355
416,9.620940223859872,Incoming,56-65,65.04887887418376
417,33.42925163562408,Outgoing,18-25,60.64573062570506
418,28.227088078104806,Incoming,46-55,27.051766702603608
419,17.5824912539048,Incoming,18-25,102.40503186907887
420,32.26574083136744,Outgoing,26-35,21.80365593436759
421,21.42680031468484,Incoming,26-35,16.35852078397948
422,13.984075076689276,Outgoing,36-45,43.24437930477701
423,23.345167783638583,Outgoing,36-45,69.81464148997725
424,19.790504302576558,Outgoing,26-35,44.99944776733327
425,22.864997447934794,Incoming,26-35,39.59312688094771
426,7.41635698240648,Incoming,26-35,34.441580267651126
427,11.327800899619112,Incoming,56-65,99.1926971470663
428,27.419295810862227,Incoming,18-25,63.38171929984934
429,28.851962440948395,Incoming,56-65,77.40184973453313
430,26.90578908877638,Outgoing,46-55,106.43044137995466
431,32.530528325108,Incoming,36-45,105.62883261348122
432,21.041578087497044,Outgoing,18-25,32.54007121354494
433,20.549583539813014,Incoming,36-45,61.241616918317355
434,10.607551691433311,Incoming,46-55,74.6855243216586
435,12.936279914075865,Outgoing,26-35,57.709057216443234
436,3.0821735438331377,Outgoing,36-45,38.106060272469335
437,14.749597913426053,Outgoing,26-35,0.0
438,2.5903173781672635,Incoming,36-45,88.64590687033038
439,24.56676319604586,Incoming,46-55,101.21016495900439
440,19.71879207985317,Outgoing,36-45,73.4166705306099
441,2.81681527522737,Outgoing,46-55,54.40872038453314
442,15.670954154855625,Incoming,18-25,41.18075613562114
443,30.7735893564395,Outgoing,56-65,58.24000421397013
444,16.120336944149795,Outgoing,46-55,88.39550255038768
445,10.011403394534053,Outgoing,36-45,68.78787125988654
446,4.501484114863315,Incoming,18-25,0.5865932582044522
447,4.710473712892778,Incoming,46-55,95.08796092678529
448,20.749059774992013,Incoming,36-45,71.96266050081786
449,13.962891643726786,Outgoing,46-55,28.199335465265403
450,14.543041008803929,Outgoing,46-55,69.7900696735807
451,13.991773355892215,Incoming,26-35,60.19787357095687
452,16.018320353746795,Incoming,36-45,60.106414912550875
453,8.409859009078664,Outgoing,56-65,29.799763189848917
454,19.21273495582565,Incoming,46-55,48.469360629704795
455,7.041056293703139,Outgoing,18-25,14.702027044700884
456,11.709102793711224,Incoming,36-45,85.6502563810221
457,24.075793883655866,Incoming,56-65,33.57461695941949
458,19.63343499807632,Incoming,36-45,83.05579616005329
459,21.799772923409677,Incoming,56-65,70.36135001146008
460,32.0527187497252,Incoming,56-65,45.09913410558138
461,16.58242192786852,Incoming,46-55,36.28614928749374
462,17.150221820174846,Outgoing,26-35,60.23527647944364
463,15.149753309047616,Outgoing,36-45,82.12376018017366
464,13.89610096825497,Outgoing,18-25,75.32271705648884
465,9.925864208243494,Incoming,18-25,69.13161121162486
466,17.588453678370968,Incoming,26-35,50.92186910438341
467,19.485340246173095,Incoming,18-25,75.40485026362568
468,19.875392374350273,Outgoing,36-45,16.43433367266291
469,17.450546788069545,Incoming,18-25,61.15448118073886
470,23.48319563373987,Outgoing,36-45,55.21971254738905
471,17.20605683519671,Incoming,56-65,24.411390765437574
472,14.134886782362269,Outgoing,46-55,46.25914298340354
473,10.511082726178376,Outgoing,26-35,97.30655418051391
474,6.157173518954499,Outgoing,26-35,69.27544255573736
475,27.222906245555397,Incoming,18-25,78.47734138369663
476,12.106617621588684,Outgoing,36-45,43.85340616306607
477,10.520329996988949,Incoming,46-55,13.010889158676967
478,14.07723240171119,Outgoing,18-25,92.52798664898694
479,15.051278494263425,Outgoing,46-55,36.68357562663665
480,28.469587051319415,Incoming,36-45,46.755712380876524
481,14.702970278361803,Outgoing,18-25,21.28175574528676
482,35.43368495781151,Outgoing,18-25,89.8110870697181
483,17.445880432572277,Incoming,46-55,63.26624548941214
484,31.3991977427988,Outgoing,18-25,51.70341769642546
485,23.25750497001505,Outgoing,46-55,70.33408715024385
486,19.527261938913334,Outgoing,36-45,45.74810312564284
487,28.04493693266241,Outgoing,46-55,39.88249746913141
488,24.855608557582098,Outgoing,36-45,25.471822105956406
489,21.442753589302622,Outgoing,36-45,22.270335955103242
490,33.223158068401844,Incoming,56-65,81.77341605526725
491,13.511251016324639,Outgoing,46-55,86.69532404639554
492,10.035604268267875,Outgoing,26-35,12.608330510455268
493,12.266384807316323,Incoming,56-65,53.71959216887541
494,29.265912330584882,Outgoing,56-65,57.63848890875207
495,27.155320147602673,Incoming,46-55,38.74863129026166
496,13.323166703637304,Outgoing,56-65,34.623756339037996
497,0.5174409868429386,Outgoing,56-65,57.534496218489856
498,15.559084745348946,Outgoing,18-25,37.5827540860516
499,9.907149839861095,Incoming,36-45,55.80140953221301
500,13.542448199573823,Incoming,26-35,27.995321005214777
501,9.619136665778573,Outgoing,46-55,40.40579688551843
502,5.733233461146835,Outgoing,18-25,48.084121114737364
503,30.182430578316307,Outgoing,26-35,46.649896885890286
504,12.214322572396071,Incoming,26-35,83.65271004447985
505,26.88867462281417,Incoming,18-25,41.19489135094298
506,15.450403631072,Outgoing,46-55,78.56831206014179
507,9.084370568132892,Incoming,36-45,0.0
508,20.56347872950302,Incoming,18-25,55.05143036061318
509,14.262602001469494,Incoming,56-65,2.631547315870293
510,15.550292260357269,Incoming,26-35,85.83378273508445
511,18.014341540378375,Outgoing,56-65,105.61890375392925
512,11.314510149759176,Incoming,46-55,54.09734082173779
513,5.652045521157486,Outgoing,36-45,98.0616074946629
514,16.641112696859636,Outgoing,36-45,35.076994844633404
515,23.747423918436848,Incoming,36-45,79.5621541803527
516,10.688861187617713,Incoming,56-65,76.14564405064093
517,18.077735863859445,Incoming,46-55,51.167059826642856
518,27.538550039844377,Incoming,56-65,54.77550354333247
519,16.371645789083065,Incoming,26-35,63.305035435868646
520,17.602660602571014,Outgoing,36-45,60.14665127040485
521,17.3864864752027,Outgoing,46-55,63.602666146216315
522,12.22358901874858,Outgoing,56-65,108.48593884336552
523,10.046518370966368,Outgoing,56-65,105.1209788565856
524,10.075163414752478,Incoming,56-65,76.21112332069825
525,19.577282379050914,Incoming,56-65,106.69994382648972
526,22.30510653352921,Incoming,56-65,27.60919700058357
527,22.635575669064963,Incoming,26-35,75.58575251278329
528,14.350200023711762,Outgoing,36-45,76.55040812929659
529,24.653159786514525,Outgoing,56-65,44.70508605474484
530,19.151546736572985,Incoming,26-35,108.91086685255678
531,17.495195552537133,Outgoing,46-55,95.4414149788453
532,0.0,Outgoing,46-55,68.39762894788265
533,11.278132718755318,Incoming,26-35,37.289521941123056
534,6.3523146843390705,Incoming,26-35,16.599042912946835
535,21.389514549448766,Outgoing,26-35,29.171358660650284
536,17.66523332351023,Incoming,46-55,95.97242626267737
537,9.496095295304237,Incoming,56-65,48.17670627821201
538,19.13053790927363,Incoming,36-45,83.82867602128897
539,7.035553436555567,Outgoing,56-65,64.13709043954677
540,9.69365831212691,Incoming,18-25,4.38237564271131
541,12.028450683945419,Outgoing,26-35,48.48117292143204
542,20.780954252914057,Incoming,56-65,31.05142844825962
543,26.796091754427323,Incoming,36-45,75.81989879425416
544,12.897940861592456,Incoming,56-65,77.20146626975504
545,26.25721049125794,Outgoing,18-25,50.383855631812466
546,17.33182485428022,Outgoing,18-25,93.52059092193123
547,18.65296712647656,Incoming,56-65,82.05120849140322
548,16.553368095907892,Incoming,36-45,44.30111983458324
549,15.618803726297543,Outgoing,56-65,68.64346200269115
550,20.075100257172476,Incoming,26-35,35.20127360393449
551,22.182248303274314,Outgoing,36-45,46.60118922366489
552,10.807720874549027,Incoming,46-55,70.23652383704116
553,15.674896713013457,Outgoing,36-45,56.467882792856976
554,28.684925680562856,Incoming,56-65,19.58164467915001
555,18.240320580229664,Outgoing,56-65,65.40956086215573
556,19.00685698100404,Incoming,46-55,47.03748885696778
557,25.17087977277199,Incoming,18-25,35.076036070110774
558,13.491288505007367,Incoming,56-65,27.627442856262974
559,16.762275646691236,Incoming,18-25,50.16910945975215
560,22.717914276190058,Incoming,18-25,61.374151148344055
561,25.672315618948396,Incoming,26-35,49.22659958937605
562,0.44399694546210355,Outgoing,18-25,62.655185760415854
563,11.843318463732388,Incoming,36-45,48.45466987500601
564,10.011442855555076,Incoming,18-25,69.78082984663834
565,16.133224276255664,Incoming,26-35,51.324589327070036
566,10.541290563845724,Incoming,56-65,14.110796673278102
567,21.64873849656936,Outgoing,56-65,25.01632238611834
568,18.206872387342308,Outgoing,46-55,41.85278725478044
569,23.22433118547915,Incoming,18-25,86.50536377323364
570,23.671055701614975,Incoming,36-45,31.116221544339933
571,21.75360212891094,Incoming,46-55,64.82642546035265
572,14.649466142229826,Incoming,46-55,65.16765886620675
573,17.72994277129636,Incoming,26-35,24.577526680244574
574,13.773882662761386,Incoming,56-65,48.25467737280641
575,7.446852802211463,Outgoing,18-25,58.86510293904065
576,23.676514929614008,Outgoing,18-25,48.011083923975356
577,16.41154760911492,Outgoing,56-65,69.17199726203546
578,6.481716251127711,Outgoing,26-35,68.21988509543185
579,20.758646997613205,Incoming,26-35,60.292869539669866
580,15.432357576640765,Incoming,26-35,77.94176149668598
581,2.5813721916538466,Outgoing,36-45,54.90742588411137
582,7.383895092747251,Outgoing,18-25,57.833010187044835
583,12.095721889372326,Incoming,26-35,62.06620080203055
584,18.4735844091072,Outgoing,26-35,27.542420671659038
585,22.516139895353927,Outgoing,56-65,69.50474735907231
586,22.276382514882897,Incoming,46-55,39.668032998720676
587,21.220040684512117,Outgoing,46-55,49.674157567907116
588,16.759463398156146,Incoming,46-55,68.67043403238878
589,29.05562617418752,Outgoing,18-25,66.1697422589435
590,21.899098707999205,Incoming,36-45,19.47417699646401
591,18.554737584696028,Incoming,18-25,19.702192476045425
592,20.966116740112522,Incoming,56-65,30.09707822334757
593,14.206754977910778,Outgoing,26-35,60.03028977529293
594,16.59929479275532,Outgoing,18-25,87.66418085185373
595,2.4263217231390684,Outgoing,46-55,42.95892589472454
596,14.292766362656785,Outgoing,36-45,31.46178873575288
597,29.319216110367417,Incoming,56-65,31.574429997207414
598,18.03862694100967,Outgoing,26-35,65.92881165320537
599,17.747178441531283,Incoming,36-45,81.87950509226155
600,23.990228666044967,Outgoing,18-25,80.44383757405863
601,19.50477790935664,Incoming,18-25,38.12676190285596
602,11.494613370203837,Incoming,36-45,17.06459713597546
603,17.165602585332266,Incoming,36-45,57.09359034308264
604,9.053466127250399,Outgoing,26-35,92.04583946222661
605,18.285285194341984,Outgoing,46-55,65.79713739817102
606,11.135750333172414,Incoming,36-45,21.059540781136604
607,23.498062284236205,Outgoing,26-35,53.32000562094262
608,13.428315647600702,Incoming,36-45,29.7585526540937
609,11.227072636058185,Outgoing,36-45,63.24738583028915
610,16.21017608181965,Outgoing,46-55,53.92600909739596
611,19.557742733907993,Outgoing,26-35,48.18312292625253
612,8.548676022121107,Outgoing,18-25,39.23126207533195
613,13.351133818734894,Incoming,26-35,65.65004382754613
614,17.73613613985382,Outgoing,26-35,84.84978825339002
615,26.368579846755694,Outgoing,26-35,95.45528711963081
616,0.0,Outgoing,46-55,65.33424203078587
617,21.306142425782667,Incoming,46-55,86.76513870912476
618,14.315041049157248,Incoming,56-65,29.71952368138062
619,13.537727571730324,Incoming,18-25,46.61920356999557
620,12.232111279049692,Incoming,46-55,31.03848787992463
621,14.452730914560206,Incoming,46-55,42.78849002678352
622,21.34572040638396,Incoming,26-35,29.356846768958167
623,13.242494701913074,Outgoing,26-35,95.71770640590566
624,28.61014411069536,Incoming,36-45,45.68044822215927
625,21.367067490046832,Incoming,36-45,51.4647549047527
626,18.385804876070093,Outgoing,36-45,16.35303383521375
627,15.837607175283635,Outgoing,46-55,4.816833473534835
628,25.328979426796717,Outgoing,36-45,97.49144035702864
629,26.352137807308207,Outgoing,18-25,49.024610164437085
630,8.870324969220288,Incoming,36-45,112.35130294097073
631,12.08671326220637,Incoming,56-65,51.23825199714645
632,21.44241144474419,Incoming,56-65,23.90225895805281
633,23.556766611108156,Incoming,26-35,55.542430533510185
634,14.89761616183512,Outgoing,46-55,56.850609838852336
635,11.802885982012478,Incoming,56-65,58.588145991869716
636,17.55028838176581,Incoming,18-25,53.26214108788997
637,27.33685401522189,Outgoing,26-35,17.16007727536629
638,17.287239820364995,Outgoing,56-65,16.62982843780548
639,8.152414611224081,Outgoing,36-45,84.09022629156892
640,17.767082593041945,Incoming,56-65,104.17678480965806
641,22.479236498608977,Incoming,56-65,47.81533141598456
642,16.290358820551692,Outgoing,26-35,9.263103573700064
643,25.80716768738737,Outgoing,46-55,85.08902206918984
644,23.0609432486224,Incoming,36-45,33.80599833129499
645,16.567687534125515,Incoming,36-45,63.688605841654066
646,17.30200813748323,Outgoing,36-45,41.893470569094205
647,4.107682063717434,Incoming,36-45,42.64428989139522
648,25.47158707438514,Incoming,46-55,33.42199267547276
649,14.693378559307824,Incoming,36-45,89.91824369839362
650,14.200302825065558,Outgoing,46-55,66.30022906972178
651,13.15102475430808,Outgoing,26-35,63.27330590378232
652,20.196882937430672,Outgoing,18-25,55.94825922357491
653,9.099148994661386,Outgoing,46-55,64.62723864704374
654,10.110790528012192,Outgoing,36-45,25.384243060291503
655,16.632324288104527,Incoming,26-35,68.06934455944815
656,12.614406678905922,Outgoing,26-35,85.2326175984972
657,19.34663501361157,Incoming,56-65,60.494035925624544
658,12.870775044436721,Incoming,56-65,76.65450669754976
659,28.165253850629107,Outgoing,18-25,44.83601806673301
660,21.85420254749083,Outgoing,18-25,65.23407182207194
661,21.76620348665264,Outgoing,56-65,45.320433317387554
662,12.765267723250844,Outgoing,56-65,13.822459838369596
663,33.83975772107614,Outgoing,26-35,49.12118974286184
664,13.926922900079704,Incoming,46-55,83.1464692239112
665,12.003328058969185,Outgoing,56-65,21.64637983907351
666,21.947198178687437,Incoming,36-45,95.80317073354769
667,18.36659693058232,Outgoing,46-55,41.211002413023934
668,11.271309835311754,Outgoing,46-55,69.065409086837
669,32.37093013462007,Incoming,36-45,92.9555652806634
670,23.829196487349865,Outgoing,36-45,100.69347720180974
671,17.028037108875573,Outgoing,36-45,95.20721579626303
672,33.80777091758283,Incoming,26-35,36.03439929409406
673,22.67546101001777,Outgoing,56-65,83.59653125114228
674,16.916693211449747,Outgoing,56-65,40.16268876453689
675,32.97006351623849,Outgoing,26-35,31.518617634107432
676,21.612893134319446,Outgoing,46-55,40.3330103507904
677,21.306716836242586,Outgoing,26-35,86.61282637927205
678,14.295566609876484,Incoming,56-65,43.25172042381296
679,17.345894399897528,Incoming,18-25,35.531517858620816
680,14.125149028950496,Outgoing,26-35,95.03471104133266
681,27.07815022229017,Incoming,18-25,51.595620639557595
682,5.734100996077759,Incoming,18-25,71.34081255943818
683,26.561093031453936,Outgoing,36-45,31.4747857057143
684,10.858602299114395,Outgoing,36-45,45.1174755482603
685,16.594551577855416,Incoming,36-45,49.94731234547465
686,14.93348528523039,Incoming,18-25,40.534426684751054
687,13.358932594533552,Incoming,56-65,52.96494497988053
688,21.828489036948454,Outgoing,36-45,32.77874847034434
689,16.963675506698337,Incoming,36-45,53.109424451655286
690,12.326108678957796,Incoming,46-55,83.49789988893691
691,18.077968711244555,Incoming,18-25,13.17973873441737
692,12.127392913334432,Outgoing,18-25,51.706235368583634
693,13.235571506990047,Incoming,36-45,42.97891618575346
694,6.519158376728361,Outgoing,46-55,40.55309410551968
695,13.847837045606658,Outgoing,46-55,103.82058210268238
696,20.45943168476174,Outgoing,26-35,91.15997964403613
697,17.25987442570626,Incoming,26-35,42.759929232402314
698,29.705445682811998,Outgoing,36-45,21.11660170627924
699,35.28972231604914,Outgoing,18-25,93.02383475454835
700,13.750471225754938,Incoming,46-55,65.02671658623119
701,11.16677569606998,Outgoing,46-55,26.12282250433571
702,24.90871582451261,Outgoing,46-55,32.23721977258782
703,19.34645769422782,Outgoing,18-25,57.62937354819189
704,24.951119939104814,Outgoing,26-35,98.87317846388922
705,19.791815118431565,Outgoing,36-45,45.807588623669915
706,15.639495073269577,Outgoing,26-35,66.34738995458723
707,15.679204662468548,Incoming,46-55,40.22243439101435
708,20.02943744856235,Incoming,46-55,66.84696180124558
709,15.522202729995982,Outgoing,18-25,14.248731648035829
710,25.536508702385085,Outgoing,18-25,70.96614567874813
711,7.883639323491629,Incoming,18-25,61.03774139245936
712,25.499005452427674,Incoming,36-45,34.372947426526565
713,3.886194764587744,Outgoing,56-65,0.0
714,18.015716004528553,Outgoing,56-65,95.63289654536054
715,14.682700885635159,Outgoing,36-45,11.507479445608858
716,6.385510074441733,Incoming,36-45,86.54449142559812
717,2.5798640832488395,Incoming,36-45,34.33810408064778
718,9.31739730926382,Incoming,26-35,64.52437963118298
719,17.319790285922377,Outgoing,36-45,70.36535511792658
720,12.784711098541973,Incoming,26-35,96.38528341994049
721,9.713357691801754,Outgoing,18-25,27.901672807716444
722,26.4659675804567,Outgoing,46-55,54.015525123898755
723,8.374707254500068,Outgoing,56-65,30.90003115925528
724,21.753821320846125,Incoming,46-55,28.894822573156656
725,10.777020941324569,Incoming,56-65,57.331433428954114
726,9.14035846789007,Outgoing,18-25,76.00527021179167
727,12.773129611539762,Outgoing,56-65,117.15241827979594
728,21.33941233042878,Outgoing,18-25,49.498990332987304
729,7.39973970381344,Incoming,46-55,53.24662019489414
730,19.01218682354691,Incoming,26-35,54.87158603638437
731,10.274680016300294,Outgoing,56-65,59.08839972738399
732,11.534631908277639,Outgoing,36-45,61.29451028976357
733,19.804491123287455,Incoming,26-35,26.117831218022896
734,32.214379809611344,Outgoing,26-35,0.0
735,10.622881070086807,Outgoing,18-25,48.25073581192796
736,22.03916408559901,Incoming,46-55,104.01831487161245
737,14.81101335936928,Incoming,36-45,56.81665130355082
738,13.676795816422423,Incoming,46-55,51.68164262348547
739,24.499632068251078,Outgoing,46-55,54.45056013627645
740,11.095340323980768,Outgoing,26-35,37.527346678060894
741,8.921207412436715,Incoming,36-45,52.51520964684365
742,20.2212305665336,Incoming,56-65,56.13171401221265
743,28.16348657540723,Outgoing,36-45,56.0003193205205
744,22.249962937038063,Incoming,18-25,57.78877850721964
745,7.150878334844267,Incoming,26-35,57.568705157566725
746,12.692668692217577,Incoming,36-45,53.447341170066814
747,23.857187691037662,Outgoing,18-25,83.39031123165023
748,28.0677715253602,Incoming,56-65,102.35772514583053
749,18.600979276920953,Outgoing,46-55,12.768294800812967
750,12.945792261245447,Incoming,46-55,41.10194526597652
751,28.52213187558033,Outgoing,18-25,0.0
752,16.477844903913823,Outgoing,26-35,67.45193572794695
753,12.759339980919476,Incoming,46-55,86.17405829536673
754,11.57547223277477,Outgoing,26-35,57.78720013762514
755,8.634871571078014,Outgoing,26-35,58.05282012728598
756,36.835063006196194,Incoming,46-55,40.588772230236835
757,26.946705058224126,Outgoing,56-65,59.69748843100564
758,12.405946787648055,Incoming,36-45,53.127422401485646
759,29.122781487053416,Incoming,46-55,82.1018299485574
760,20.733115213822057,Outgoing,36-45,105.99785270650256
761,20.318756009234036,Outgoing,26-35,93.93800785562996
762,11.9745807891878,Outgoing,56-65,111.64890889988621
763,13.40110975297838,Outgoing,26-35,71.34610192728478
764,16.703031757917316,Incoming,56-65,63.433414094725535
765,3.241157038919141,Incoming,18-25,54.607845521208084
766,13.592258996206514,Incoming,56-65,64.30054294751585
767,17.03142741863399,Outgoing,56-65,63.45670407690206
768,26.16663234527066,Incoming,26-35,88.10946595137764
769,12.684167177520003,Incoming,46-55,50.566088510704155
770,22.684966777801314,Incoming,46-55,28.83993242244391
771,2.576543259501822,Outgoing,36-45,54.242687870376635
772,25.169211228309145,Outgoing,18-25,31.91948155039401
773,10.69757123021765,Outgoing,56-65,49.640612256745925
774,17.91191078352332,Outgoing,36-45,11.888043446003607
775,19.844401834254533,Incoming,56-65,55.905074337478595
776,18.471256901491017,Outgoing,56-65,32.94474562236212
777,16.252541689422245,Incoming,18-25,73.63624017135282
778,8.309386002386972,Outgoing,18-25,45.54392087866482
779,10.77321357197355,Incoming,36-45,7.1152444720467685
780,23.975023602551225,Outgoing,46-55,44.83762798502537
781,12.818357788446104,Incoming,56-65,52.912905124680854
782,16.276930846455553,Incoming,26-35,63.31270449141271
783,6.5553962003659265,Outgoing,36-45,68.2744644237553
784,23.01001353067448,Outgoing,56-65,34.84946092996724
785,7.763618719019371,Outgoing,18-25,35.95966581798001
786,23.41173966021475,Outgoing,18-25,54.27573707784046
787,9.56101767549595,Outgoing,18-25,62.59958709063663
788,24.101556212294426,Outgoing,18-25,66.81992809710428
789,17.07135040714428,Outgoing,46-55,78.78307609443902
790,13.088698224870367,Outgoing,46-55,13.098190787582112
791,28.20281228813687,Incoming,56-65,79.25517763671482
792,16.51801505027237,Incoming,56-65,75.46850374548875
793,14.467313947208146,Outgoing,36-45,76.25363449173112
794,23.363825493186066,Incoming,18-25,49.4401607202718
795,6.636800219360028,Incoming,18-25,61.370420063321724
796,0.0,Outgoing,26-35,67.31783715549528
797,25.105859815458135,Outgoing,26-35,50.388913461501204
798,11.145885449435777,Incoming,18-25,78.7852454996891
799,23.052356977705493,Outgoing,26-35,25.46176045022367
800,17.323136602446144,Incoming,26-35,72.99368002297352
801,8.852073751107653,Outgoing,18-25,67.36511721429521
802,21.250976937719376,Incoming,46-55,92.98812581802956
803,14.128808668382458,Outgoing,46-55,103.46427751123457
804,9.458617645854417,Incoming,56-65,50.20721575852801
805,9.640925394622732,Outgoing,46-55,93.4524822500544
806,4.8701287207979025,Incoming,18-25,62.58533503600164
807,19.821174175279165,Incoming,26-35,63.28908715289517
808,10.452194788883652,Outgoing,18-25,64.88371751537309
809,16.756945106066016,Incoming,36-45,21.539090375318608
810,15.727942538413389,Incoming,26-35,83.38259133025524
811,10.409103231742304,Outgoing,18-25,20.304973730871332
812,6.339702001028254,Incoming,56-65,67.60887607910848
813,34.735975803910904,Incoming,56-65,0.0
814,16.66027231815226,Incoming,26-35,49.57321980599712
815,29.76368066932208,Outgoing,46-55,54.74013481488913
816,25.15455748608753,Incoming,56-65,70.98218222264381
817,14.75184288956714,Outgoing,36-45,91.27026234404293
818,18.266752461378662,Incoming,26-35,53.11232740418498
819,18.063410473770038,Outgoing,36-45,23.84113321730626
820,29.90940482252708,Incoming,26-35,43.79974454469706
821,22.80883584150389,Outgoing,46-55,60.907491524831784
822,11.349090777816105,Incoming,18-25,58.86620253805609
823,19.461331855883074,Incoming,26-35,11.523129594540684
824,22.63020038994177,Outgoing,18-25,42.188512639724095
825,8.772766657664478,Incoming,26-35,41.66886967693395
826,20.45904541363746,Incoming,46-55,49.81026627504329
827,26.418422693435843,Incoming,36-45,70.00904317043481
828,10.997691438623978,Outgoing,18-25,35.278016276257915
829,11.964770026908434,Outgoing,36-45,81.66884228167811
830,25.123307537431376,Incoming,26-35,73.46791295980321
831,14.520345809654552,Outgoing,26-35,2.708435964396486
832,10.125941106066307,Incoming,46-55,44.55263815770738
833,23.17591130123853,Outgoing,26-35,60.29903436398471
834,21.037979657080882,Outgoing,46-55,92.76823328621936
835,17.660757352472544,Outgoing,26-35,25.035186630276907
836,24.87207839914093,Incoming,36-45,11.891745475931224
837,25.36944670236189,Incoming,26-35,60.586677957774214
838,16.420239638240542,Outgoing,18-25,29.823669700899647
839,30.820284712868926,Outgoing,56-65,53.17028920000331
840,28.083729673988984,Outgoing,18-25,36.767143670932924
841,3.1099108507657363,Outgoing,18-25,78.02341309469615
842,9.78917803596773,Incoming,46-55,73.5710878593504
843,1.2129572625043288,Outgoing,26-35,39.83932781653766
844,14.72699503692672,Outgoing,36-45,92.77199116587231
845,8.521472611899556,Outgoing,26-35,56.59027047753206
846,11.299771208822278,Outgoing,56-65,63.26472651165636
847,24.633977027480107,Incoming,26-35,38.44394413371191
848,4.7161965818544385,Incoming,56-65,36.57880529669028
849,17.90815018721569,Incoming,56-65,93.32813012948627
850,17.8657350973629,Incoming,18-25,57.89927840372641
851,16.423274987134988,Outgoing,56-65,60.67877066984833
852,17.915450773858417,Incoming,56-65,42.2140678308386
853,1.3740280270896719,Incoming,36-45,61.819253561206686
854,11.333118389416157,Outgoing,46-55,55.447263517562334
855,27.801006056801725,Incoming,26-35,54.547945641729704
856,8.621902401432234,Incoming,36-45,96.26581818540913
857,28.666275694949398,Incoming,46-55,58.34380297994697
858,7.152243117551157,Incoming,18-25,26.699152164390938
859,6.310715573113752,Incoming,36-45,67.45557950738203
860,10.337548279151324,Incoming,36-45,45.797840107853396
861,24.90358077800843,Outgoing,18-25,29.65112579606712
862,13.177154191754354,Outgoing,56-65,37.125768379428855
863,19.417848919074,Outgoing,18-25,82.24432523506584
864,17.515458454120427,Outgoing,26-35,29.30331255861285
865,16.618764720887764,Incoming,18-25,30.558421619219168
866,25.918826648253017,Incoming,36-45,56.57010218692042
867,22.40062558690927,Incoming,18-25,46.79584119933226
868,8.999677619863366,Incoming,26-35,30.486807994151413
869,15.07100451485835,Incoming,56-65,77.99735534297213
870,29.204078740215824,Outgoing,56-65,44.443564789442725
871,19.23693252417555,Outgoing,46-55,22.624050906688268
872,6.445078251360762,Outgoing,46-55,62.4668928076665
873,6.940727683362468,Incoming,26-35,75.36242192649874
874,23.231017159963567,Outgoing,46-55,66.75712874819902
875,21.917061220232444,Incoming,56-65,71.456478756095
876,10.550440974038679,Outgoing,56-65,71.0399241549174
877,22.233411252820428,Outgoing,46-55,48.312038284418435
878,28.195744957034744,Incoming,18-25,43.400715061031555
879,27.20501187762421,Outgoing,56-65,38.211048715506706
880,28.2299462577572,Incoming,46-55,54.82762326924355
881,20.88842142543963,Outgoing,46-55,14.104154239768633
882,15.756381266090786,Incoming,26-35,26.124965842997046
883,14.182639436732149,Outgoing,26-35,88.21270425558478
884,16.878291779710096,Incoming,56-65,77.42055831772663
885,10.867836868801938,Outgoing,36-45,58.87496051998667
886,14.484908928366787,Incoming,46-55,93.19274758273284
887,25.92583823808321,Outgoing,18-25,64.55918824832554
888,5.736502940937546,Incoming,36-45,55.6887617325631
889,6.215311920160072,Incoming,46-55,21.147569680455895
890,22.813714230929,Outgoing,36-45,48.06271040969864
891,14.548789527215677,Incoming,46-55,79.48211223505763
892,3.520498828091661,Incoming,46-55,69.00945200119493
893,16.57066090561692,Incoming,36-45,103.93511121337204
894,15.571148906304748,Incoming,26-35,55.60227401073908
895,13.982408664560662,Incoming,46-55,0.0
896,21.799942185370387,Outgoing,56-65,64.62129436004271
897,7.66763101845882,Outgoing,36-45,0.0
898,17.09089790401716,Outgoing,26-35,43.028920134436675
899,15.523192537712939,Incoming,18-25,77.33120230691935
900,17.264776595381928,Incoming,46-55,97.09671892508439
901,4.874696893042957,Incoming,46-55,29.13236555351598
902,13.34145778301994,Incoming,56-65,64.96922484379544
903,17.138384337260593,Incoming,26-35,94.39142750659335
904,20.788117454085274,Outgoing,46-55,57.40654089117237
905,29.924775537887495,Incoming,26-35,39.603651319115286
906,22.641638721173145,Outgoing,46-55,101.17392322663791
907,20.228086404433906,Outgoing,18-25,79.79733383565716
908,25.900323545962642,Incoming,56-65,56.66759879283252
909,14.873242874197363,Incoming,18-25,16.780105946221028
910,27.877497145443986,Outgoing,18-25,46.09128788604079
911,24.834909530434807,Outgoing,36-45,36.74733082349281
912,13.878855465502765,Incoming,18-25,12.053173784868726
913,30.467686230133037,Incoming,56-65,88.73309448846604
914,20.12854720434675,Outgoing,56-65,69.32853216470035
915,32.35078283243217,Outgoing,46-55,37.252743996264385
916,19.12227577998314,Outgoing,18-25,40.37386101143473
917,13.066490983425549,Outgoing,26-35,43.542026680797484
918,11.627243496526155,Outgoing,36-45,30.03859421898603
919,14.509795816869426,Incoming,36-45,126.18329210124077
920,13.000935405792337,Incoming,36-45,37.10094440941525
921,25.899719898710856,Incoming,56-65,46.946373170245124
922,16.797180288148237,Outgoing,56-65,37.804576320418974
923,5.701841292063136,Incoming,46-55,10.190507678578868
924,18.49103021110182,Incoming,18-25,24.186618973944864
925,17.878591301772005,Incoming,56-65,81.49386994829314
926,13.719746651816925,Outgoing,36-45,46.85119151660382
927,18.873144153889896,Incoming,56-65,65.36449740022469
928,16.69123396809772,Incoming,18-25,66.42187565086154
929,21.436357571635966,Outgoing,56-65,66.48616372481861
930,21.024852570782542,Incoming,18-25,37.655823238932236
931,19.554319994793502,Outgoing,46-55,97.23682535287477
932,7.908008673609546,Outgoing,56-65,78.02978496913154
933,31.833117096996183,Outgoing,18-25,66.90385019558205
934,6.108100076673825,Outgoing,18-25,61.277443494061245
935,16.099035762294367,Outgoing,26-35,20.563593225220345
936,9.338966540558381,Incoming,46-55,75.73601620959144
937,19.774367131620878,Incoming,56-65,51.70091887804287
938,17.968840073651158,Incoming,26-35,34.744404581594736
939,15.818637407658539,Incoming,56-65,29.47209065474064
940,27.624409487564968,Outgoing,36-45,79.56238004694832
941,24.759471420239816,Incoming,36-45,20.087017050840082
942,14.710192598359285,Incoming,18-25,45.015912647992124
943,22.628942493413778,Outgoing,26-35,59.00008858815227
944,27.952761804869176,Outgoing,18-25,51.30134748666532
945,24.70941527680074,Outgoing,18-25,65.41225241571436
946,16.046469901727473,Incoming,18-25,84.36621033323851
947,5.867893689993384,Outgoing,36-45,70.46686602326766
948,19.27253533443902,Outgoing,18-25,56.61663473992803
949,21.680272347757928,Outgoing,18-25,43.84173907084265
950,11.61268169801535,Outgoing,18-25,19.162751081742563
951,17.157816869406293,Incoming,18-25,53.3955672999245
952,16.419785338637823,Incoming,26-35,45.632098840376855
953,26.713974450636698,Outgoing,56-65,68.20405468884303
954,29.976713229130624,Incoming,26-35,51.59881113893315
955,25.226501292104913,Incoming,46-55,80.99000509408253
956,16.40111021776723,Outgoing,26-35,43.99445062915719
957,25.03401372863472,Outgoing,46-55,41.01179159909527
958,21.541517440811887,Incoming,36-45,65.57236226239453
959,16.475702965327816,Outgoing,56-65,57.687768598795756
960,31.646732023023098,Incoming,18-25,64.49619896964133
961,11.833870920822495,Outgoing,46-55,51.704799049976295
962,21.2273628292668,Incoming,36-45,55.65156038589544
963,22.876924518877463,Incoming,56-65,47.58923467681094
964,14.987508123333866,Incoming,46-55,58.32223297908649
965,20.91396731515539,Incoming,36-45,85.90574388945024
966,23.618480751548013,Outgoing,18-25,42.27091600303547
967,18.7124409436954,Outgoing,36-45,39.847959356248
968,20.30746894339947,Incoming,36-45,62.98935879049303
969,17.738017860643147,Outgoing,18-25,50.367327376917046
970,22.582640780686972,Outgoing,46-55,90.31473855940658
971,15.39714931564336,Incoming,36-45,72.49257626496517
972,14.817415516250017,Incoming,18-25,76.3829197609389
973,17.143921076944057,Incoming,46-55,78.63246352679022
974,25.28568211938817,Incoming,18-25,38.58955173257135
975,4.768457959303111,Incoming,26-35,57.815284138832006
976,10.634414783024281,Incoming,46-55,71.93329243638004
977,32.93039033799809,Incoming,26-35,55.114403830802296
978,18.926318917420097,Outgoing,36-45,32.57631559944505
979,14.150747671261087,Outgoing,36-45,78.21012082901214
980,22.56396284841801,Incoming,36-45,50.63631555442865
981,11.504810998585821,Outgoing,46-55,62.55507624308919
982,2.280477614635089,Incoming,56-65,69.55685289786284
983,19.483599634231723,Incoming,46-55,92.81676746735806
984,11.884513161686199,Outgoing,46-55,60.10487890924216
985,17.7097284469093,Incoming,56-65,4.597517406899193
986,19.305805528869286,Outgoing,46-55,59.55508782890457
987,17.99481318696044,Incoming,26-35,62.03401907128352
988,5.037032115216121,Incoming,56-65,13.29446680883106
989,17.183965898111857,Outgoing,56-65,91.81242151823972
990,20.112213589550848,Incoming,26-35,0.0
991,7.199585157430285,Incoming,56-65,69.4878822097391
992,6.365785088074263,Incoming,56-65,16.72581663094674
993,9.516827899019225,Incoming,26-35,81.71864259099105
994,22.227353171321653,Outgoing,18-25,69.11251134928301
995,3.0117897745870046,Outgoing,18-25,91.8707043806742
996,22.80841695801048,Outgoing,18-25,67.95696201329693
997,19.74439023803161,Outgoing,26-35,63.854214161953024
998,15.197486346276598,Outgoing,36-45,46.80822376978307
999,6.6355923631971105,Outgoing,46-55,11.620042650101297
1000,11.424727185761473,Incoming,56-65,109.51028931202171
1001,22.47332836407444,Outgoing,26-35,42.89833822685026
1002,25.797076412903525,Outgoing,46-55,63.439420848817335
1003,9.780460276511153,Incoming,26-35,34.41801112562284
1004,24.993044571986452,Outgoing,56-65,28.175500695537888
1005,21.8011266289569,Incoming,36-45,56.4882870698083
1006,16.95213961564651,Incoming,26-35,65.40371109528338
1007,11.835014092517188,Outgoing,46-55,98.93552076896347
1008,12.93026985104007,Incoming,46-55,80.15061251659557
1009,29.760458313080097,Incoming,56-65,62.02924004895955
1010,18.249092699491403,Outgoing,18-25,53.49906387929654
1011,26.30907839407636,Incoming,56-65,63.616933927140366
1012,18.69090588301699,Outgoing,56-65,48.46567528096726
1013,13.831114520859968,Incoming,18-25,61.475540457466394
1014,21.08863126304595,Incoming,36-45,35.10498548051548
1015,32.10484550455924,Incoming,26-35,41.150430650190714
1016,12.491183376597322,Outgoing,46-55,53.71403641697089
1017,23.397082324131468,Incoming,26-35,63.08915197755739
1018,18.333562876013385,Outgoing,26-35,52.0354682459504
1019,6.853373885393811,Outgoing,46-55,59.827752164031736
1020,6.6968831001205835,Outgoing,18-25,32.19112291418776
1021,13.836113771430178,Incoming,46-55,24.97390839242777
1022,19.432420088986433,Incoming,18-25,53.75121671101613
1023,23.148610787819592,Incoming,18-25,12.834925877385551
1024,6.003608622131358,Outgoing,56-65,76.49936665083973
1025,21.56888264109996,Outgoing,36-45,20.632377852574095
1026,16.171338211288564,Outgoing,56-65,45.23423844230085
1027,17.02319647072784,Outgoing,36-45,67.57719540546228
1028,21.12028292222992,Incoming,18-25,77.89794002212028
1029,29.222737240821267,Outgoing,56-65,71.05136285184085
1030,19.125492602842684,Outgoing,26-35,67.12917932743656
1031,7.502841121036717,Incoming,46-55,119.31105018172198
1032,15.690352409495432,Incoming,46-55,28.666253083645785
1033,22.96493816202537,Outgoing,46-55,62.839950561600695
1034,23.195303778415827,Incoming,36-45,70.82346227826893
1035,21.66077061863215,Outgoing,46-55,63.91578037001948
1036,13.429781912626519,Incoming,36-45,43.39097668787156
1037,7.4252229166789405,Incoming,36-45,68.62405946374145
1038,21.1265542907675,Incoming,36-45,66.87560025604247
1039,8.50034198281448,Outgoing,26-35,86.10831404944739
1040,21.851077114976285,Incoming,18-25,66.83294109377108
1041,21.85302551086244,Outgoing,26-35,7.4976518058370445
1042,13.726149442882788,Outgoing,18-25,74.72979851537292
1043,16.212756970110934,Incoming,26-35,44.964971461512086
1044,18.39074506983687,Outgoing,36-45,50.243388807896906
1045,12.696297286752236,Outgoing,18-25,26.41638325703213
1046,7.328239761229629,Incoming,46-55,58.40963486955535
1047,16.725465060671674,Incoming,26-35,104.3509780807934
1048,17.455228273358912,Outgoing,18-25,81.67426948990402
1049,26.527331545571364,Outgoing,46-55,25.379879056125848
1050,11.526055498604986,Outgoing,56-65,50.00814451438541
1051,24.479473216467778,Outgoing,36-45,80.21703219725721
1052,8.970513647514949,Incoming,26-35,50.51875933839078
1053,7.587784602108606,Outgoing,26-35,3.820926256750809
1054,14.893962887035075,Incoming,56-65,41.34788762583099
1055,10.413636925731947,Outgoing,18-25,89.5121102511016
1056,7.489689348350893,Outgoing,26-35,92.67745805783204
1057,30.610312210703412,Incoming,26-35,50.5835790997351
1058,13.838466545508405,Incoming,26-35,48.138728116448405
1059,33.17912510729374,Incoming,26-35,0.0
1060,10.036863407709966,Outgoing,56-65,52.598950649356794
1061,5.040174033569011,Incoming,36-45,40.726292492074606
1062,26.03902803249827,Outgoing,26-35,7.660566572966111
1063,11.913403574178258,Outgoing,56-65,31.166091901137673
1064,17.972060587391734,Incoming,46-55,22.234704570696465
1065,7.51056560490982,Outgoing,26-35,56.4496639016045
1066,16.733208006489694,Outgoing,18-25,93.771539232909
1067,7.398617511000353,Outgoing,56-65,51.18649785850766
1068,16.48264821602325,Incoming,18-25,61.535384435314775
1069,13.682472223580639,Outgoing,36-45,116.56520668014952
1070,18.611874112702726,Outgoing,46-55,7.377193203416397
1071,21.37983959776168,Outgoing,18-25,59.79435942054827
1072,18.687559994394544,Outgoing,26-35,83.60911437284996
1073,20.157325795135044,Incoming,56-65,62.817740139405885
1074,16.23677127220333,Incoming,46-55,14.334411605925418
1075,13.95276908904054,Outgoing,56-65,103.21697009931628
1076,20.290830779526978,Outgoing,46-55,75.97514102464008
1077,16.219865288852706,Outgoing,18-25,61.715443922881555
1078,16.48683152520099,Outgoing,36-45,20.453778697397524
1079,19.784214758128034,Incoming,56-65,112.2792236808227
1080,9.767490813842375,Incoming,26-35,69.66892418035401
1081,27.007277658661025,Incoming,56-65,66.1470575421493
1082,15.25450393610616,Incoming,36-45,69.63950192482633
1083,17.869271311790495,Incoming,18-25,78.95135851184139
1084,16.688363864485954,Incoming,26-35,57.85383061981981
1085,21.56920207731484,Outgoing,26-35,52.05071547833425
1086,19.374271696795876,Outgoing,18-25,0.0
1087,16.650532371913535,Outgoing,56-65,35.37298610363226
1088,27.141278812958106,Incoming,26-35,104.51509969344261
1089,0.0,Outgoing,56-65,34.23764853774793
1090,25.69872066326863,Outgoing,56-65,47.576777393844864
1091,23.441507836336715,Outgoing,18-25,26.17849338162761
1092,4.149283570382877,Incoming,36-45,67.74205857119753
1093,23.504982524020768,Incoming,36-45,48.59992481337327
1094,24.40927211891677,Outgoing,56-65,47.716009381063074
1095,20.932344429167394,Outgoing,18-25,34.98299913369945
1096,6.086387894230075,Incoming,36-45,65.43249162831168
1097,21.77856902294958,Incoming,56-65,91.7962857461401
1098,24.050377992013498,Outgoing,26-35,12.688165801366942
1099,12.994554536533894,Incoming,26-35,47.41259462618419
1100,20.087936991902396,Incoming,46-55,50.94523593166434
1101,14.52754473136384,Outgoing,46-55,35.907837492504186
1102,23.197638933617895,Outgoing,46-55,83.91735755341023
1103,14.805453203405797,Outgoing,36-45,84.23149099778308
1104,12.939177760077913,Incoming,26-35,60.738801461676196
1105,16.724924201311964,Outgoing,26-35,38.03201291762424
1106,7.608435156616498,Outgoing,36-45,83.69519318238758
1107,16.02992611737347,Incoming,26-35,47.62505603481006
1108,19.53464916150767,Incoming,26-35,79.4634689520413
1109,23.089714885564458,Outgoing,56-65,116.07418094716878
1110,18.742697170467395,Outgoing,26-35,55.01293721833509
1111,6.971788540395217,Outgoing,56-65,58.95279424127979
1112,26.46589796760834,Incoming,46-55,37.546751906781125
1113,27.053109544619673,Incoming,18-25,80.4716172689326
1114,17.787970786895475,Outgoing,56-65,60.27970950245264
1115,11.736408651959415,Outgoing,26-35,23.56111825066819
1116,13.278674444769182,Incoming,46-55,37.154995532112714
1117,15.575343215973405,Incoming,18-25,103.96068315226597
1118,18.95067919338362,Outgoing,18-25,48.86187629966769
1119,14.86860302943182,Incoming,46-55,27.59918175310013
1120,10.99128726269177,Incoming,46-55,59.68762858714259
1121,24.16106918951506,Outgoing,18-25,41.7217656400383
1122,18.801001216518706,Incoming,18-25,50.36986549590797
1123,9.63339584294836,Incoming,26-35,68.5317888795581
1124,19.039173194000533,Incoming,56-65,63.45678895719031
1125,18.13309580145357,Incoming,56-65,55.85765762240295
1126,11.973629616389262,Outgoing,18-25,39.67575862589131
1127,25.365348317276904,Incoming,18-25,10.480823757461593
1128,17.94422444499121,Incoming,36-45,103.0182276240561
1129,15.483648505424826,Outgoing,18-25,101.51807862313683
1130,16.41562776347205,Incoming,56-65,55.60453560610178
1131,20.107417570983785,Outgoing,26-35,75.86675838378322
1132,16.49471609828927,Incoming,36-45,54.190774682668824
1133,16.436194288727876,Incoming,56-65,35.692221177920175
1134,24.461755478277652,Incoming,26-35,56.84300814759176
1135,7.071169707589142,Outgoing,36-45,58.52195091320438
1136,8.23912802283527,Incoming,36-45,92.23576447973244
1137,22.438743519943557,Outgoing,36-45,57.37586266598837
1138,33.91094850958544,Outgoing,36-45,97.61595862536393
1139,23.135468151064362,Incoming,36-45,50.980462928443146
1140,30.049461572509074,Incoming,36-45,40.826513640883555
1141,13.959398703989905,Outgoing,46-55,92.23585767813913
1142,12.540431751635275,Outgoing,26-35,89.86785145514922
1143,20.19573221272236,Outgoing,56-65,56.92356343754236
1144,23.675542718789213,Outgoing,18-25,63.558039733350405
1145,7.819143691023516,Outgoing,56-65,62.13172917900223
1146,15.507471390191167,Outgoing,46-55,60.28371315375155
1147,16.810879826491625,Outgoing,46-55,45.71071048969165
1148,12.247908490202382,Outgoing,36-45,114.89972331912534
1149,13.064447214179793,Outgoing,46-55,45.00128455764671
1150,22.901485107414352,Incoming,56-65,68.90135172741356
1151,20.287791367635766,Outgoing,46-55,59.75922571474166
1152,22.58915995301618,Outgoing,56-65,0.0
1153,19.358122832609418,Outgoing,36-45,57.945031815809564
1154,10.887203262032234,Outgoing,36-45,47.9625673353364
1155,19.9617213628742,Incoming,46-55,41.08637971149738
1156,10.335349683357439,Outgoing,18-25,29.02851373441192
1157,14.817726626759606,Incoming,36-45,100.0709429752832
1158,9.746259416272425,Incoming,26-35,27.17615812997359
1159,12.723785455503931,Incoming,26-35,50.21488999700403
1160,17.63335193148161,Incoming,36-45,41.93458987012203
1161,13.797565768532749,Outgoing,46-55,28.562704460015567
1162,10.81786312982865,Incoming,36-45,74.1876902902377
1163,24.964582301074557,Outgoing,46-55,66.12038995411405
1164,16.162857978354985,Outgoing,56-65,42.55111436880195
1165,13.30450367496953,Outgoing,18-25,31.99101169564354
1166,9.423206225086167,Incoming,18-25,68.10089964949427
1167,3.8960358039979592,Incoming,56-65,65.89845936237582
1168,15.445670903882151,Outgoing,56-65,51.369539306921595
1169,7.352469075360201,Incoming,56-65,90.91913440135873
1170,21.98425521552667,Incoming,18-25,94.26496789255287
1171,17.2064383621897,Incoming,36-45,42.29071946080719
1172,27.90852545396695,Outgoing,26-35,107.20897129726784
1173,18.56151991265992,Incoming,46-55,48.1182371146412
1174,11.913395419182452,Outgoing,26-35,48.44176244286803
1175,3.8399467834208547,Incoming,46-55,72.82637467208951
1176,22.645807046192296,Incoming,18-25,63.69682309748486
1177,7.907362176252269,Incoming,36-45,55.815646576783635
1178,14.14298834117167,Outgoing,26-35,7.121650996995598
1179,28.718617725884396,Incoming,56-65,15.098850123036819
1180,21.276883443341085,Outgoing,56-65,22.902683760896366
1181,19.729058181744584,Outgoing,56-65,55.26382357777729
1182,23.610257101840762,Incoming,26-35,42.04263800508328
1183,23.349348732338694,Incoming,36-45,45.56016857920502
1184,28.066625023679194,Outgoing,36-45,47.59554698957807
1185,12.784744546717917,Outgoing,56-65,79.43948761395143
1186,14.363210925984644,Incoming,26-35,74.3499797674136
1187,10.543307596568189,Incoming,56-65,44.603157090822535
1188,16.771116545312186,Incoming,46-55,47.388875332411416
1189,16.07437089580864,Outgoing,46-55,33.420957498576584
1190,4.715334338650983,Incoming,26-35,46.592009442969726
1191,12.422694700338175,Incoming,46-55,87.48361579879605
1192,27.073815739392764,Outgoing,18-25,77.97482639301617
1193,18.709460164209595,Outgoing,18-25,64.57899348611485
1194,22.00779032660699,Incoming,18-25,28.17934092985816
1195,16.15618732504523,Outgoing,46-55,53.67687537152275
1196,3.790345330615107,Outgoing,36-45,45.38325376354308
1197,16.099548547193226,Incoming,18-25,51.15569987773232
1198,24.29187590264685,Incoming,56-65,74.75736204564087
1199,8.700213461292634,Outgoing,36-45,81.94282246236216
1200,22.22927248720546,Outgoing,26-35,116.16250546803727
1201,5.087178314951263,Incoming,46-55,32.55458501573607
1202,17.141338667626314,Incoming,56-65,85.75665923663618
1203,20.811629151026406,Outgoing,26-35,51.58344461826355
1204,14.815212330114255,Outgoing,46-55,37.15189198709638
1205,34.30730078317345,Incoming,46-55,109.3320393414977
1206,13.547666940379782,Incoming,56-65,99.03392899901
1207,12.951086336252585,Outgoing,46-55,47.974050118498575
1208,18.43144429298503,Outgoing,46-55,36.93843894753874
1209,11.715188049139538,Incoming,46-55,11.009528706171693
1210,6.910636843292821,Incoming,36-45,86.36242515194174
1211,9.316311575544482,Incoming,18-25,3.830503793065674
1212,22.305907316835267,Incoming,56-65,51.36219617125362
1213,14.865423087872514,Outgoing,36-45,32.66288117508955
1214,28.914146653513484,Outgoing,56-65,89.84594233860645
1215,13.911346284492254,Incoming,36-45,101.1189858814684
1216,21.973572483126084,Incoming,46-55,12.401347329399712
1217,20.575893856233094,Outgoing,46-55,57.039170038518975
1218,13.806944349739851,Incoming,36-45,61.747186233541456
1219,10.848337495838635,Outgoing,46-55,47.79766139054413
1220,4.877374107518365,Incoming,18-25,38.969517838374834
1221,20.87184545776065,Incoming,56-65,94.11214928123712
1222,25.387818127851016,Outgoing,46-55,41.925566128025054
1223,5.870485297720361,Outgoing,26-35,104.5642637234798
1224,14.40688545502328,Outgoing,36-45,38.45063277682887
1225,12.331571688650758,Incoming,36-45,74.29857556581094
1226,20.859584052241456,Incoming,46-55,75.88280636103556
1227,14.699431184331326,Outgoing,36-45,38.427240622777006
1228,26.260863992924715,Outgoing,26-35,10.543690579717527
1229,14.309247663232052,Incoming,36-45,33.51900995142296
1230,8.345315783248669,Outgoing,26-35,25.514797396361367
1231,13.718362723524313,Incoming,36-45,75.5984093732137
1232,14.489697798888727,Outgoing,36-45,45.52041273075645
1233,20.68269961846263,Outgoing,26-35,89.35069130733794
1234,14.38536661244161,Incoming,56-65,69.32061016224391
1235,20.080675593802642,Incoming,18-25,50.18785620641939
1236,11.46661009537687,Outgoing,26-35,57.09474153542755
1237,14.937263241437407,Incoming,18-25,21.8219055262144
1238,11.50476006301235,Incoming,36-45,50.14140710519272
1239,11.073508872267032,Incoming,56-65,58.58821575821203
1240,25.923834900988087,Outgoing,26-35,45.392122228544075
1241,11.994092999785117,Outgoing,56-65,40.93057012551128
1242,14.566766524965644,Incoming,26-35,80.13778068790081
1243,24.31223121964601,Incoming,46-55,31.41881116433505
1244,22.250009773900707,Outgoing,26-35,69.6196521246133
1245,28.488450516630742,Incoming,18-25,82.50377200041811
1246,20.379613051529248,Outgoing,46-55,67.36884115261833
1247,12.797204272197595,Outgoing,36-45,24.89413843042957
1248,31.400012542691293,Outgoing,26-35,57.852390965544735
1249,21.074565211886878,Outgoing,18-25,77.3365854946192
1250,15.917132628388337,Outgoing,36-45,47.78120839945683
1251,17.40225884790364,Incoming,18-25,33.6619089867164
1252,18.254971056155004,Incoming,36-45,32.78776714493651
1253,15.342316876474726,Incoming,26-35,63.04732049794218
1254,7.369010786579828,Outgoing,56-65,46.68876707211956
1255,28.38704736572607,Outgoing,36-45,39.54859651021494
1256,16.847161466776605,Incoming,56-65,2.5304867838824094
1257,18.284475588918504,Incoming,36-45,100.08217348791618
1258,31.547008415761358,Outgoing,56-65,47.14274385185854
1259,12.217003157476903,Outgoing,26-35,75.35184880288121
1260,21.58839727299873,Incoming,18-25,88.45970028291546
1261,11.453909215010118,Incoming,26-35,140.141094790276
1262,19.24714813781807,Outgoing,36-45,72.04722223209428
1263,18.410540223759508,Outgoing,46-55,63.3789594448102
1264,22.534207679982217,Outgoing,18-25,16.255530987206747
1265,25.457181023832334,Outgoing,56-65,4.328910998042218
1266,12.943352361602297,Outgoing,18-25,0.0
1267,26.916723885067427,Incoming,18-25,50.76667201850085
1268,27.412366569929187,Outgoing,26-35,30.049623495603964
1269,15.250102307145433,Incoming,36-45,42.86013929415577
1270,16.953921930178094,Outgoing,26-35,90.9341363945777
1271,13.539549160353927,Outgoing,36-45,67.91897468449866
1272,14.861911503094534,Outgoing,46-55,54.65454438849886
1273,8.575670413249524,Outgoing,26-35,59.89013361381478
1274,22.442750406304334,Outgoing,46-55,37.58385637591202
1275,2.647942752326598,Outgoing,36-45,43.03002793880586
1276,12.120336044661197,Incoming,18-25,20.425246101630485
1277,16.67686564251303,Outgoing,46-55,74.4344205403282
1278,26.098581312995577,Outgoing,46-55,99.26718515473519
1279,13.183288014886653,Outgoing,36-45,89.03923597198369
1280,19.994961697718047,Outgoing,36-45,55.620526581312255
1281,16.433111198848383,Outgoing,26-35,78.91948037497694
1282,23.615832303306338,Outgoing,26-35,68.60451925620663
1283,19.629100242701597,Outgoing,36-45,59.31920150055177
1284,22.811465716278057,Incoming,46-55,63.80122351927099
1285,13.14555559391787,Incoming,56-65,22.043428017842885
1286,9.901825740891649,Incoming,26-35,42.997393143750266
1287,19.56989823337354,Incoming,36-45,37.9441364558375
1288,13.585903866725173,Incoming,56-65,17.20141372462104
1289,17.212267102949802,Incoming,56-65,69.42213003720336
1290,19.22092458184863,Incoming,56-65,72.55906600512137
1291,25.69335271458307,Incoming,56-65,0.0
1292,22.505994503729994,Outgoing,18-25,54.631590675275994
1293,12.232932290582209,Incoming,26-35,46.523852941419
1294,8.984844335697101,Incoming,56-65,39.38962747120001
1295,28.951667733281134,Incoming,56-65,13.806141571190224
1296,5.921382296179585,Incoming,36-45,56.51912529975851
1297,13.832480066162644,Outgoing,36-45,55.46783027419507
1298,21.51671374225482,Incoming,18-25,45.57511444024978
1299,28.471328728650224,Outgoing,56-65,75.21429596216313
1300,15.672369324130635,Incoming,18-25,74.12150843747136
1301,17.191400959896256,Incoming,36-45,8.423625507729234
1302,10.874808048818023,Outgoing,26-35,74.06936501595482
1303,17.88631278494643,Outgoing,46-55,31.103528910762584
1304,8.948922144893844,Outgoing,46-55,48.17953167690009
1305,11.74800532746943,Incoming,18-25,96.2080176215085
1306,22.347233878969362,Outgoing,36-45,53.91907915597927
1307,13.96496228196652,Outgoing,46-55,80.68834351197837
1308,23.42074245437149,Outgoing,56-65,48.65656896117308
1309,15.925450113456225,Outgoing,26-35,78.40945511678161
1310,7.418119349904298,Outgoing,36-45,53.64153565348539
1311,25.17855692997911,Outgoing,18-25,48.27624498379123
1312,7.792717404636781,Outgoing,36-45,58.07038679061951
1313,12.787487437975695,Incoming,26-35,27.030135684711166
1314,15.602106426432996,Outgoing,36-45,42.11324906626422
1315,24.040800344614453,Incoming,18-25,70.27587283862225
1316,13.314606241168295,Outgoing,56-65,75.94971335459341
1317,10.512979862709411,Incoming,36-45,32.21191808371778
1318,18.13871150092277,Outgoing,18-25,98.07469204738788
1319,15.502239937413666,Outgoing,56-65,100.19139776581649
1320,13.728265806725872,Incoming,46-55,31.885760395741258
1321,18.51539749541492,Incoming,36-45,43.59957285017742
1322,8.574826492248075,Incoming,56-65,54.23762557975085
1323,4.9471162132402355,Outgoing,46-55,85.3628969974767
1324,31.9711107508778,Incoming,36-45,69.32580510876751
1325,17.729302653531043,Outgoing,36-45,47.34480426549601
1326,18.21926617373589,Outgoing,26-35,23.408492432581408
1327,11.526074335260457,Outgoing,36-45,6.082592741924024
1328,23.283891904458077,Outgoing,36-45,62.14494378444283
1329,13.265603178979074,Outgoing,56-65,100.5102662350065
1330,0.0,Outgoing,18-25,55.095290301346786
1331,13.030766616439578,Outgoing,26-35,65.37947932375309
1332,15.03010845452885,Incoming,36-45,60.271191971461924
1333,15.80941476965841,Outgoing,56-65,14.028533139010584
1334,15.606918360787924,Outgoing,56-65,94.2806515354283
1335,12.48559768116606,Outgoing,18-25,35.30076092176918
1336,11.809352582076425,Incoming,46-55,35.002902819617915
1337,14.914149332455786,Incoming,36-45,66.66168385152184
1338,5.481667390748596,Incoming,46-55,37.040550967356225
1339,3.296825943326205,Outgoing,18-25,22.415834724209525
1340,17.686388429437468,Outgoing,56-65,79.19699600140255
1341,17.803144119854935,Incoming,46-55,58.197953803405156
1342,23.155804060377978,Outgoing,18-25,78.98403541738816
1343,15.211042827404597,Incoming,46-55,45.80047756538524
1344,8.644609508247298,Incoming,56-65,43.63147486458071
1345,3.422472293614234,Outgoing,36-45,61.31569943110179
1346,10.768627468301938,Incoming,26-35,63.78776096316342
1347,19.957638208402635,Outgoing,56-65,38.94722412436505
1348,27.090142323862455,Incoming,46-55,35.962187081321574
1349,17.3785978894006,Outgoing,36-45,77.66984159524563
1350,8.504870767647217,Incoming,26-35,63.346622424269924
1351,10.840555782464511,Incoming,18-25,61.86912932238309
1352,11.059058531549777,Outgoing,36-45,5.62429270621778
1353,14.158079789046326,Incoming,56-65,61.450149114184676
1354,24.84626797496409,Incoming,46-55,64.30413094654597
1355,25.39236615109747,Incoming,26-35,46.999545439165104
1356,15.794208736575795,Outgoing,36-45,69.1139457441134
1357,18.28149077079518,Incoming,26-35,37.679728726111186
1358,11.41709474988574,Outgoing,26-35,63.56771797701313
1359,5.030640889524054,Incoming,36-45,16.871781783124533
1360,29.51836847423922,Incoming,46-55,77.60906083602015
1361,0.742590645845226,Incoming,18-25,35.696307711089894
1362,4.149117776348131,Outgoing,36-45,65.86020064159356
1363,29.574840986117522,Incoming,18-25,86.08222343117266
1364,17.116307832693128,Outgoing,26-35,79.68168166889821
1365,9.1185956503837,Incoming,26-35,65.7626271183483
1366,21.778925417625178,Outgoing,46-55,75.54741443278226
1367,22.411373142321846,Incoming,36-45,92.35743000382213
1368,7.671200483965789,Incoming,36-45,58.0058834845851
1369,13.27008236471298,Incoming,56-65,79.25661286964196
1370,23.133721045940046,Incoming,46-55,25.535727004472843
1371,11.281659775406563,Outgoing,36-45,36.973000278167405
1372,18.975146170296828,Incoming,26-35,92.66616883129797
1373,26.97368530456391,Outgoing,46-55,48.79804055782002
1374,0.2526061792121723,Outgoing,56-65,41.88736405442235
1375,14.611261764698664,Outgoing,56-65,47.85935826504593
1376,18.83145198997242,Incoming,26-35,37.2006851930478
1377,4.4556542983961425,Outgoing,36-45,50.738978672959874
1378,13.292720268232722,Outgoing,26-35,28.77593631567073
1379,24.311490508992694,Outgoing,56-65,40.794927089396545
1380,12.069793958792772,Outgoing,46-55,56.96516196702776
1381,6.609714948799688,Outgoing,36-45,94.31084477191226
1382,24.915822762135825,Incoming,26-35,53.884157316684
1383,20.111511854713022,Incoming,36-45,11.86638110714376
1384,16.518005959467654,Incoming,46-55,80.15160825410507
1385,16.311257210243845,Incoming,56-65,75.14478719581184
1386,24.19797729773459,Incoming,26-35,35.146297544117516
1387,19.061698275064604,Outgoing,56-65,74.7338249759671
1388,21.519285023879796,Incoming,26-35,51.71196649706115
1389,12.152035236350404,Incoming,36-45,91.10604224842974
1390,3.578514938352786,Outgoing,18-25,114.69404568368824
1391,21.353395901459184,Incoming,26-35,64.95946494574437
1392,24.706495451663272,Incoming,26-35,74.19558332109402
1393,15.428066226292614,Outgoing,56-65,95.07333070540881
1394,23.214296086554594,Incoming,18-25,79.03562299342573
1395,14.653510447761578,Incoming,18-25,66.37187659831633
1396,16.365105870770694,Incoming,18-25,52.26895790569386
1397,29.26700151871091,Incoming,18-25,26.6438274130137
1398,14.959359624054985,Outgoing,46-55,48.07068518093605
1399,14.54601425212624,Incoming,36-45,49.10028645192364
1400,3.910143337548801,Incoming,26-35,55.53831853848601
1401,21.830512119866945,Incoming,36-45,9.179409467128231
1402,12.031110441819852,Outgoing,36-45,45.99185189960282
1403,18.030575077088848,Incoming,36-45,48.524834522653535
1404,14.794726387970973,Incoming,36-45,20.180670000069654
1405,13.8794509915564,Incoming,46-55,65.15344510584356
1406,16.175893570968494,Incoming,56-65,78.16612977375271
1407,16.71403362308414,Outgoing,46-55,54.89712272502024
1408,25.232553417446574,Outgoing,26-35,23.95643573814068
1409,27.641482996848055,Outgoing,18-25,52.418646890927974
1410,21.555005717091113,Outgoing,56-65,73.33471547183765
1411,25.900891394295996,Outgoing,26-35,72.46335170788709
1412,22.979032295227007,Outgoing,18-25,53.83459253354988
1413,20.46229871355074,Incoming,46-55,65.2466311478008
1414,27.18600054705411,Incoming,36-45,39.123061470190635
1415,7.840677583522735,Incoming,26-35,73.62649462070985
1416,12.208764591255346,Incoming,36-45,44.775883075460996
1417,11.253689312007348,Outgoing,36-45,35.89223415641011
1418,14.89028458352379,Incoming,36-45,78.79832806594986
1419,21.801302506590062,Outgoing,56-65,58.33447695595692
1420,9.194275834692762,Outgoing,18-25,57.05645424001902
1421,20.51959437767774,Incoming,36-45,68.34298716546706
1422,12.890573571170336,Outgoing,26-35,53.30936521548144
1423,14.570551627691398,Incoming,56-65,31.702886413814475
1424,18.402909644036995,Outgoing,18-25,49.382348064755675
1425,28.768736973430496,Outgoing,26-35,17.762252334443552
1426,12.013570634221109,Outgoing,56-65,84.31182895554772
1427,16.43934624554595,Incoming,56-65,27.271703308732825
1428,9.452423420820612,Incoming,18-25,103.58978560400081
1429,11.946365985586947,Incoming,36-45,35.27406389215213
1430,9.388609955528675,Outgoing,26-35,70.40896983434872
1431,18.713495615766004,Outgoing,46-55,101.94779737746066
1432,19.97716138642145,Outgoing,36-45,61.53353619198475
1433,21.809345427066788,Outgoing,46-55,46.94679850162568
1434,11.724452023655612,Incoming,26-35,55.808967154650205
1435,20.55560154981518,Incoming,46-55,33.366644856087845
1436,17.791700547736124,Incoming,46-55,4.350744480927808
1437,16.595732519240705,Outgoing,18-25,69.90374674798575
1438,8.310040207446031,Incoming,18-25,4.343428838016976
1439,18.072774495226806,Outgoing,18-25,20.789969003746982
1440,18.294696339378152,Outgoing,46-55,56.43973185418731
1441,17.712099111795638,Outgoing,46-55,38.50627267322975
1442,19.800355300940467,Incoming,56-65,67.26548388152547
1443,21.862169613486014,Outgoing,56-65,94.97534213395318
1444,9.313836837295964,Outgoing,18-25,48.599846740613955
1445,15.483127395001535,Incoming,56-65,39.801506499655844
1446,20.610373210949707,Outgoing,36-45,99.21040612877881
1447,15.121236253874981,Outgoing,56-65,72.08787993407675
1448,23.71596489943291,Incoming,56-65,78.09639719544714
1449,17.631249476847955,Outgoing,36-45,76.114627349306
1450,3.315541512135143,Outgoing,36-45,48.835907446898766
1451,22.876002434383857,Incoming,26-35,45.60354181055862
1452,16.18027741201269,Outgoing,46-55,31.226944455925647
1453,4.6120241681229945,Outgoing,46-55,73.16775036616298
1454,15.233970977992415,Incoming,18-25,64.63531902116785
1455,8.121449349697707,Outgoing,26-35,71.14892709217054
1456,22.27191899915907,Outgoing,26-35,8.216284260474517
1457,16.749113138976842,Outgoing,26-35,78.26967776867752
1458,10.53378244638764,Outgoing,26-35,43.51263613059358
1459,22.67593639874002,Incoming,56-65,2.506334691958088
1460,20.20967966197374,Incoming,26-35,22.522430779561837
1461,15.349646840822494,Incoming,18-25,42.47047913014808
1462,8.280817923245475,Incoming,46-55,37.081606180692475
1463,11.102683445243846,Incoming,26-35,55.318681024043094
1464,10.997794632057728,Outgoing,46-55,66.46338303382919
1465,22.22548042285072,Outgoing,36-45,52.13823447537782
1466,5.23371900049041,Outgoing,18-25,43.18836652742158
1467,16.66935628405842,Outgoing,36-45,58.54718832711973
1468,15.248009264595396,Incoming,26-35,58.89561140479849
1469,24.248773124427917,Outgoing,56-65,86.71900963815912
1470,18.62915590372724,Incoming,56-65,39.72976487777886
1471,20.74647199600568,Outgoing,18-25,52.222903266499
1472,13.32247997388987,Incoming,26-35,96.19592250816
1473,8.383012687463168,Outgoing,26-35,24.512306139008345
1474,14.721668168864554,Incoming,26-35,45.87498165706239
1475,22.440136701485024,Incoming,26-35,32.139602305612286
1476,22.42423441806238,Incoming,18-25,23.64699245040164
1477,13.985887002190125,Outgoing,18-25,60.631922787988024
1478,10.974793367460094,Outgoing,18-25,88.2597535202547
1479,9.603246125649694,Incoming,56-65,107.44213735993716
1480,16.04361378091407,Incoming,26-35,53.94805442907067
1481,17.95585820203533,Outgoing,36-45,67.62049185775348
1482,27.31234059083031,Incoming,46-55,68.53605609549318
1483,17.863315303332122,Outgoing,18-25,49.84912156746568
1484,21.296361956649967,Incoming,18-25,87.01537596569497
1485,11.536724084670468,Outgoing,56-65,50.88750321015103
1486,17.29190703450387,Incoming,56-65,82.14782171786368
1487,17.98054918875806,Incoming,46-55,46.086278444733956
1488,16.016286305089352,Incoming,56-65,26.17294293297928
1489,16.847268421910517,Incoming,18-25,27.728944822838994
1490,17.88352927334074,Outgoing,26-35,14.538519566843306
1491,20.36725769166021,Outgoing,26-35,86.58691777062644
1492,25.183826303896332,Outgoing,56-65,86.92967649004197
1493,1.14116545852203,Outgoing,46-55,37.14205697727466
1494,24.796162598970813,Incoming,26-35,28.310652596342113
1495,5.024343185774162,Outgoing,18-25,35.590578441107084
1496,19.161339747257266,Outgoing,26-35,59.45037281150603
1497,33.48940278361931,Outgoing,46-55,31.602941881975216
1498,16.702217981019526,Incoming,56-65,68.74674987943479
1499,18.260133975902495,Outgoing,36-45,47.39729109496698
1500,14.828182002556726,Outgoing,26-35,82.09370205619184
1501,21.670836430854557,Outgoing,18-25,71.86143751478534
1502,19.535459868478192,Outgoing,46-55,26.94849853947908
1503,12.267669286546504,Incoming,26-35,23.486449980645748
1504,16.199528613706253,Outgoing,36-45,60.19014755219175
1505,9.17094447355951,Incoming,56-65,50.45243042678607
1506,16.167410051373796,Outgoing,26-35,86.85095526853407
1507,14.06439469158284,Incoming,46-55,64.74667945141096
1508,17.95578666113502,Incoming,26-35,43.556163593707325
1509,12.030602720006426,Outgoing,56-65,97.03699274642767
1510,15.498978169396603,Outgoing,46-55,44.281761597879516
1511,17.06140942631701,Outgoing,36-45,21.53591699837765
1512,17.548923885696603,Incoming,18-25,49.855429504275286
1513,18.919986009940896,Incoming,56-65,34.856767606993984
1514,15.780826343033095,Outgoing,26-35,79.68276395941191
1515,11.493144387478125,Incoming,36-45,26.767540831114374
1516,17.574512908547046,Outgoing,46-55,76.2264011970755
1517,15.74799522082966,Outgoing,46-55,48.4875756122167
1518,24.17251949475047,Outgoing,46-55,15.379808911226348
1519,25.055190506372515,Outgoing,26-35,65.65856904918094
1520,7.39543695194085,Outgoing,56-65,84.66266474323831
1521,21.320081838924256,Incoming,36-45,57.56215647335394
1522,22.724209127629358,Incoming,46-55,50.23063328043518
1523,7.579180928951022,Outgoing,18-25,101.46741973042738
1524,21.056309732388996,Incoming,56-65,84.99827380025837
1525,23.271684424364103,Incoming,36-45,74.2811646399868
1526,10.352473534849867,Incoming,36-45,4.731114787245964
1527,15.34560863815273,Outgoing,46-55,37.55387965112985
1528,18.304239550741553,Outgoing,18-25,49.6593178719978
1529,20.993206420694946,Outgoing,46-55,66.5780603629247
1530,10.080924126866774,Incoming,56-65,77.40020215164907
1531,25.099046884709285,Incoming,26-35,28.963130505837555
1532,2.7945630895407803,Outgoing,56-65,69.48707370819186
1533,26.266218842478498,Incoming,18-25,25.888489517415422
1534,20.851872274529427,Incoming,26-35,72.77271415225961
1535,12.647599422000372,Outgoing,36-45,27.425888172912334
1536,23.05084089894956,Incoming,46-55,86.06335969020472
1537,9.66540669478509,Incoming,56-65,61.3580789483753
1538,17.804552380757126,Incoming,46-55,45.39808467154192
1539,18.669534116660166,Outgoing,56-65,62.5903999440463
1540,18.652943697713102,Outgoing,46-55,38.636380569858005
1541,11.121977100192577,Incoming,26-35,55.565172723541195
1542,13.52745979349696,Incoming,46-55,30.046725852953912
1543,17.88721406305571,Incoming,18-25,62.417162453025966
1544,11.912793799233949,Incoming,18-25,48.687117005616926
1545,18.90016955993626,Incoming,46-55,49.84051628083515
1546,12.70111822241395,Incoming,36-45,53.951059843642575
1547,24.000000182540703,Incoming,18-25,32.763407329760376
1548,27.93879465399655,Incoming,56-65,106.94722620793956
1549,14.917750777399185,Outgoing,46-55,49.89495196915749
1550,23.441811326790738,Outgoing,46-55,82.46935613560207
1551,15.513868208963803,Incoming,18-25,25.88707097598054
1552,10.444981622810595,Incoming,36-45,0.0
1553,14.019975816113863,Incoming,56-65,61.42981297058117
1554,17.598988185293493,Outgoing,18-25,81.64968636283297
1555,4.491296349010497,Incoming,18-25,85.37900142143974
1556,21.379597330118475,Incoming,26-35,78.34304486866037
1557,17.602145942554547,Incoming,18-25,49.720028030342384
1558,24.00380770228408,Outgoing,56-65,69.39770294739972
1559,21.256962876399506,Outgoing,26-35,39.086887649698724
1560,17.83963822014722,Incoming,36-45,39.70120703795551
1561,14.50915545255376,Incoming,36-45,60.475707083610594
1562,27.66003205192091,Incoming,18-25,60.926394265183184
1563,32.189108807852236,Outgoing,56-65,41.74704541703521
1564,14.62595416458132,Outgoing,36-45,59.560950734151426
1565,24.296054315917857,Incoming,56-65,83.53567409043703
1566,12.052752387242883,Incoming,56-65,32.830529752628884
1567,12.88619832417658,Outgoing,26-35,71.82722594193723
1568,14.296285339510508,Outgoing,18-25,20.896123979898356
1569,21.792778813244446,Outgoing,56-65,12.979197278983335
1570,9.475606939626594,Incoming,56-65,62.567683894083544
1571,27.849749589029642,Outgoing,56-65,53.385193431380095
1572,23.565105801611207,Outgoing,18-25,57.883207942164375
1573,21.630606438002168,Outgoing,26-35,57.47776263499299
1574,14.943297337981178,Incoming,56-65,78.89818979803357
1575,22.80641312899719,Incoming,46-55,68.29782805044442
1576,0.0,Incoming,26-35,66.70909801212235
1577,20.086309544447495,Outgoing,18-25,89.5844730708551
1578,18.12085447363922,Outgoing,36-45,77.57770250436782
1579,3.796491043474738,Incoming,56-65,59.488083615815725
1580,19.84377087912518,Outgoing,46-55,81.3912560483528
1581,21.136242081132508,Incoming,36-45,48.10515754398586
1582,4.023870786160751,Outgoing,36-45,48.766245931498425
1583,8.692600076435435,Incoming,56-65,87.86628385346398
1584,31.45072406295666,Incoming,56-65,49.31887410458374
1585,15.695525177282736,Incoming,36-45,65.12138064181333
1586,23.829382416488713,Outgoing,46-55,63.79368755692009
1587,24.887613470027727,Incoming,26-35,58.876739090062365
1588,19.757557697966874,Incoming,56-65,100.01432266477777
1589,24.120689458324954,Outgoing,56-65,51.92266620170585
1590,2.2097814928469717,Outgoing,18-25,99.32998753898532
1591,15.386294118235398,Outgoing,56-65,28.112108652163872
1592,0.0,Outgoing,18-25,53.8161507382498
1593,4.777344348029263,Incoming,36-45,49.00669492105038
1594,13.17789852110537,Incoming,46-55,74.37049387100933
1595,12.342308927026732,Incoming,18-25,21.071380464941598
1596,17.289872023997358,Outgoing,18-25,64.54379048820515
1597,16.855446418779074,Incoming,26-35,78.11989769544024
1598,17.93619700986862,Outgoing,36-45,46.82012972168661
1599,18.222967540414754,Incoming,18-25,39.46620829571639
1600,19.330459072220798,Outgoing,18-25,39.65087059738258
1601,10.286687258116267,Outgoing,36-45,67.35782519532934
1602,11.92645376445339,Outgoing,56-65,15.358063202508887
1603,16.74185358493673,Outgoing,46-55,22.288746440848108
1604,16.850599345289535,Outgoing,36-45,57.08433477975655
1605,9.42650844292591,Incoming,26-35,69.60632772442818
1606,24.57091566709136,Outgoing,26-35,61.88021355455257
1607,22.07360474285578,Outgoing,46-55,70.03131298297133
1608,10.9819832024581,Incoming,26-35,28.8253988072106
1609,15.5414379095832,Outgoing,36-45,11.292367811285253
1610,31.066777555579808,Incoming,56-65,77.07203895494499
1611,18.124039264839972,Incoming,26-35,23.30726864168664
1612,19.76980168640046,Outgoing,36-45,67.87310776245151
1613,12.737451142082094,Incoming,26-35,9.277815573218732
1614,14.80821524030161,Outgoing,18-25,71.92014606389495
1615,27.579281900483817,Outgoing,18-25,54.95675734914872
1616,17.793060991047753,Outgoing,56-65,81.0221190070168
1617,16.50350246788983,Incoming,18-25,74.8069340988904
1618,17.05348760155526,Outgoing,18-25,46.373477672988024
1619,34.81767951890629,Incoming,26-35,41.31564115759703
1620,17.27865252203519,Outgoing,26-35,62.902704742599155
1621,11.18946310550479,Outgoing,46-55,42.46089638142375
1622,12.412543688693333,Outgoing,56-65,0.0
1623,22.465292016716727,Outgoing,18-25,47.98110952513551
1624,7.000632113472562,Incoming,46-55,33.4856494317666
1625,20.154080870249608,Outgoing,26-35,41.61858739135053
1626,11.933277306453903,Outgoing,46-55,62.4300666991883
1627,3.9886131048359452,Outgoing,18-25,86.02743849559398
1628,10.139494481604835,Outgoing,46-55,100.94126517810619
1629,17.192736667750616,Outgoing,36-45,67.24063724836428
1630,26.766171754449715,Outgoing,56-65,40.12340146640965
1631,23.393305883626464,Incoming,18-25,79.234218516053
1632,14.944168416804729,Incoming,36-45,17.22538011968645
1633,23.80530948872665,Incoming,46-55,37.73168788299222
1634,14.502541195326618,Outgoing,18-25,49.259286635232456
1635,6.7344189067787745,Outgoing,46-55,6.867960660229869
1636,17.147613449428736,Outgoing,56-65,61.17215604384378
1637,6.4584620349525075,Incoming,56-65,34.4455740714539
1638,22.539858152395436,Incoming,26-35,61.128704926119916
1639,22.641160623048144,Outgoing,36-45,48.35797827582407
1640,10.840210423288164,Incoming,56-65,33.96697976733783
1641,18.019182547779636,Incoming,36-45,30.02112642349203
1642,17.952344639340087,Outgoing,46-55,53.7899452194045
1643,23.10374367237069,Outgoing,36-45,73.12143347320855
1644,8.284522222113065,Incoming,18-25,72.34890301457395
1645,21.196412664977263,Incoming,26-35,62.33767174366088
1646,7.782615242961432,Outgoing,36-45,69.31457745885248
1647,22.440321163710095,Incoming,36-45,56.858060464072054
1648,24.43888180933202,Incoming,56-65,38.55518495233099
1649,12.312860244520753,Outgoing,18-25,90.11023346958805
1650,25.533902065790777,Outgoing,56-65,38.621488330583034
1651,5.98176925886848,Incoming,36-45,94.39799787700565
1652,24.69708411647384,Incoming,46-55,70.90769360331812
1653,27.069193667138485,Outgoing,56-65,48.67494432967343
1654,19.420706359060723,Outgoing,56-65,22.8811070503979
1655,15.631319532794473,Outgoing,18-25,63.42065083012959
1656,19.18693874069946,Incoming,56-65,53.811318224311364
1657,12.77369141888211,Incoming,56-65,85.33507939734415
1658,35.37238675413921,Outgoing,26-35,29.038151304891777
1659,12.894280966959961,Incoming,36-45,81.42345776006174
1660,26.22180818760123,Incoming,18-25,91.87163863232391
1661,11.811408078031004,Outgoing,56-65,37.01635582130548
1662,28.177657956525543,Incoming,36-45,73.44926919968334
1663,31.086300072286186,Incoming,18-25,90.09212982217755
1664,19.701935677135403,Incoming,56-65,89.02615287265658
1665,19.00660087997005,Incoming,46-55,81.31353161254609
1666,10.30394682650795,Outgoing,26-35,97.99582956751395
1667,9.470326733022008,Incoming,18-25,56.66839153749664
1668,19.085402236159396,Outgoing,46-55,53.87856605192014
1669,27.207347340267845,Incoming,18-25,94.23192846853031
1670,13.162582575956787,Incoming,18-25,0.0
1671,32.4555045245593,Outgoing,26-35,47.881061962919055
1672,12.728978422591133,Incoming,46-55,34.590811272658044
1673,18.605743585249794,Incoming,56-65,56.044897592560986
1674,18.62411526482559,Incoming,36-45,65.42514778247431
1675,16.28925937335138,Incoming,46-55,69.6781701351184
1676,2.6932073857163896,Incoming,18-25,56.960222160536134
1677,12.666488296983728,Incoming,46-55,59.30965270546132
1678,18.397475046120107,Incoming,36-45,79.23079317910393
1679,16.328104328138505,Outgoing,46-55,40.71524341987276
1680,21.45341861581948,Outgoing,36-45,46.3855909325676
1681,22.297851383942962,Outgoing,26-35,32.11626943644202
1682,15.319450771747631,Incoming,18-25,54.67744023290815
1683,10.262987393791876,Outgoing,56-65,14.459959725603554
1684,27.838223937683892,Incoming,46-55,87.49132569363897
1685,7.511763686390436,Incoming,26-35,74.89470431599764
1686,12.83284943597496,Outgoing,46-55,30.452041779525082
1687,11.050280532183391,Incoming,26-35,85.88177276184096
1688,22.225203352614752,Outgoing,36-45,48.349197570119415
1689,26.219153821364138,Outgoing,26-35,37.472655516303966
1690,15.784146371423386,Outgoing,36-45,64.34110714051035
1691,18.608437322344386,Outgoing,26-35,13.72144567289181
1692,20.001402746924047,Incoming,46-55,46.34115049842982
1693,29.62802869012203,Outgoing,56-65,64.32421490080444
1694,4.584985904507757,Outgoing,18-25,99.56388000513117
1695,22.2095532938885,Incoming,56-65,23.184441144142987
1696,19.635673235576522,Outgoing,26-35,25.184541719857112
1697,14.404123323279258,Incoming,36-45,48.997498152492426
1698,19.28358715004207,Outgoing,46-55,46.91397944552859
1699,22.185802830809426,Outgoing,18-25,74.60271934134595
1700,21.082138987379622,Incoming,18-25,93.07414331157813
1701,32.109504241414086,Outgoing,46-55,80.67939777471807
1702,17.892371114555797,Outgoing,26-35,43.96745916739772
1703,17.188336283032285,Incoming,18-25,91.28626896622742
1704,15.730908500311577,Outgoing,46-55,53.0790289646642
1705,20.87085186002122,Outgoing,26-35,67.96653068579906
1706,16.775592169598365,Incoming,46-55,65.47684497127477
1707,17.09246401545337,Outgoing,18-25,66.18420978192074
1708,17.1248090200438,Incoming,56-65,76.84666244804673
1709,16.057740013569347,Incoming,18-25,75.14011955314004
1710,12.739290384933145,Outgoing,18-25,73.14116443360622
1711,19.926745767378375,Incoming,56-65,41.884272368273784
1712,15.00466704488367,Outgoing,26-35,33.277332396233874
1713,21.295756519743108,Incoming,46-55,73.60838891294105
1714,17.77537340249598,Outgoing,26-35,63.36962954339664
1715,14.293975865696673,Outgoing,26-35,76.9655273494268
1716,27.95381283524545,Incoming,46-55,43.43756716753189
1717,16.283811901171166,Incoming,26-35,73.54018278766273
1718,21.359761101932644,Outgoing,36-45,47.41707118123495
1719,12.100119658055291,Outgoing,18-25,45.87449154919306
1720,2.821224682081743,Outgoing,36-45,84.34001254310834
1721,13.031005826260671,Outgoing,46-55,82.49348042807324
1722,2.0378590552014444,Incoming,56-65,60.46512305281512
1723,15.341959932265262,Incoming,56-65,46.338948243767994
1724,27.280529101773375,Outgoing,46-55,52.92467737640949
1725,10.663004845463444,Outgoing,46-55,58.69066372655141
1726,2.2576929968406816,Outgoing,26-35,45.31146863186585
1727,27.501798937087685,Incoming,18-25,63.04809407329135
1728,13.672516656730238,Outgoing,36-45,42.35917758807954
1729,16.889831324819184,Outgoing,46-55,93.83645394414359
1730,22.51795978391754,Incoming,56-65,5.425183317729115
1731,20.662209354924045,Outgoing,18-25,39.157933034471675
1732,22.25358693728308,Outgoing,18-25,74.32478996578523
1733,23.303002926817967,Incoming,26-35,94.42431282252753
1734,4.777197571873819,Outgoing,56-65,40.04183076101024
1735,7.099565819019865,Outgoing,18-25,49.241849237833236
1736,25.198187638401887,Incoming,56-65,66.48959164939991
1737,11.527825998358193,Outgoing,36-45,67.48691365071338
1738,12.291479085255085,Incoming,56-65,58.3962398094095
1739,8.160102344849774,Incoming,18-25,74.51657744539513
1740,14.165364774567625,Incoming,56-65,62.396043448348635
1741,14.554787554208703,Outgoing,56-65,62.90232687269459
1742,10.437775186203897,Incoming,56-65,94.20820313400728
1743,9.628420785869789,Incoming,18-25,50.85040584005432
1744,19.23064164522994,Outgoing,36-45,48.96556392448785
1745,11.346315131780996,Outgoing,56-65,47.39713847808234
1746,12.75581420115217,Outgoing,36-45,40.253981944893795
1747,1.6960515725814354,Incoming,18-25,52.11834028281826
1748,30.567401697717173,Outgoing,46-55,39.61653743458212
1749,23.592768206322905,Outgoing,56-65,66.54131609727112
1750,13.536357626711407,Incoming,36-45,66.87706311182004
1751,10.706433450395958,Incoming,56-65,61.04472813301224
1752,17.076221580631874,Incoming,26-35,64.96521794547027
1753,16.88426487281642,Outgoing,26-35,75.30186198991004
1754,8.06823401339747,Incoming,18-25,29.364806661984485
1755,0.0,Outgoing,36-45,61.820626363390446
1756,13.317468647383318,Incoming,36-45,95.16059036618299
1757,6.056378283703406,Outgoing,56-65,41.708019105255175
1758,18.199659627064793,Incoming,26-35,117.6570629289366
1759,18.24657096662472,Incoming,56-65,47.435349612560465
1760,10.187511111606641,Outgoing,56-65,61.205849830690894
1761,13.25791012641183,Incoming,18-25,62.307088728683965
1762,29.341291843846584,Incoming,46-55,19.22198301484613
1763,22.425899683896738,Incoming,18-25,35.012833289957115
1764,13.834230605037671,Incoming,18-25,71.51189401165243
1765,33.04371528855185,Incoming,18-25,49.20157281227478
1766,8.621438116198487,Outgoing,56-65,33.260082433495036
1767,11.311136926284117,Incoming,56-65,85.39352470630038
1768,16.22640080504451,Incoming,56-65,62.71905149271814
1769,6.282950542365791,Incoming,56-65,51.466700856291745
1770,29.532164152394927,Incoming,26-35,112.11205612517713
1771,18.282064270964963,Outgoing,36-45,30.007403832470672
1772,11.470358001701438,Outgoing,26-35,29.177837823778344
1773,20.13450865983333,Outgoing,36-45,45.05320834856566
1774,18.022390938085238,Outgoing,56-65,61.97354277897419
1775,14.867442411119073,Outgoing,26-35,66.30111499680876
1776,8.540393832249638,Outgoing,36-45,36.81802836846718
1777,6.946516521296251,Incoming,46-55,20.198491716415774
1778,32.307606982102584,Incoming,18-25,69.60131582808408
1779,7.53085580423002,Incoming,36-45,43.95691852302487
1780,28.88575863545963,Incoming,26-35,55.19957852862282
1781,11.08668596668831,Outgoing,26-35,57.15753072746881
1782,22.530227972782257,Outgoing,46-55,78.90911860365102
1783,20.258031630565455,Outgoing,36-45,42.18377534674373
1784,21.657930902074916,Outgoing,18-25,94.7189542419269
1785,22.124099905681334,Outgoing,26-35,51.33416942935185
1786,5.719040643637424,Outgoing,56-65,21.445673658901207
1787,12.26557805268076,Outgoing,56-65,29.79880234070834
1788,7.423664285476001,Incoming,36-45,28.675140256414235
1789,18.32510742593318,Outgoing,46-55,36.7917148169028
1790,7.736589675130416,Outgoing,18-25,61.45391120935516
1791,3.1326697604874525,Incoming,36-45,80.15343308638936
1792,15.337658644194978,Outgoing,36-45,0.0
1793,1.5364466325878787,Incoming,18-25,77.37468881395213
1794,18.811167363046696,Outgoing,26-35,90.33123922102132
1795,8.196593336355809,Incoming,56-65,106.28161070434552
1796,11.115941763438405,Incoming,26-35,65.49294885744479
1797,1.0370881878960976,Outgoing,46-55,10.543626722824307
1798,28.55071549665982,Incoming,18-25,21.404028376331645
1799,6.759595791153448,Incoming,26-35,77.30829657590917
1800,14.451991358164737,Incoming,36-45,57.33300607216968
1801,4.457829852771278,Incoming,36-45,39.249549994505706
1802,11.150325341334593,Outgoing,46-55,17.697715632800957
1803,29.26275246716947,Incoming,46-55,28.086445352615375
1804,19.082337146857434,Incoming,18-25,68.12175896058235
1805,11.934583025825944,Outgoing,26-35,66.97912186514696
1806,16.760785642411754,Outgoing,36-45,79.15799563823882
1807,13.076086603193719,Incoming,18-25,87.99649579155871
1808,16.353055941206893,Incoming,18-25,33.05779337636463
1809,22.20708103323073,Outgoing,36-45,78.07108944762304
1810,14.682314070650726,Outgoing,26-35,36.45194512436523
1811,18.539940317475732,Incoming,56-65,51.87519727815864
1812,18.655468483537785,Outgoing,46-55,36.6853032282818
1813,14.716980468915796,Incoming,26-35,74.25213512850718
1814,11.848518072309611,Incoming,56-65,40.51008744810482
1815,13.323716503768775,Outgoing,56-65,71.19081933734623
1816,21.894296760745537,Incoming,36-45,66.97029634430348
1817,22.476916934828154,Outgoing,56-65,83.47110488917542
1818,9.035439681120703,Outgoing,46-55,69.61171591321933
1819,15.173074659283941,Outgoing,18-25,101.72866743340023
1820,11.729546916283656,Outgoing,26-35,38.93584119140175
1821,22.599667008012986,Incoming,46-55,74.87464668822483
1822,13.701578721540693,Incoming,56-65,65.03099308264073
1823,32.406466722999575,Incoming,18-25,36.1360244992154
1824,18.52528172927937,Incoming,18-25,78.91815212616163
1825,25.273975179562555,Incoming,56-65,76.2743363914377
1826,9.897724212376438,Outgoing,46-55,38.874509047584525
1827,17.08205504360106,Incoming,56-65,13.209215216287227
1828,21.313211688591565,Incoming,26-35,52.39003972754917
1829,9.766898307247398,Outgoing,18-25,37.85749156337263
1830,17.14239898267404,Outgoing,36-45,59.07316666187186
1831,24.363013225403755,Outgoing,18-25,55.27438719205015
1832,14.7078499445356,Outgoing,56-65,99.53896163425748
1833,11.037732467991624,Incoming,56-65,36.55939202927543
1834,29.620716188307625,Outgoing,36-45,69.79295893324073
1835,8.79778288847591,Incoming,36-45,21.205952466397612
1836,18.091234398671112,Outgoing,18-25,30.523467151197345
1837,12.042065631642354,Outgoing,56-65,43.93723587394175
1838,10.442160327997135,Outgoing,18-25,33.86544920711986
1839,22.191599578922816,Incoming,46-55,65.90854820454034
1840,15.561248618362235,Incoming,56-65,54.30121403539726
1841,19.841205257937883,Incoming,18-25,75.61529729736219
1842,1.2139799521236387,Outgoing,56-65,29.34369742885566
1843,20.52183847373442,Incoming,56-65,59.46813967603447
1844,11.955828617285668,Outgoing,26-35,36.39778528862796
1845,3.8480363418921186,Incoming,18-25,86.80814318632977
1846,30.19317688351023,Outgoing,56-65,29.34646605239592
1847,21.20709468546239,Incoming,36-45,11.058147087162972
1848,18.590941888757186,Incoming,36-45,40.32876789336501
1849,25.74593194817906,Outgoing,26-35,26.963334085925933
1850,18.73298496971975,Outgoing,56-65,58.579963528340315
1851,11.409701928994757,Incoming,18-25,69.54698991878814
1852,15.77522672662336,Incoming,18-25,73.24438514654517
1853,12.251436507655633,Incoming,36-45,1.6135680172416258
1854,13.497529750227034,Outgoing,46-55,73.05686017196166
1855,8.19607433898531,Outgoing,56-65,60.67898532515389
1856,10.209855969397763,Incoming,26-35,72.53749318168161
1857,23.262098728680726,Incoming,26-35,76.98629148089579
1858,19.324528071622737,Incoming,56-65,39.57347827414742
1859,13.47890863227944,Outgoing,56-65,32.37955308958571
1860,9.803776948758053,Outgoing,26-35,63.18849679747208
1861,14.162221148344468,Outgoing,26-35,79.12125950096689
1862,5.213051379230519,Outgoing,18-25,23.707188645217766
1863,17.886414195970467,Outgoing,26-35,56.58082646724026
1864,23.618300373947953,Outgoing,36-45,42.03022154276945
1865,33.568808620413165,Outgoing,26-35,41.940308609797626
1866,9.277188942051172,Outgoing,26-35,45.25629030192031
1867,23.326617121654262,Incoming,36-45,71.37577737785334
1868,12.04951988011487,Incoming,36-45,69.46917314019247
1869,9.100805969642913,Outgoing,56-65,32.79900051140084
1870,9.097713098008164,Outgoing,26-35,20.655394931191132
1871,17.985150084988767,Outgoing,36-45,81.86119231253129
1872,10.484444634147113,Outgoing,18-25,75.06101083049221
1873,12.752079600945606,Incoming,46-55,85.96494868191922
1874,13.917190684839166,Incoming,36-45,68.6948485519638
1875,11.820225120707626,Incoming,46-55,88.3259849366365
1876,11.31190813110598,Incoming,26-35,0.0
1877,0.0,Incoming,18-25,52.10003942897184
1878,17.608673030783084,Outgoing,18-25,37.65082872074265
1879,17.473700426909165,Outgoing,56-65,104.631364117886
1880,11.418586051851417,Outgoing,56-65,25.018766243104903
1881,19.522689892718596,Outgoing,26-35,21.418113359938438
1882,26.7783527244598,Incoming,36-45,39.32212185402276
1883,17.165058829839985,Incoming,18-25,41.87113578629991
1884,26.311804454093597,Incoming,26-35,45.590528158328816
1885,32.66692344298984,Outgoing,26-35,77.58927113911146
1886,34.71367282384192,Incoming,36-45,92.0483407629315
1887,8.682347394429993,Outgoing,18-25,79.25103998887141
1888,8.718558955069309,Incoming,18-25,116.95731616083944
1889,13.888990022920021,Incoming,18-25,87.09594946362148
1890,17.901006408818883,Incoming,56-65,39.17847827897697
1891,28.106563998905067,Outgoing,18-25,52.188455281768945
1892,21.390688547636685,Incoming,46-55,74.77210100025418
1893,8.576990092292501,Outgoing,36-45,26.08828922073328
1894,12.718398140679701,Outgoing,18-25,47.20688204265331
1895,16.7059985442414,Outgoing,36-45,71.267052977934
1896,6.575880152981533,Incoming,36-45,102.80204830000659
1897,17.0956792027864,Incoming,46-55,55.83356366974897
1898,8.680950862585282,Incoming,18-25,59.824028984630765
1899,5.444952065098397,Incoming,36-45,67.90821671168646
1900,10.3711030437127,Outgoing,18-25,11.647155038702842
1901,19.87714738424635,Incoming,46-55,45.97654479308017
1902,19.828809976905635,Outgoing,56-65,33.63063013738963
1903,17.67657741681208,Outgoing,56-65,74.43560703346306
1904,23.94129562378614,Incoming,56-65,44.034699430593285
1905,23.19908263949404,Outgoing,56-65,85.40344849408964
1906,18.430669394491943,Outgoing,26-35,65.89878159310463
1907,17.46467295017993,Incoming,36-45,51.01671879553378
1908,17.906826936540675,Outgoing,26-35,40.94333681853383
1909,15.966483740440426,Incoming,18-25,37.15774965266728
1910,1.7796009136062683,Incoming,56-65,95.30701725759891
1911,24.948393913738734,Outgoing,18-25,4.108933740341421
1912,19.782659823255738,Incoming,46-55,52.908553233390876
1913,8.485707879210572,Outgoing,36-45,57.140410631439515
1914,26.99471633490706,Incoming,46-55,0.0
1915,12.870140922510604,Incoming,36-45,87.72348142041272
1916,16.245616981389645,Incoming,46-55,60.270426947976276
1917,24.165029168977775,Incoming,46-55,73.27505972724745
1918,18.540975508727122,Incoming,36-45,73.59292322852073
1919,26.347630893411292,Outgoing,18-25,77.75660545702254
1920,14.535289506700472,Incoming,46-55,75.24169381865521
1921,28.838212478962348,Outgoing,36-45,75.22789211562431
1922,11.555379701172345,Incoming,36-45,64.76161780698324
1923,26.223356305167325,Outgoing,46-55,79.72169354100562
1924,1.1442354677042168,Outgoing,18-25,123.14190226792485
1925,9.29865564066095,Outgoing,56-65,33.6502107607121
1926,19.085762969425232,Outgoing,26-35,67.86737597760245
1927,14.196882016998247,Outgoing,56-65,75.96581692821977
1928,16.47675966068206,Incoming,46-55,16.532910749126067
1929,17.29155644112498,Outgoing,46-55,102.32764834211991
1930,8.663681743110617,Outgoing,36-45,71.26193286106435
1931,9.18849269589203,Outgoing,18-25,62.7954331299389
1932,18.624854341658946,Incoming,18-25,46.00667906788446
1933,12.335669337247541,Incoming,46-55,76.14035995237718
1934,26.38723701272818,Incoming,18-25,27.078942791441452
1935,15.656369911970506,Incoming,26-35,98.25222211571494
1936,22.031258701747813,Outgoing,18-25,81.19513900645572
1937,20.09996168514975,Incoming,18-25,51.92636626497145
1938,12.791872599791198,Incoming,36-45,91.0341150458351
1939,3.137698491333392,Incoming,46-55,11.489307530095282
1940,25.29458957334733,Outgoing,18-25,29.814952714635265
1941,10.147636463120001,Incoming,46-55,56.56327740979656
1942,14.173693611648789,Outgoing,18-25,57.6224279465557
1943,15.944102909033983,Incoming,18-25,66.33421132726782
1944,16.64291902327423,Outgoing,18-25,60.28935993426812
1945,23.73371063777313,Incoming,36-45,86.25982208022178
1946,17.040768405462938,Outgoing,18-25,18.67360934936852
1947,16.108521368184686,Outgoing,56-65,7.2396985657185695
1948,24.12919169581509,Outgoing,26-35,20.160791692400714
1949,21.204566603207496,Incoming,18-25,22.676554197477103
1950,11.851006878135415,Outgoing,56-65,56.15987034337656
1951,8.96991235764817,Incoming,46-55,51.75052050465057
1952,11.234101573600565,Incoming,36-45,63.395400911980715
1953,16.655461748682498,Outgoing,46-55,64.46717448243518
1954,8.277623573807045,Outgoing,36-45,62.36612863701657
1955,17.635271330137275,Incoming,46-55,17.06368829954235
1956,16.095611831467615,Incoming,46-55,50.15978206242836
1957,0.0,Outgoing,26-35,42.825565003434846
1958,7.156773696128935,Incoming,26-35,86.27584791545746
1959,0.0,Outgoing,26-35,64.45289322882292
1960,14.592678572689834,Outgoing,46-55,102.27435513872058
1961,24.518095517422005,Incoming,36-45,31.08096611260275
1962,3.76539431200397,Incoming,26-35,48.30266882351077
1963,7.743992261446449,Incoming,36-45,78.66496222283496
1964,15.85383492908773,Outgoing,36-45,43.41350505046516
1965,9.553728798026007,Incoming,18-25,65.22762474249646
1966,9.519290630532456,Outgoing,56-65,40.62290395104444
1967,20.791158743212115,Outgoing,46-55,84.96665655651664
1968,13.535731887989556,Outgoing,56-65,20.718369656352223
1969,6.59292578821413,Incoming,46-55,103.74397611799328
1970,2.3859887696002957,Incoming,36-45,75.0902127901069
1971,32.45885439044612,Incoming,56-65,68.29984589467675
1972,24.898163381938698,Outgoing,18-25,65.70231064600384
1973,13.838566577565883,Incoming,56-65,38.50558982651516
1974,17.61500608164756,Outgoing,56-65,73.60973684171434
1975,13.580282565321083,Incoming,18-25,42.964039405240705
1976,20.573197115538754,Incoming,18-25,3.3401819645055255
1977,11.020499425974837,Outgoing,26-35,58.259299775009566
1978,13.197787484662236,Outgoing,46-55,37.35442785408742
1979,20.187805881361477,Outgoing,36-45,59.585276907071446
1980,27.177013731124852,Incoming,56-65,55.55322473956717
1981,22.189905662634732,Outgoing,56-65,20.53191699403063
1982,25.637397143136496,Incoming,36-45,95.9306783426319
1983,14.813078637421746,Incoming,18-25,39.28948513176883
1984,12.638927148361397,Incoming,18-25,82.62449617362398
1985,3.4313320264265332,Incoming,56-65,38.100371396632184
1986,17.505388501388985,Outgoing,56-65,56.249561469984684
1987,19.65332921949508,Incoming,36-45,62.92144921920163
1988,14.89996222990956,Outgoing,36-45,5.023362564441989
1989,11.563090717301858,Incoming,46-55,40.375638893282925
1990,25.703824078901924,Outgoing,18-25,62.3788632061821
1991,21.422629940376577,Incoming,26-35,57.24046996680387
1992,26.189778153633082,Incoming,26-35,56.66393349491335
1993,10.324946334886569,Incoming,36-45,78.58121590650353
1994,12.042361114163837,Outgoing,46-55,35.54088408020198
1995,25.422240702761172,Incoming,56-65,57.435989388615
1996,16.668570441709463,Outgoing,36-45,21.746158687648602
1997,13.016271218250116,Outgoing,36-45,43.0370011673528
1998,13.503394833660122,Outgoing,36-45,86.36872874077346
1999,16.922436317059873,Outgoing,26-35,55.94454943033531
2000,24.02066271084787,Outgoing,36-45,43.80504850046018
2001,15.87641003535888,Incoming,46-55,35.213843047010684
2002,22.53372981124444,Incoming,26-35,21.035108265764137
2003,20.271644437922337,Outgoing,46-55,79.36198724537323
2004,10.851626718733183,Incoming,26-35,108.42758060115835
2005,10.846094424090136,Incoming,46-55,44.7446175813953
2006,13.848133856479652,Outgoing,18-25,9.953679815565572
2007,7.642136417364123,Outgoing,18-25,93.7824446747812
2008,13.40102800940425,Outgoing,26-35,32.770319467982524
2009,27.594033917119695,Outgoing,18-25,64.71200454734847
2010,16.780267649208408,Incoming,56-65,68.26510057087816
2011,11.634831337387826,Incoming,46-55,83.23741147301286
2012,30.410212562743343,Outgoing,26-35,49.331371782929054
2013,10.485678761916573,Incoming,18-25,66.66019827770515
2014,10.266819232362284,Outgoing,26-35,46.906805033996214
2015,25.606399772646895,Outgoing,56-65,5.221377006194388
2016,21.62922641720224,Incoming,26-35,44.63932980468701
2017,16.089588032315294,Outgoing,26-35,64.357366599949
2018,22.823362299924128,Incoming,36-45,30.042239602024672
2019,19.10420000860417,Incoming,36-45,57.30654662608594
2020,8.69665308982822,Incoming,36-45,61.76419249872018
2021,0.2169070508998594,Incoming,36-45,88.52091649212085
2022,13.02858393804897,Incoming,46-55,31.84502018192487
2023,24.594473851287958,Incoming,56-65,61.12230422170557
2024,14.000709381573692,Outgoing,26-35,27.70377370636791
2025,20.22068038844471,Incoming,56-65,0.39125135548472656
2026,18.291398139115472,Incoming,26-35,43.08789323279865
2027,5.145497937699204,Incoming,36-45,41.32718917750603
2028,14.155230144055786,Outgoing,46-55,63.58570914733574
2029,19.512155313126048,Incoming,26-35,84.02765447303177
2030,11.489976211469433,Outgoing,26-35,57.68577249605387
2031,14.462232900804336,Incoming,18-25,38.77265263934011
2032,19.74222964467978,Incoming,46-55,34.44245965898049
2033,17.508409994000857,Outgoing,46-55,84.13641457373978
2034,24.328368186473007,Outgoing,46-55,72.17396896777586
2035,19.685696392144354,Incoming,56-65,32.9167855505563
2036,10.309050011185882,Incoming,36-45,20.848833922523596
2037,13.657173002493249,Incoming,18-25,32.87762027570798
2038,17.14207398958394,Outgoing,56-65,79.72296282898012
2039,26.36890553559829,Incoming,36-45,31.39881225314457
2040,13.685320588023858,Incoming,26-35,66.50069821088476
2041,4.872018383213803,Incoming,18-25,97.32166912292007
2042,20.083968324438317,Incoming,56-65,35.10629161995148
2043,11.710812261592007,Incoming,18-25,45.576410710175054
2044,8.00289076297522,Outgoing,36-45,54.21407581392129
2045,17.131621089780868,Outgoing,56-65,14.867859941880269
2046,23.81007349265812,Incoming,56-65,37.24948959765203
2047,12.982836222372867,Incoming,18-25,59.44983379957991
2048,20.476017210278407,Outgoing,26-35,30.68919973502439
2049,21.77339564129703,Outgoing,26-35,108.4357733728217
2050,22.5425754556664,Incoming,26-35,42.68792230781361
2051,11.87409383266979,Outgoing,36-45,50.56145710530588
2052,9.152425594466303,Incoming,18-25,40.64441147662948
2053,10.106728265289835,Incoming,36-45,48.923400448935524
2054,22.536822704857286,Incoming,36-45,36.94012482591724
2055,21.671752082695683,Outgoing,26-35,3.114887802803871
2056,10.299945795097656,Incoming,26-35,45.99282429839991
2057,31.92850818440545,Outgoing,26-35,100.17283852915837
2058,9.465452233889842,Outgoing,18-25,95.71855497400166
2059,23.996248592905083,Outgoing,18-25,28.63054611643591
2060,27.637658074436477,Outgoing,26-35,15.096550417891073
2061,17.76830324195355,Outgoing,36-45,3.6786032174032357
2062,11.611933094934184,Outgoing,18-25,30.676113903955372
2063,11.764853807861574,Outgoing,56-65,41.10670847622498
2064,15.165368597459882,Outgoing,36-45,65.05757208602702
2065,24.566095446476233,Outgoing,36-45,44.62141984431226
2066,8.600869311101066,Outgoing,46-55,76.95877433887935
2067,4.128637773110572,Outgoing,18-25,69.83480048326305
2068,19.534384933985123,Outgoing,56-65,63.65717596373532
2069,21.07128925881356,Incoming,18-25,51.96458258410242
2070,30.775786127594877,Outgoing,36-45,79.68945958035759
2071,7.323767173132886,Incoming,18-25,70.85898798227072
2072,16.05635371626433,Outgoing,36-45,18.502156344112727
2073,25.132862024843345,Incoming,56-65,68.21077980892976
2074,17.84603517321912,Outgoing,36-45,40.632690924676304
2075,15.631925676569331,Outgoing,26-35,77.9758255153786
2076,22.52933847850679,Incoming,36-45,71.42475617260499
2077,12.804277250553813,Outgoing,26-35,97.97716934654716
2078,22.95987589367904,Incoming,56-65,5.052441591604534
2079,8.225057654668072,Outgoing,56-65,62.678383384399304
2080,6.363978077019723,Outgoing,36-45,38.74373336078169
2081,15.084883867613687,Outgoing,26-35,108.25590209996943
2082,0.0,Incoming,36-45,0.0
2083,17.592897456990322,Incoming,56-65,65.92927325490439
2084,4.872070601067021,Incoming,26-35,68.9261036945797
2085,18.97694364396464,Outgoing,46-55,1.5550272836646286
2086,18.29821606681862,Incoming,46-55,67.98099744295207
2087,16.52426329684628,Outgoing,56-65,4.566453203740366
2088,20.054860672766644,Outgoing,26-35,36.898170096244996
2089,18.42938228029861,Incoming,36-45,65.2234984229893
2090,14.948995776681098,Incoming,56-65,30.56653984080686
2091,29.817048863339924,Outgoing,56-65,56.91498764643438
2092,19.7531748548671,Outgoing,18-25,54.82942554628251
2093,22.403356611176143,Outgoing,36-45,68.37115118881206
2094,24.511558207808147,Incoming,36-45,28.28845131715876
2095,21.677045653294627,Incoming,46-55,78.13716201194522
2096,31.439830432473638,Incoming,18-25,0.0
2097,18.162048193748372,Incoming,36-45,92.97481265077835
2098,16.95127057914757,Incoming,36-45,48.576270640204804
2099,12.452995385353692,Incoming,46-55,51.12823118649485
2100,15.206082444080128,Outgoing,18-25,62.706745619204945
2101,11.881428016641864,Incoming,18-25,59.77234880176739
2102,21.740483391010777,Incoming,26-35,54.934116121665696
2103,10.61378626876953,Outgoing,56-65,86.18280680660983
2104,17.516545189286894,Outgoing,26-35,16.826154014019906
2105,20.916828540116626,Outgoing,18-25,31.130706059523323
2106,18.052267206166547,Incoming,46-55,65.83769065793265
2107,10.728595871010512,Outgoing,26-35,45.83264957704
2108,21.892614398041893,Incoming,46-55,87.27193318883539
2109,16.40262204024837,Incoming,18-25,110.96554066967113
2110,0.0,Outgoing,46-55,55.12671312103537
2111,10.116538165916294,Incoming,26-35,11.984149856033518
2112,26.80792565481913,Outgoing,18-25,32.986329462243646
2113,27.39025289060279,Incoming,18-25,3.935153472326796
2114,20.682778470456388,Outgoing,26-35,70.4748359542705
2115,22.488482838708315,Incoming,56-65,31.330687771001855
2116,11.551942131194947,Incoming,26-35,51.01855457456577
2117,15.178989068826588,Outgoing,26-35,47.76612949077354
2118,25.647566203217462,Outgoing,36-45,83.24496876994557
2119,19.98140669793452,Incoming,18-25,56.39951504209892
2120,17.45463868720936,Incoming,36-45,48.23284032167046
2121,15.692340199748866,Incoming,36-45,31.99616359961975
2122,25.221304008642953,Outgoing,36-45,70.09780150233547
2123,24.854225074851023,Outgoing,46-55,27.47407478627503
2124,21.54770225538133,Outgoing,26-35,23.649691597657387
2125,17.46392546257793,Outgoing,36-45,40.1597521583378
2126,14.502704599632484,Incoming,46-55,107.10796716948508
2127,21.851096037792992,Incoming,46-55,52.52147922216447
2128,9.286631085178637,Incoming,18-25,53.720402208693216
2129,10.738011066894206,Incoming,26-35,62.95958030620568
2130,6.8423604745054245,Outgoing,56-65,60.819694365102976
2131,25.646608445951877,Outgoing,26-35,49.55851236895399
2132,11.955333631094586,Outgoing,46-55,30.79626854543527
2133,19.828054507261378,Outgoing,26-35,44.015594498961875
2134,16.121097355033307,Incoming,18-25,49.83277317170475
2135,37.28277293085354,Incoming,26-35,19.614505890868912
2136,20.093338178250853,Outgoing,46-55,49.60623521132728
2137,3.965014685282595,Incoming,46-55,59.88507199147174
2138,25.228050296176086,Incoming,36-45,41.604747053943086
2139,14.28994325476021,Incoming,46-55,85.9630230649762
2140,15.593505386356624,Outgoing,18-25,61.87815092890666
2141,12.292414158929695,Incoming,46-55,35.95731075801935
2142,18.369287630469238,Outgoing,26-35,44.66137723436041
2143,18.27759196372375,Outgoing,56-65,85.70891450559462
2144,12.481659756459601,Incoming,46-55,39.59202450314006
2145,13.442988356594999,Outgoing,18-25,34.942706014018825
2146,17.709002931618215,Outgoing,18-25,33.85703000501158
2147,0.6008795944295642,Outgoing,18-25,56.8586459231663
2148,6.909517706474086,Outgoing,18-25,60.49542391815514
2149,28.689944672686128,Outgoing,26-35,71.98693161067784
2150,19.294746610241692,Outgoing,36-45,36.826109468116655
2151,13.325637092814544,Outgoing,56-65,92.95190261586654
2152,5.1274201792421525,Outgoing,36-45,67.76388441433623
2153,16.60578684537466,Outgoing,36-45,44.58753422308252
2154,23.89634464246774,Outgoing,36-45,75.67344698026878
2155,35.47444273254959,Incoming,26-35,102.58986667616325
2156,30.244394974969882,Incoming,56-65,67.15211243275695
2157,10.791433859100252,Outgoing,46-55,98.98148119946421
2158,13.529403280309968,Outgoing,46-55,29.773022241410803
2159,6.699505388343296,Incoming,56-65,6.790324395553689
2160,11.10841453363234,Outgoing,56-65,68.3213151194629
2161,15.510097858126738,Outgoing,18-25,83.39663671621264
2162,14.430041023616994,Incoming,36-45,21.82983305760832
2163,31.381971146056017,Incoming,18-25,86.06525233243988
2164,7.792501402666492,Incoming,26-35,44.07989655109391
2165,16.684338855684718,Outgoing,26-35,70.23825021179684
2166,2.5557816639234954,Incoming,56-65,61.60787999849715
2167,19.316235463414134,Incoming,26-35,66.62001620432623
2168,7.608062615268352,Incoming,56-65,69.17427811516573
2169,24.718384158679545,Outgoing,46-55,52.84036451013216
2170,14.962818748892959,Incoming,36-45,44.21153432476069
2171,7.18611012201975,Incoming,26-35,63.60865090483558
2172,2.281087725094295,Outgoing,18-25,48.08825151152159
2173,10.1495375797323,Outgoing,26-35,37.66784978953165
2174,18.675666235199866,Outgoing,36-45,62.952497885877186
2175,19.950595530095235,Outgoing,26-35,40.06390738177737
2176,13.510934131787085,Outgoing,56-65,50.13094779369472
2177,23.480579304030783,Outgoing,26-35,41.723484704864845
2178,9.049799749734504,Outgoing,46-55,94.00881413232068
2179,0.0,Incoming,46-55,57.63783955495565
2180,18.977875555197496,Incoming,26-35,15.392158919809724
2181,26.030670688783687,Outgoing,18-25,86.15287744279907
2182,26.0953357156042,Incoming,26-35,9.678306185976524
2183,7.901335315692657,Incoming,56-65,108.47557631490783
2184,13.187147688749093,Outgoing,56-65,55.988176507064686
2185,22.066740110183552,Incoming,56-65,39.396505382671194
2186,12.610257244288604,Incoming,18-25,45.911455091285504
2187,17.737694024259454,Incoming,46-55,15.188903948786724
2188,11.984920729328024,Incoming,56-65,52.41043471926131
2189,9.374278697770384,Incoming,56-65,43.85533959720701
2190,10.725384440152698,Incoming,26-35,53.43737325360112
2191,23.69007635065862,Incoming,46-55,77.49377177044371
2192,17.096479352416118,Outgoing,56-65,62.586982097595424
2193,25.903171468838906,Outgoing,56-65,26.095583859340888
2194,20.64294486468094,Incoming,26-35,30.24321232302801
2195,28.245256620366597,Incoming,26-35,61.28123467780459
2196,22.72647735071115,Outgoing,36-45,67.25750949404748
2197,22.315385811726934,Incoming,26-35,53.19671614194824
2198,16.156584709550227,Outgoing,26-35,68.88517350947218
2199,38.06444603547655,Incoming,36-45,58.5727584645324
2200,17.78888753926174,Incoming,56-65,59.278123566446794
2201,3.1860364161188386,Outgoing,26-35,75.99361175533949
2202,18.876234777297768,Outgoing,18-25,103.05500984815998
2203,10.123954297337988,Incoming,36-45,62.47281187192692
2204,24.119150651211307,Incoming,36-45,132.07377859938208
2205,22.080717307266568,Outgoing,56-65,58.6104224617775
2206,15.659404450471438,Incoming,26-35,58.20613060004561
2207,10.784748905897874,Incoming,18-25,103.83709832077685
2208,18.024980087045627,Incoming,56-65,50.875619450169914
2209,12.511363345000616,Outgoing,26-35,9.726003917686214
2210,22.514627949486858,Incoming,56-65,27.638790482620553
2211,20.892109999806323,Outgoing,36-45,77.62632697710534
2212,37.551766147454046,Incoming,36-45,67.20384481130395
2213,13.884198229443527,Incoming,26-35,31.779857771389175
2214,14.87602060060749,Incoming,56-65,6.050652657198327
2215,15.916570282442589,Incoming,26-35,45.487377521513764
2216,16.223101260102432,Outgoing,46-55,84.95306709673662
2217,24.18955256573036,Outgoing,26-35,52.162618749536236
2218,15.065580484565073,Incoming,46-55,46.102436514556594
2219,30.806672013004466,Incoming,36-45,27.516357338799214
2220,21.075925768079912,Incoming,18-25,46.90128798293624
2221,13.599847664083828,Outgoing,36-45,68.31435811022546
2222,11.811280205135303,Incoming,18-25,50.22265212321418
2223,24.2861053538592,Outgoing,56-65,50.77288727302562
2224,17.199641063207675,Outgoing,18-25,83.02645820028332
2225,17.063420376297287,Incoming,56-65,35.519619977243615
2226,12.810638415031168,Outgoing,46-55,66.74415664752081
2227,16.569880233556447,Incoming,56-65,51.069283098043606
2228,12.527316044380598,Outgoing,26-35,95.99510637929187
2229,26.531980193581987,Incoming,26-35,76.63724105425348
2230,22.019421065787782,Outgoing,26-35,88.43739215327628
2231,15.776618124894583,Incoming,36-45,70.37335058446523
2232,15.673723418630885,Outgoing,26-35,42.72510658266512
2233,17.645219177674523,Outgoing,56-65,90.40304636692144
2234,16.961218327895068,Incoming,56-65,63.99118794351862
2235,10.301446744835825,Incoming,56-65,60.624212076496015
2236,3.6945811013051255,Outgoing,26-35,35.203726210960426
2237,11.4160953349128,Outgoing,46-55,73.50254234365492
2238,16.100377565344786,Outgoing,46-55,44.330218431095275
2239,11.835167615977564,Outgoing,36-45,41.786134517704426
2240,22.735366212768987,Outgoing,56-65,62.464681182397015
2241,15.39592804869472,Incoming,56-65,39.53404021824399
2242,30.11501502520034,Outgoing,36-45,36.00887944559851
2243,13.069540192395957,Outgoing,56-65,31.578353256762327
2244,17.9850175909109,Outgoing,18-25,80.72097804663751
2245,14.977967706811508,Outgoing,36-45,90.79654851109913
2246,20.078446404143758,Incoming,56-65,102.80899104791229
2247,24.460257902979304,Incoming,36-45,78.36983059220987
2248,21.257966712489676,Outgoing,18-25,0.0
2249,2.7844261137375916,Outgoing,18-25,63.00779915857675
2250,20.499031273310074,Outgoing,26-35,48.83085955255201
2251,9.923853004032727,Outgoing,56-65,114.72925342299308
2252,14.831615751086055,Incoming,18-25,64.82283103787805
2253,21.82530430786136,Incoming,18-25,34.23026543816488
2254,9.161673641094723,Incoming,18-25,36.84583659106792
2255,25.09163605239535,Outgoing,26-35,11.322296651104864
2256,14.526298703141372,Outgoing,56-65,53.25450503158537
2257,32.1965616104268,Outgoing,36-45,15.736015462033883
2258,17.480744780556336,Outgoing,26-35,4.517144492943366
2259,28.93739919856239,Incoming,56-65,31.713869504732852
2260,25.383754571734563,Outgoing,18-25,29.3868600466425
2261,12.722264425618516,Outgoing,26-35,56.793072593422934
2262,7.888164906565345,Incoming,46-55,64.69594058171438
2263,17.795391528662822,Outgoing,46-55,55.107063752550495
2264,12.921498170344776,Outgoing,18-25,52.208420906561734
2265,28.058031460609044,Outgoing,56-65,64.78451168440928
2266,15.27198579829164,Outgoing,56-65,83.82855971103392
2267,14.897172290368582,Incoming,26-35,30.08821742616853
2268,7.228710774840868,Incoming,46-55,63.208313875752275
2269,19.934519091558382,Outgoing,56-65,55.63387905305461
2270,8.780444026372171,Incoming,26-35,65.21372095286993
2271,20.097058390165003,Outgoing,26-35,50.200254139357156
2272,21.060642085486023,Incoming,46-55,32.76981216528662
2273,11.752274216179448,Incoming,18-25,51.51783890862694
2274,23.69605951712399,Incoming,26-35,36.79244875404366
2275,15.075871924961332,Outgoing,18-25,30.2740367795618
2276,6.701294128670462,Outgoing,46-55,84.64218057061944
2277,27.817011382195844,Outgoing,26-35,58.78858269826668
2278,10.535705981479767,Outgoing,36-45,5.6195733852109555
2279,20.54949378886536,Incoming,46-55,0.0
2280,19.980561318330707,Incoming,46-55,51.20324605651958
2281,19.724292717470412,Outgoing,36-45,39.18838153152959
2282,19.60303341151095,Incoming,46-55,55.589186551758694
2283,10.208686544079985,Incoming,36-45,61.06247020767504
2284,28.839447210519047,Incoming,36-45,54.682919031216905
2285,23.693744051404476,Outgoing,46-55,35.483507693727034
2286,20.3253971187528,Outgoing,36-45,79.28509758896422
2287,7.669166351390597,Incoming,36-45,25.883161327057653
2288,10.151424870411965,Outgoing,46-55,85.42061344378175
2289,21.602196386824147,Outgoing,36-45,69.56803081364295
2290,2.9742112181222815,Incoming,18-25,38.571546797894186
2291,19.370927019582595,Outgoing,46-55,66.00386120285309
2292,7.681762418300654,Incoming,46-55,46.089123750617304
2293,10.923777557432711,Outgoing,18-25,89.16224135695175
2294,7.122526746326827,Outgoing,56-65,39.09351664658587
2295,18.722744910476116,Incoming,26-35,75.11404871380151
2296,24.814530162840082,Outgoing,36-45,23.340715783875726
2297,19.436122666688796,Outgoing,36-45,63.449896422667315
2298,20.204831342455726,Incoming,26-35,62.46392727360828
2299,18.175712273084173,Outgoing,36-45,70.88214240997296
2300,21.778854576094474,Outgoing,36-45,67.33808462017446
2301,20.269599299750098,Incoming,18-25,47.38798404354199
2302,0.0,Incoming,18-25,6.4917142676072
2303,23.34414716363151,Incoming,18-25,21.43792149528513
2304,22.608063733726308,Incoming,18-25,3.4026767550026022
2305,14.463810185391152,Incoming,46-55,48.29099288055363
2306,3.180552905871153,Incoming,36-45,83.32102169271026
2307,18.697318179440845,Incoming,26-35,36.480736363227855
2308,19.28662562895549,Incoming,36-45,45.097645139643674
2309,13.916615622074092,Outgoing,46-55,40.207186682293944
2310,18.30689807042684,Outgoing,46-55,61.220273759742746
2311,24.50288180579259,Incoming,36-45,59.33843338722763
2312,33.78265202806617,Outgoing,36-45,44.5154255893987
2313,18.028325710411064,Incoming,18-25,30.740576550097003
2314,19.337395769472696,Incoming,46-55,70.6630952169942
2315,11.233477873702245,Outgoing,36-45,82.37843334708188
2316,13.49025567816395,Incoming,26-35,75.06745239584426
2317,16.047701587399644,Outgoing,26-35,26.35736079155819
2318,25.244026247734187,Incoming,18-25,0.0
2319,22.73270429219641,Incoming,18-25,49.0334964122981
2320,30.505473408055735,Outgoing,36-45,89.41439731868063
2321,6.568416770378537,Incoming,26-35,5.236195351966053
2322,7.733855205457193,Incoming,46-55,44.71278541039309
2323,24.714580546651526,Outgoing,56-65,95.23366956156676
2324,27.142022634201417,Incoming,26-35,79.52222176264368
2325,17.23189685169653,Incoming,46-55,60.779862499672355
2326,0.0,Outgoing,26-35,25.162956717422208
2327,11.795295866708766,Incoming,36-45,92.30663028251539
2328,19.348455565045732,Incoming,56-65,50.35658065789957
2329,10.70410909395587,Outgoing,56-65,0.0
2330,18.29588309856401,Incoming,36-45,91.15118818757782
2331,30.289888142103838,Incoming,36-45,29.06944423981738
2332,26.98292973716501,Incoming,18-25,134.53341004992922
2333,22.66224571759097,Incoming,46-55,50.42406430418244
2334,16.5488550481329,Incoming,46-55,65.58594446004633
2335,13.537323594697257,Outgoing,18-25,57.32565412089071
2336,22.30425920694232,Outgoing,46-55,48.358099566351385
2337,17.177762567501592,Incoming,56-65,74.83299739507437
2338,17.417931075606592,Incoming,26-35,60.02359639320848
2339,6.14149070983281,Incoming,56-65,56.524171015769525
2340,11.998287324418751,Incoming,18-25,29.254137031013695
2341,22.2630232712177,Outgoing,46-55,51.27347909264047
2342,9.29253211475989,Incoming,46-55,25.616872645718175
2343,18.859949690217203,Outgoing,26-35,65.1395245441725
2344,19.887525164048974,Incoming,26-35,63.493474654945246
2345,20.29621471027813,Incoming,26-35,59.411528695701605
2346,20.921849514503823,Incoming,56-65,86.06929085420006
2347,21.394082371980456,Incoming,18-25,75.06537809424992
2348,12.633448355702296,Incoming,18-25,107.12808351711348
2349,6.726418054371784,Incoming,18-25,79.61525374150769
2350,10.885252113316549,Outgoing,56-65,58.91362003778402
2351,22.10944837833438,Outgoing,36-45,47.5651720043887
2352,8.594073843430138,Outgoing,46-55,19.700953739957782
2353,9.715725240808451,Incoming,56-65,89.38129479848868
2354,9.676991994696284,Incoming,18-25,69.26068461052188
2355,4.078178816797177,Outgoing,56-65,43.68302322687662
2356,8.970969437077404,Outgoing,56-65,62.74340217287974
2357,24.00277839326569,Outgoing,36-45,58.3864039804532
2358,11.982647430991072,Incoming,26-35,52.71158318502028
2359,4.757432904119575,Incoming,18-25,78.13739490450988
2360,13.418493015597921,Incoming,56-65,16.289715379276743
2361,20.57383051125567,Outgoing,26-35,76.31959624233102
2362,4.18459064581436,Incoming,46-55,87.96487148981211
2363,23.67317216836208,Incoming,46-55,27.189897933533526
2364,6.913134292486449,Outgoing,46-55,6.068441655270952
2365,14.2316145270932,Outgoing,56-65,66.6292828882204
2366,14.14214423003068,Outgoing,56-65,79.14549030770719
2367,13.069919252711314,Incoming,36-45,32.98541488405303
2368,16.54638811062934,Outgoing,18-25,20.025300244593723
2369,22.44992247783689,Incoming,26-35,7.989408355345205
2370,16.714388930877536,Incoming,46-55,82.07944849783755
2371,12.760284379347159,Incoming,26-35,52.376654570081215
2372,20.201440793326267,Incoming,36-45,87.58694393506275
2373,18.45084610035754,Incoming,46-55,0.0
2374,12.31347508051222,Outgoing,26-35,57.08283642038235
2375,17.296109954590563,Outgoing,18-25,82.85289090904413
2376,11.733602477546874,Outgoing,18-25,31.51664914612962
2377,10.9398289012214,Outgoing,36-45,73.4803118778971
2378,22.640608499049335,Incoming,26-35,28.625176808838322
2379,20.12871164598409,Outgoing,36-45,31.29438843614695
2380,22.392657446655832,Incoming,36-45,56.77052388703578
2381,21.445899508060577,Outgoing,36-45,39.86018839788005
2382,10.789465186621632,Incoming,56-65,89.2437049987308
2383,24.00897351046755,Incoming,18-25,55.219827136820825
2384,14.916750228026546,Incoming,56-65,90.16612087753866
2385,23.504524762870513,Outgoing,56-65,71.84118096555392
2386,16.124183730200926,Incoming,18-25,32.21339534313991
2387,19.192141615155258,Outgoing,36-45,60.57008026426
2388,19.402595502629122,Incoming,26-35,34.16865782856344
2389,22.69240269699073,Incoming,36-45,83.85397871168092
2390,5.558177152937903,Incoming,36-45,91.4343653178974
2391,5.965216011034011,Outgoing,56-65,11.786432603484428
2392,21.701976055715235,Incoming,26-35,69.15390765843475
2393,19.494537254953542,Outgoing,18-25,85.27447721384489
2394,11.570494462679651,Outgoing,46-55,77.33052241476395
2395,19.550162363117188,Outgoing,18-25,52.42373607892354
2396,7.144278529272693,Incoming,26-35,123.62209408590945
2397,39.85002657608307,Incoming,18-25,60.902020430849625
2398,26.1809997077956,Outgoing,56-65,17.921782049213185
2399,21.356118741855113,Outgoing,26-35,72.32568953524692
2400,17.529412594742407,Incoming,46-55,82.30976153783251
2401,12.66890368636292,Incoming,46-55,69.7822830650932
2402,7.828696324578884,Incoming,26-35,60.14574550485859
2403,16.203241607574032,Incoming,18-25,20.24779992479762
2404,10.981675550134128,Incoming,46-55,13.676633548661599
2405,11.38990705942728,Outgoing,26-35,30.78541231254068
2406,7.082703521578198,Incoming,26-35,0.0
2407,18.747641363517737,Outgoing,26-35,93.22992583579048
2408,14.361045459239744,Incoming,36-45,56.76602783920859
2409,20.745501023781088,Incoming,18-25,46.60607506864001
2410,20.199691555583517,Incoming,26-35,19.051323044340755
2411,18.606252410557637,Outgoing,26-35,22.88200803231772
2412,35.61608180637927,Outgoing,36-45,55.4977017959781
2413,22.76593859495881,Outgoing,56-65,47.76494278234767
2414,8.176037925450713,Outgoing,36-45,58.29269958041273
2415,20.211155135450284,Incoming,26-35,21.784071176100774
2416,16.621868799220575,Incoming,18-25,64.5806221969872
2417,7.609286004214731,Incoming,36-45,87.01471628774647
2418,7.048569839463511,Incoming,26-35,47.850511892412726
2419,20.172420420956982,Incoming,18-25,74.60231514174662
2420,21.882832744149955,Outgoing,36-45,50.65169988123317
2421,9.676199604728314,Incoming,46-55,45.37881686719726
2422,23.79116937236251,Outgoing,18-25,65.72577892666929
2423,18.994400777706982,Outgoing,26-35,43.33070139653546
2424,25.371014098597634,Outgoing,18-25,39.316172533913594
2425,24.6273427883747,Outgoing,18-25,82.04522755070616
2426,15.890941592179054,Outgoing,26-35,9.541096295271736
2427,28.44919811071466,Outgoing,46-55,57.25342614617264
2428,9.131187369156732,Incoming,18-25,28.562090442071742
2429,33.73206153465487,Incoming,26-35,100.16259412723628
2430,10.848500236598735,Incoming,18-25,77.67339931731692
2431,16.663980878256236,Incoming,56-65,86.96976195251337
2432,13.02968190971066,Outgoing,46-55,59.924878369540394
2433,14.362463084841824,Incoming,56-65,70.79145650117638
2434,37.46487563759774,Outgoing,18-25,60.266543731024704
2435,13.760955188122455,Outgoing,46-55,40.92040145646544
2436,22.95775860605045,Incoming,26-35,99.27829498737498
2437,15.35217962099508,Outgoing,56-65,72.58713029937826
2438,23.55585300711423,Incoming,46-55,34.39638575279767
2439,13.190883371403057,Incoming,46-55,15.858577607466202
2440,18.7929246556142,Incoming,18-25,29.581528684748587
2441,21.400888103309196,Incoming,56-65,56.40679854556113
2442,11.94731982664463,Incoming,26-35,38.71133534928646
2443,36.30408146957914,Incoming,36-45,78.3385124462751
2444,21.766587302636584,Incoming,18-25,61.973861623043824
2445,15.418203318378367,Incoming,46-55,48.766304721249796
2446,12.119358382045153,Outgoing,56-65,55.035988710107105
2447,17.642061165388874,Incoming,36-45,51.92093851458387
2448,8.488013925705713,Outgoing,46-55,49.154739556088614
2449,29.4760668469496,Outgoing,56-65,64.6337151539467
2450,20.018776406807564,Incoming,56-65,42.15393549834132
2451,16.384097528120236,Incoming,36-45,25.812719893488463
2452,24.32184498049699,Incoming,46-55,73.69662018774463
2453,11.949396553398227,Incoming,36-45,35.10841328976748
2454,8.90828289498694,Incoming,26-35,86.009706197924
2455,16.089068497898836,Outgoing,18-25,50.87808845605953
2456,17.892805546287132,Incoming,18-25,43.83298018568226
2457,20.714103446149387,Incoming,26-35,31.636283430729137
2458,6.666054584974413,Outgoing,46-55,47.269720218821824
2459,13.805782189865376,Outgoing,36-45,63.74761667862766
2460,0.0,Outgoing,18-25,35.25981920640135
2461,8.723555803657359,Outgoing,26-35,73.40985837249056
2462,22.006830735902835,Outgoing,56-65,27.32507193243952
2463,23.727180660023144,Incoming,18-25,77.87332288007805
2464,9.00596825280886,Incoming,18-25,57.75195966999369
2465,14.72776815647937,Outgoing,26-35,43.742127010506366
2466,17.17924308589596,Outgoing,36-45,64.59619150758311
2467,24.546770971894773,Incoming,18-25,95.07313890344072
2468,27.703664065618927,Outgoing,36-45,83.82918251720986
2469,18.07157578656116,Outgoing,26-35,64.11067381535744
2470,15.175683410924377,Outgoing,56-65,78.40122152937012
2471,6.894144739095559,Outgoing,18-25,44.413164706297835
2472,17.756484641927422,Incoming,36-45,39.25300244718426
2473,31.52445751043186,Outgoing,36-45,72.79750503950883
2474,26.031347849561232,Outgoing,46-55,60.944807393476104
2475,18.224008073812335,Outgoing,36-45,47.74687752390743
2476,19.123644660900773,Outgoing,36-45,75.16710260983707
2477,12.180385469835606,Outgoing,26-35,56.09610158456695
2478,14.500050598564343,Incoming,36-45,87.10974607136318
2479,18.03319422909044,Incoming,46-55,2.1284267489805373
2480,18.0544403822291,Incoming,56-65,42.356867481738334
2481,24.075249530321422,Incoming,46-55,78.08736012770729
2482,23.734580529189074,Incoming,56-65,96.30854097933775
2483,20.64396746147758,Outgoing,18-25,88.18377452114314
2484,10.00597675260498,Outgoing,56-65,39.17609303209213
2485,10.270092751727379,Incoming,56-65,86.68590309470655
2486,10.7847597080079,Incoming,46-55,9.69640977499018
2487,18.648642024446634,Outgoing,26-35,32.00081187559535
2488,2.815752616707009,Incoming,26-35,48.53966340247989
2489,16.95607449274765,Incoming,56-65,66.34836860491716
2490,26.860499015178956,Incoming,46-55,30.46944766276471
2491,21.66778224276448,Incoming,26-35,51.547913208732595
2492,14.544906723379516,Outgoing,26-35,89.06693539480432
2493,12.112212103751538,Incoming,46-55,25.625946829657178
2494,22.640006993436778,Incoming,56-65,23.665858093900866
2495,19.14238756236591,Incoming,18-25,35.248528935512496
2496,15.274972831920815,Incoming,46-55,114.69188288624443
2497,12.876783847657011,Outgoing,46-55,65.48023838131022
2498,17.534680927810918,Outgoing,46-55,33.556195145538865
2499,14.87874265209108,Outgoing,56-65,77.98525240046717
2500,22.490656989417005,Outgoing,56-65,9.094053409599368
2501,25.688183671851018,Incoming,46-55,51.72708167427445
2502,7.429251205100986,Outgoing,26-35,58.361810947966134
2503,8.419262992298123,Incoming,18-25,82.80268263258833
2504,26.43639331354112,Outgoing,36-45,18.993922488713245
2505,18.160732598647687,Outgoing,46-55,87.10593574351084
2506,9.078445542478107,Incoming,46-55,80.64873593477336
2507,23.882761246624497,Incoming,56-65,88.40679539478994
2508,19.39179569922183,Outgoing,56-65,24.9875095197571
2509,32.422720333474246,Outgoing,36-45,98.36773310583143
2510,15.35288825914121,Incoming,56-65,7.96216089439568
2511,24.76092797948099,Incoming,56-65,23.697742328229566
2512,6.858158926070679,Incoming,26-35,59.454574689671865
2513,26.772192851145007,Incoming,18-25,45.55647037141248
2514,23.60912040747808,Incoming,26-35,21.47903157207501
2515,28.230432036556408,Incoming,46-55,114.08904509033431
2516,24.77406222256115,Incoming,26-35,12.576213689240987
2517,16.306662698870255,Incoming,36-45,11.597516896054586
2518,8.80211405174199,Outgoing,26-35,63.14161584075166
2519,12.785629697451736,Incoming,56-65,53.64078933639285
2520,4.671947289613163,Incoming,36-45,18.439140656346176
2521,10.55370678171403,Outgoing,36-45,109.49305922621355
2522,19.981029444459026,Incoming,46-55,57.58497555581681
2523,16.665729848223695,Incoming,46-55,40.773382467236786
2524,15.434869019074451,Incoming,56-65,54.980516553764055
2525,11.448279588367514,Outgoing,18-25,15.677223029337021
2526,4.593206923992003,Incoming,36-45,82.20213300870473
2527,18.274581792660747,Outgoing,56-65,61.51824109866705
2528,19.654121347280505,Incoming,46-55,48.79119466671228
2529,10.05905507967299,Outgoing,46-55,54.96425446009901
2530,13.26591810885396,Outgoing,18-25,32.80509835451906
2531,27.794934178626,Incoming,36-45,83.39259993516194
2532,25.116485675015436,Outgoing,36-45,38.66461438562461
2533,6.609028067897343,Outgoing,56-65,41.09780653331583
2534,16.407545289384707,Outgoing,18-25,59.97147305645762
2535,27.184689776605765,Outgoing,26-35,4.854574553717299
2536,15.485053018847363,Outgoing,56-65,68.76841467794924
2537,15.117397681149859,Incoming,36-45,54.29328744473103
2538,24.649163387201536,Incoming,56-65,68.2964515914099
2539,23.90948470992651,Incoming,56-65,48.96445025756738
2540,23.5471234176642,Outgoing,56-65,33.946318209525785
2541,15.166106755781087,Incoming,56-65,57.86102338365747
2542,21.640216113925327,Outgoing,36-45,79.82042445573728
2543,27.463218597686545,Outgoing,18-25,41.1426782790424
2544,16.65088411071996,Outgoing,18-25,75.7498125987669
2545,14.176132650804307,Outgoing,46-55,47.537505544005846
2546,25.610508473627448,Outgoing,46-55,43.58399689768048
2547,31.318078620279863,Outgoing,26-35,77.13988707497992
2548,31.805034184960753,Incoming,18-25,63.66142436780242
2549,14.378419501575348,Outgoing,56-65,20.758995246946384
2550,15.081718253521757,Incoming,46-55,49.97080182309731
2551,9.795863668044152,Incoming,56-65,25.95814154870899
2552,17.826366270903588,Outgoing,26-35,68.18692687123578
2553,9.481167479797382,Outgoing,18-25,32.24893696397841
2554,13.313565908047543,Outgoing,36-45,59.02083646721249
2555,21.90790858713673,Incoming,26-35,67.97773090088795
2556,19.729841870975775,Outgoing,36-45,68.2315477445831
2557,4.324950863830809,Outgoing,18-25,41.31910780385738
2558,27.992046087920706,Incoming,36-45,56.222154099820344
2559,9.391027389937843,Incoming,18-25,37.559470660899464
2560,10.273462532846974,Outgoing,56-65,44.401376435280994
2561,8.327544937648854,Outgoing,26-35,31.284126193987987
2562,12.371016630051937,Incoming,56-65,56.39674518494996
2563,10.722355349339207,Outgoing,18-25,66.95036846876656
2564,10.892965911677683,Incoming,18-25,33.912226588530004
2565,0.0,Outgoing,56-65,34.04319843151812
2566,17.909491744376698,Incoming,56-65,94.88625436300282
2567,18.624456174708918,Outgoing,56-65,33.99672616640554
2568,32.71084716524547,Incoming,26-35,72.9748856406283
2569,20.404386983658924,Outgoing,26-35,80.1778173083122
2570,13.523876861972981,Incoming,18-25,62.11907813112378
2571,8.594995150686051,Incoming,46-55,64.11969669475202
2572,16.326064781405165,Outgoing,56-65,56.79136307933545
2573,20.141060225747914,Incoming,36-45,20.887640611175968
2574,13.476559664766684,Outgoing,36-45,81.77182422957303
2575,17.427112184440006,Incoming,36-45,43.8334007817501
2576,30.281478658411743,Incoming,56-65,75.81501290059963
2577,14.311229110725858,Outgoing,46-55,54.434833196347064
2578,3.792571116452578,Incoming,46-55,66.9685318192026
2579,23.114407511740044,Outgoing,26-35,61.79935776887035
2580,19.200250120705377,Outgoing,46-55,43.32756204084469
2581,5.037055921194607,Outgoing,36-45,74.78337107192078
2582,19.99350574093406,Outgoing,36-45,21.60256143248194
2583,10.014955156035773,Incoming,56-65,85.75866373423551
2584,20.089256816550844,Outgoing,26-35,82.55800049854574
2585,30.35084456443004,Incoming,18-25,48.3684390821245
2586,15.761214659597451,Incoming,26-35,61.28346571276216
2587,24.582898393255405,Incoming,18-25,48.67327603209699
2588,8.40058877503336,Incoming,26-35,34.25156314227604
2589,6.364065975636235,Outgoing,46-55,52.85791387263182
2590,31.121593306769697,Outgoing,26-35,61.82105386835954
2591,19.15470509489436,Outgoing,56-65,88.27665800628455
2592,21.456689588129365,Outgoing,18-25,50.017226681948856
2593,25.064156119917637,Incoming,46-55,55.25160312481222
2594,13.305296331414297,Incoming,46-55,87.64477474664547
2595,22.77581451833867,Outgoing,26-35,67.69643288009974
2596,21.71480913616172,Incoming,46-55,20.08294800498259
2597,7.936366254523449,Outgoing,36-45,54.2413606417627
2598,27.590897179888806,Incoming,36-45,75.91681781861955
2599,26.14802361185673,Outgoing,36-45,116.43737776293099
2600,8.013979326735901,Incoming,26-35,59.635252355290106
2601,18.402005090232564,Outgoing,18-25,2.9402137035258704
2602,15.382441841609394,Outgoing,26-35,9.477572809166148
2603,26.928152289481563,Incoming,56-65,37.826075765877206
2604,7.125715957169724,Incoming,46-55,31.294959136110833
2605,42.216905169473705,Incoming,36-45,75.69777800584433
2606,15.77861081439688,Incoming,26-35,101.76384874563519
2607,22.169116163268335,Incoming,26-35,74.39110894484816
2608,26.712488324019624,Outgoing,46-55,77.6730465706116
2609,15.62800459780899,Incoming,26-35,71.54038040506322
2610,16.19540680083305,Outgoing,36-45,64.07229808897627
2611,13.480183743269604,Incoming,46-55,35.98287050525161
2612,10.801740617082174,Outgoing,18-25,74.71232055990147
2613,18.903014034549045,Incoming,36-45,45.872816127721094
2614,16.053133238775317,Incoming,56-65,75.69069918924721
2615,13.43438061172153,Outgoing,56-65,65.82303258338753
2616,13.843252363764087,Incoming,46-55,55.00258860671489
2617,21.033634177251997,Incoming,36-45,36.4241119890202
2618,11.41705529454619,Outgoing,36-45,53.216122380916495
2619,15.271246621254392,Outgoing,36-45,40.450070693461385
2620,23.290671742523745,Outgoing,56-65,11.873140253859255
2621,18.7305782904851,Outgoing,46-55,27.27347858292949
2622,9.653085135489736,Outgoing,56-65,62.32566783228394
2623,16.83290251877121,Outgoing,26-35,0.0
2624,20.059151348000785,Outgoing,18-25,114.40656865283887
2625,23.924905338653698,Outgoing,56-65,42.40831819957023
2626,11.712349332785696,Incoming,46-55,76.45349316584254
2627,13.090291941092058,Outgoing,56-65,0.9577255519547307
2628,12.133880078958626,Incoming,26-35,30.507160535556004
2629,12.48135860425748,Incoming,26-35,81.52679006050485
2630,19.835033009879805,Outgoing,26-35,65.43363694668521
2631,21.161423909185544,Incoming,26-35,45.11075834640096
2632,24.35632445018158,Incoming,18-25,104.69211962477117
2633,16.36177563646962,Incoming,36-45,19.684443885520174
2634,7.162739316543675,Incoming,26-35,82.38321799451073
2635,21.68629115120224,Incoming,18-25,44.26467398491879
2636,18.11400574885309,Incoming,56-65,33.8070765450143
2637,17.419786355212022,Outgoing,26-35,5.8364696426929825
2638,8.016175581821445,Incoming,56-65,9.41810025853519
2639,15.629148954762613,Incoming,56-65,58.495547354156294
2640,8.64441649711997,Incoming,46-55,56.90341520475738
2641,20.373754919120316,Outgoing,18-25,35.987221445881396
2642,13.99074179907312,Incoming,18-25,49.89497587385012
2643,13.363259225448093,Outgoing,26-35,51.283461832789776
2644,6.239911618376777,Outgoing,26-35,43.24118091622879
2645,24.189671087788298,Incoming,26-35,29.972323252525246
2646,15.190047581394511,Incoming,18-25,68.2012291481059
2647,17.608865392364304,Outgoing,56-65,86.13946699529663
2648,11.851569365152116,Outgoing,56-65,64.37678866613072
2649,5.44597458023342,Incoming,26-35,65.89545110306378
2650,13.278620882759224,Outgoing,56-65,73.90078668103317
2651,14.399210635591006,Outgoing,26-35,49.175714296991146
2652,19.0493201464039,Outgoing,36-45,38.932340430400714
2653,14.514773123776076,Incoming,56-65,5.2488703036733995
2654,11.971557982119046,Incoming,18-25,41.1766522973777
2655,6.476624220003663,Incoming,46-55,39.23910269839515
2656,17.33917446795924,Incoming,18-25,28.70011358226998
2657,11.424078643603929,Incoming,18-25,60.86607480012313
2658,26.24564573635989,Outgoing,46-55,50.17219220589662
2659,18.051026629366714,Incoming,26-35,65.67053369595783
2660,20.934719880230936,Outgoing,56-65,26.881603511970948
2661,15.2584793359758,Incoming,18-25,16.890398551262372
2662,18.40896202837538,Outgoing,56-65,71.70482747126573
2663,10.764992789608227,Outgoing,46-55,75.64414641714268
2664,8.75246822031276,Incoming,46-55,33.96949041725637
2665,17.105917541439897,Incoming,56-65,46.0778132376826
2666,20.992741586407533,Outgoing,56-65,61.85037822084045
2667,3.379317609568959,Incoming,46-55,69.4978361269286
2668,13.506275564371713,Outgoing,26-35,11.083527713984331
2669,29.894854755218745,Outgoing,56-65,79.61401102927891
2670,20.354592861689685,Outgoing,36-45,21.783744780890416
2671,27.763522235833484,Incoming,36-45,19.920963864677276
2672,12.561685337479908,Outgoing,56-65,44.65884328190411
2673,13.79465964503892,Outgoing,18-25,44.171132092316114
2674,23.767133242411553,Incoming,46-55,55.703680321934314
2675,21.36464248764828,Outgoing,26-35,58.920030829182394
2676,16.339307967582204,Outgoing,36-45,97.39940064380954
2677,8.162389335120467,Outgoing,36-45,32.19547914132501
2678,25.097963735588372,Incoming,18-25,81.61303027528393
2679,34.57159703269398,Incoming,56-65,18.061640925598148
2680,5.996936681922728,Incoming,18-25,24.074132944547333
2681,26.82533404824607,Outgoing,26-35,31.492411941882786
2682,13.721892001398402,Incoming,56-65,6.7449576521363
2683,14.665719442732952,Incoming,36-45,66.19121974083211
2684,18.887476412768336,Incoming,36-45,85.48835361985337
2685,8.56133704602002,Incoming,46-55,77.67134633840564
2686,16.740030885389302,Outgoing,26-35,16.44939044943257
2687,5.721224605384812,Incoming,36-45,111.99662708796674
2688,20.332577428447433,Outgoing,18-25,57.790364986378314
2689,32.63605426574218,Outgoing,36-45,93.62249428644168
2690,12.523279575854364,Incoming,18-25,51.514137290113176
2691,15.818796631958019,Incoming,18-25,51.78217544533568
2692,16.16365276749076,Incoming,56-65,45.60323309402705
2693,23.905280157937018,Outgoing,56-65,106.6414378324013
2694,19.839006583362607,Outgoing,36-45,89.69569073665122
2695,23.4424220724635,Outgoing,36-45,53.5418665834311
2696,13.45635265358339,Incoming,18-25,46.97027030215957
2697,20.034983033738573,Incoming,56-65,73.62520605610473
2698,0.0,Outgoing,36-45,8.411483993749037
2699,21.672238003923205,Outgoing,56-65,0.6587324392844565
2700,8.47545103843316,Incoming,26-35,29.101977986472523
2701,14.706842829500522,Incoming,18-25,64.39194885209255
2702,22.216757760509434,Outgoing,56-65,81.53515173656095
2703,6.247371171660646,Outgoing,36-45,23.893523555180803
2704,24.62602958755418,Outgoing,18-25,93.45764391329493
2705,16.12986632097893,Incoming,46-55,41.59491928152106
2706,27.17180840401067,Incoming,18-25,65.66682330490059
2707,10.680090886749493,Outgoing,26-35,41.5089116271254
2708,4.31048592957136,Incoming,18-25,52.08029896106007
2709,16.797372992633733,Outgoing,56-65,100.15804720156494
2710,21.109532474930695,Outgoing,56-65,41.59754947833335
2711,21.69655857167155,Outgoing,36-45,31.46667947943044
2712,9.051583048509348,Outgoing,36-45,71.66730231034263
2713,5.627568509160623,Outgoing,18-25,79.35214764157763
2714,14.813732182689048,Outgoing,18-25,17.30434115658781
2715,20.615107933329135,Outgoing,18-25,64.18692701535221
2716,20.260507474744244,Incoming,56-65,68.41736881336645
2717,28.004884355305013,Outgoing,56-65,98.62869963581088
2718,14.385813590078081,Incoming,46-55,44.941065420417004
2719,4.085724932427178,Outgoing,46-55,88.6715970817722
2720,25.37666506798965,Outgoing,46-55,59.0334941436834
2721,18.36636719877528,Outgoing,36-45,47.51510777219252
2722,18.975315373506376,Outgoing,56-65,36.43699265636465
2723,22.369632744746085,Outgoing,18-25,67.41254984667594
2724,25.84550513258063,Outgoing,18-25,25.800304391422646
2725,16.838860110948584,Incoming,46-55,27.688880628990475
2726,25.235861433296485,Outgoing,36-45,70.12471853058675
2727,20.864953848992492,Outgoing,36-45,101.18413756752409
2728,12.410923260844008,Incoming,46-55,19.532377693096635
2729,15.36733069482042,Incoming,18-25,36.68996921798434
2730,21.31720816378954,Incoming,36-45,62.32456506084775
2731,12.038226650292732,Outgoing,26-35,41.18568173892039
2732,23.205213714955168,Outgoing,46-55,7.994766079522769
2733,18.107284505930448,Incoming,18-25,33.62765578432035
2734,19.671327673698727,Incoming,26-35,67.24071389247396
2735,27.083537264851067,Outgoing,56-65,47.997709063909426
2736,19.495968143033387,Incoming,18-25,64.17483322584283
2737,17.499882977407193,Outgoing,26-35,20.89643179360889
2738,16.421880758243145,Incoming,56-65,63.40069219598789
2739,16.057401281534805,Outgoing,36-45,2.6234329458949404
2740,19.18609554942525,Outgoing,18-25,74.53439008869341
2741,26.543260888814903,Incoming,18-25,89.19531755456296
2742,12.717566177660817,Outgoing,36-45,20.17039409090001
2743,12.187800029303258,Incoming,18-25,40.70203601439445
2744,25.995279266386206,Outgoing,46-55,17.939670106545428
2745,13.036971420990124,Incoming,26-35,57.29512595216156
2746,18.51266406446893,Incoming,56-65,58.82207189178733
2747,12.85741774628894,Incoming,56-65,21.550459280258814
2748,5.243608791504787,Incoming,26-35,40.52627634356534
2749,18.38757635304373,Incoming,46-55,81.91518212968774
2750,24.806175258182357,Outgoing,18-25,68.90955625232537
2751,16.565616037450926,Incoming,36-45,59.88936602322045
2752,6.6283900572064045,Outgoing,36-45,82.44050178609072
2753,17.763494081352906,Outgoing,18-25,100.13654671296202
2754,11.708340279482254,Incoming,56-65,58.45237315831123
2755,0.0,Outgoing,26-35,62.67939779360905
2756,16.433813947935217,Outgoing,26-35,47.92916740560758
2757,20.62378935721623,Outgoing,56-65,59.26239473832416
2758,25.243938346923414,Incoming,26-35,37.37079352981017
2759,29.297983179734985,Outgoing,56-65,12.854298549900733
2760,21.556549741705567,Outgoing,46-55,74.96958425642089
2761,23.534971860239157,Outgoing,18-25,72.4365704110539
2762,8.008041849453534,Incoming,56-65,56.753109801280566
2763,28.35278061082378,Incoming,46-55,58.159634922979514
2764,25.871521271000855,Incoming,56-65,37.592397809130986
2765,14.430191605234338,Incoming,46-55,85.07143360703316
2766,21.7716208770149,Incoming,46-55,24.628772565607004
2767,21.06747728414027,Incoming,46-55,90.21935890025694
2768,27.291494573852756,Incoming,18-25,69.6007175959662
2769,15.942245594880811,Incoming,56-65,62.30150950133416
2770,11.77637153609992,Incoming,56-65,63.77927057363897
2771,13.570011412370594,Incoming,56-65,80.33662326044728
2772,23.27757188354707,Outgoing,46-55,40.954623090209765
2773,3.5609071290036596,Incoming,26-35,74.64641086326105
2774,0.0,Outgoing,26-35,45.01936219204481
2775,23.259743048775853,Outgoing,56-65,66.62758546362036
2776,18.923638249087094,Outgoing,26-35,15.651735725838058
2777,17.12924335412224,Outgoing,26-35,38.12918715978415
2778,7.861173604080806,Outgoing,26-35,98.85975842277841
2779,5.030771647832985,Outgoing,46-55,88.29499905608586
2780,12.5582964155127,Incoming,56-65,96.2221676594752
2781,19.531865695587772,Outgoing,56-65,83.51788574750894
2782,12.899710010629564,Outgoing,36-45,39.146240216563484
2783,23.300701401694155,Incoming,36-45,42.25947473947321
2784,10.321584605857957,Outgoing,26-35,79.73138830107487
2785,13.364584487882912,Outgoing,56-65,81.99985695543029
2786,21.922407382790585,Incoming,26-35,89.65114545564815
2787,14.361594884608037,Outgoing,46-55,59.8309029659365
2788,14.708550277741827,Incoming,56-65,53.37967910517687
2789,12.495580824458312,Incoming,46-55,84.9066759973106
2790,11.197414814380064,Outgoing,46-55,16.81040524698313
2791,19.47924147727347,Outgoing,56-65,50.777728215328864
2792,20.385944062512376,Outgoing,26-35,48.55876556278522
2793,18.590039062858978,Outgoing,36-45,48.8515986026209
2794,12.686714761125913,Incoming,26-35,88.12903075178339
2795,15.58955670060639,Incoming,36-45,70.47119827298359
2796,28.171543483948234,Incoming,18-25,58.0890931132179
2797,7.052416360303031,Outgoing,36-45,16.8422317918468
2798,30.201238963000478,Outgoing,56-65,26.64604674477947
2799,17.69803892282283,Outgoing,36-45,75.19330114383871
2800,15.739115270164472,Outgoing,18-25,61.35871913896389
2801,23.67364837161174,Outgoing,36-45,85.7068992358784
2802,2.5291375165914243,Incoming,26-35,37.20793478460354
2803,26.662237022058257,Incoming,36-45,56.07349774592086
2804,30.00408080263867,Incoming,56-65,50.80758912358813
2805,24.615810072213698,Incoming,56-65,77.12828312625557
2806,2.2840024176249827,Incoming,46-55,106.5342916738933
2807,22.349174584603375,Outgoing,26-35,40.93604127221038
2808,28.521989906130784,Incoming,26-35,4.0956514334726535
2809,27.79924151415029,Incoming,36-45,67.18196369618715
2810,7.143375269415245,Incoming,36-45,65.35647068219657
2811,24.114497821221043,Outgoing,56-65,9.593783260501652
2812,29.56899281945403,Outgoing,46-55,30.328593958425348
2813,17.206260030522134,Incoming,18-25,44.01440871326757
2814,6.8310914404719565,Outgoing,36-45,83.605112655054
2815,22.800568149074536,Outgoing,26-35,29.236441256669323
2816,24.37700578056225,Incoming,36-45,48.301070428829085
2817,16.025542849718683,Outgoing,46-55,5.779482826173918
2818,8.66493580895323,Outgoing,26-35,67.18066953551875
2819,23.873104588253142,Outgoing,46-55,23.94237548896975
2820,11.618337940647693,Incoming,26-35,109.33441034568675
2821,19.781427085772094,Incoming,36-45,33.74116029211131
2822,27.90716448509062,Incoming,46-55,78.73739578946072
2823,5.388413321335863,Outgoing,56-65,68.40250890834429
2824,23.354347985784777,Incoming,26-35,33.34039211392019
2825,15.553925787761397,Outgoing,46-55,82.75094095560085
2826,15.735427012107975,Outgoing,46-55,4.443421231944306
2827,20.60021504172979,Incoming,18-25,54.36352085780898
2828,11.600311780100899,Incoming,18-25,72.64904233187033
2829,8.7748660414995,Outgoing,36-45,48.9689629490152
2830,4.510636595785256,Outgoing,56-65,26.39786585986042
2831,25.622338965934503,Incoming,56-65,94.49307350859819
2832,14.398294704237255,Incoming,46-55,51.81223093703582
2833,20.989582886501562,Outgoing,46-55,41.12172287990799
2834,13.604775475828415,Outgoing,46-55,27.368969998738237
2835,8.867676476375308,Incoming,26-35,57.39178320045022
2836,21.566188269573978,Outgoing,36-45,49.67152327761381
2837,19.295738016073756,Outgoing,36-45,47.75590844995933
2838,15.341705922088018,Outgoing,18-25,96.2783165872143
2839,19.113272444090278,Outgoing,46-55,95.82432299031613
2840,10.276608106291977,Incoming,46-55,61.25382521951972
2841,24.42419842188718,Incoming,26-35,72.18719860025897
2842,26.046762469741324,Incoming,46-55,17.770638187044554
2843,22.315131999358442,Outgoing,46-55,57.28188986607899
2844,14.39609968634431,Outgoing,36-45,61.701446337619906
2845,17.415427562783865,Incoming,46-55,49.57369107361541
2846,27.98185513694334,Outgoing,26-35,44.08503152227614
2847,25.968163523278243,Outgoing,26-35,35.26800271181398
2848,30.957083633561076,Outgoing,56-65,55.88317415152257
2849,11.536368026807782,Incoming,56-65,83.62510519632954
2850,10.908514012090073,Outgoing,18-25,87.77515957510536
2851,17.940592013074763,Outgoing,26-35,54.999489218497686
2852,19.848270301074102,Incoming,26-35,81.65325710684122
2853,16.00397584458306,Incoming,36-45,31.678228110147124
2854,14.27220900515216,Incoming,56-65,69.09203781738562
2855,25.871766279803907,Outgoing,18-25,52.185134763686186
2856,16.364875366170022,Incoming,36-45,37.951394095246584
2857,8.493520074571732,Outgoing,36-45,108.89981049077782
2858,9.302176391451328,Incoming,56-65,43.17462299707741
2859,18.72945027593451,Incoming,36-45,45.87319741977668
2860,38.01856739438181,Incoming,56-65,43.50757358668172
2861,10.16839379378375,Incoming,26-35,63.64778032578181
2862,14.795881519288582,Outgoing,26-35,88.71373511378744
2863,33.83363342686228,Outgoing,56-65,26.223547473006672
2864,13.610034891130717,Outgoing,46-55,66.92026418026987
2865,20.188225888899836,Incoming,46-55,63.695510765074594
2866,30.131375058138616,Outgoing,18-25,14.738204669094351
2867,10.339649233673244,Incoming,46-55,88.76806908911361
2868,14.835178445849074,Incoming,18-25,61.72744023962466
2869,13.609438464558217,Outgoing,56-65,73.07272625018842
2870,6.374732459229659,Incoming,56-65,3.1615790060324045
2871,27.985561619820384,Incoming,56-65,91.60878285020979
2872,12.90216963071094,Incoming,18-25,106.49624071824948
2873,10.866280269246754,Incoming,36-45,51.2421753944599
2874,13.888962783507047,Incoming,18-25,36.91552782263135
2875,23.501819836078738,Outgoing,36-45,0.0
2876,17.790254759055166,Outgoing,26-35,22.56824475019649
2877,11.458335861987454,Incoming,26-35,75.9189976338325
2878,19.864048914405366,Incoming,36-45,54.18613418710186
2879,22.688162884240008,Outgoing,36-45,17.071019467425245
2880,16.8336478846807,Incoming,46-55,93.13332364141928
2881,15.356673497940383,Outgoing,36-45,38.27206189446042
2882,24.11113156867554,Outgoing,36-45,18.016721620932017
2883,15.74570327440591,Incoming,56-65,56.122462310253916
2884,28.257340544030164,Incoming,18-25,67.75515225779435
2885,11.696555895367817,Incoming,36-45,21.511161450631185
2886,11.533605739674456,Outgoing,56-65,47.49569235876434
2887,10.673422539409579,Outgoing,36-45,93.46290126763267
2888,15.328074803170121,Incoming,46-55,21.130782026425067
2889,17.01752842956423,Incoming,36-45,63.770313619043606
2890,7.720548632990301,Outgoing,36-45,47.074710092401546
2891,17.6773008753993,Outgoing,56-65,68.41206669959999
2892,20.95747931100169,Outgoing,36-45,28.808277912311592
2893,6.741559116448794,Outgoing,56-65,60.843750227462436
2894,13.3518000153338,Incoming,18-25,31.162683052199416
2895,20.97240009998286,Outgoing,56-65,4.974432365476048
2896,9.374065138868556,Incoming,18-25,19.736975691716466
2897,14.78815034660576,Outgoing,36-45,49.55144829153831
2898,24.61728498253658,Outgoing,18-25,60.846703960788794
2899,29.56627934188213,Outgoing,26-35,85.2679102154811
2900,20.07940647874389,Outgoing,26-35,63.95426069715704
2901,15.815226999206704,Incoming,56-65,93.9665385744734
2902,13.490213855549907,Incoming,46-55,49.97233200949316
2903,23.375278691400833,Incoming,36-45,68.79505404245603
2904,24.93384479380969,Outgoing,26-35,30.4630510197806
2905,8.904949420176463,Incoming,46-55,62.86073106603361
2906,23.37298771160753,Incoming,56-65,45.66585309491688
2907,12.750675887916453,Incoming,18-25,42.93246024130645
2908,10.9831095823343,Incoming,36-45,56.77249680567006
2909,15.924490575147004,Outgoing,18-25,19.54909509352632
2910,23.941292697936554,Outgoing,36-45,63.27779573398857
2911,19.165837273877706,Outgoing,26-35,72.615043920647
2912,18.976321653535717,Outgoing,46-55,37.40194212508237
2913,19.467091577997767,Incoming,56-65,59.57244024514326
2914,20.273606130832526,Outgoing,36-45,86.25380651889037
2915,16.200941477314746,Outgoing,26-35,73.86262827565662
2916,21.423221357743902,Outgoing,56-65,51.667436702555904
2917,12.38222462817475,Incoming,36-45,64.90382809979538
2918,21.5570535566187,Outgoing,26-35,92.31607590121973
2919,22.99889743483792,Outgoing,56-65,61.339862404452525
2920,21.893956161968852,Outgoing,18-25,78.67481354002548
2921,22.25720182185869,Outgoing,46-55,74.89370186720038
2922,20.254059481611016,Incoming,46-55,57.37335960652927
2923,25.2141004073983,Incoming,18-25,87.25417742203695
2924,1.098703512149367,Incoming,46-55,29.707224999651572
2925,22.97622170295613,Outgoing,46-55,65.69645273220577
2926,30.82820269010513,Outgoing,36-45,41.17799456755809
2927,12.646731675287992,Incoming,26-35,77.30647232289857
2928,11.863890991462474,Outgoing,18-25,54.559257828461426
2929,26.004233090816623,Incoming,26-35,78.87178971557358
2930,10.512824623645024,Incoming,46-55,74.1380464384014
2931,12.332929811971832,Outgoing,26-35,44.490946555274945
2932,18.189639637884575,Incoming,56-65,68.43427522522197
2933,11.407341528928574,Incoming,18-25,66.43683095717175
2934,23.125171513954914,Outgoing,18-25,49.890337229377124
2935,11.464385144199742,Outgoing,18-25,76.66837792023357
2936,19.524433433946765,Outgoing,36-45,52.25608440940323
2937,18.99137724097554,Incoming,26-35,35.518801064412
2938,28.64721650685929,Outgoing,26-35,62.16068771499412
2939,25.1571130640701,Outgoing,36-45,66.38137884694805
2940,13.293307209824423,Outgoing,18-25,0.0
2941,8.14855315469428,Outgoing,36-45,114.94125061698568
2942,22.86578189384205,Outgoing,36-45,125.76404932972015
2943,12.426264156726713,Outgoing,46-55,34.131251639499794
2944,14.650262834673741,Outgoing,18-25,70.39198924113762
2945,9.581206169554548,Outgoing,56-65,28.29382970846694
2946,21.753083515507832,Outgoing,46-55,13.44975426993306
2947,12.474548184937444,Outgoing,18-25,43.53026735831909
2948,16.75470818188048,Incoming,18-25,20.345724538863422
2949,16.86347853875274,Incoming,18-25,68.35328611790497
2950,18.284924339397374,Incoming,26-35,76.98075224675357
2951,21.631469512037533,Incoming,18-25,99.01438265300894
2952,15.300257396740452,Outgoing,18-25,56.18426753977886
2953,11.810006926794202,Outgoing,56-65,76.57941248664753
2954,3.9831875637118745,Incoming,18-25,64.74851477550266
2955,17.71840740557369,Outgoing,36-45,62.19895009807256
2956,15.9010067156738,Outgoing,18-25,30.03504599810774
2957,12.026690189153054,Outgoing,18-25,49.0100545610192
2958,17.437867235067753,Outgoing,18-25,45.81769156653985
2959,22.9918787083042,Outgoing,26-35,69.76345347283649
2960,24.783216594630254,Incoming,46-55,2.319994255916775
2961,6.25403807102926,Incoming,26-35,81.29871942855576
2962,14.473970892892655,Incoming,56-65,48.34459366836367
2963,23.72717648678899,Incoming,56-65,38.34062869892007
2964,28.172287241661166,Incoming,36-45,63.62412157867105
2965,11.27915442789108,Incoming,36-45,54.416698891465785
2966,26.64826050462804,Incoming,56-65,58.968164343166784
2967,7.5493260243576685,Incoming,46-55,87.71127054846832
2968,25.037991941839614,Incoming,46-55,10.239071708218965
2969,15.027705674562608,Outgoing,56-65,20.233816322466346
2970,27.939762859506253,Outgoing,18-25,41.15629466262814
2971,13.751781486212943,Outgoing,26-35,89.95172324028029
2972,14.830764912677628,Incoming,26-35,74.76584678523167
2973,16.066251595573064,Incoming,18-25,51.91180215913423
2974,6.240648916939746,Incoming,46-55,70.13226396562918
2975,4.66269130468938,Incoming,26-35,75.99699869302346
2976,20.571079351284983,Incoming,26-35,67.95134446775512
2977,23.9192364314735,Incoming,36-45,82.10366578293872
2978,21.25304251988772,Incoming,46-55,59.38598854243749
2979,8.22217070075034,Outgoing,56-65,67.25368909818926
2980,20.361321215504294,Outgoing,56-65,67.3981139663534
2981,10.068572184074071,Incoming,18-25,44.743799295210934
2982,19.853568957565656,Incoming,26-35,51.65043183987924
2983,24.919094016417063,Outgoing,56-65,67.71323264859242
2984,19.57226797334513,Incoming,18-25,30.60140278704695
2985,27.279737315693524,Outgoing,36-45,36.88475064010126
2986,15.950087700530785,Incoming,46-55,48.462546937225184
2987,15.483454750869445,Outgoing,26-35,56.35546836167464
2988,17.471459084465465,Outgoing,26-35,54.50878045856604
2989,7.601512413408809,Incoming,18-25,54.566315738574545
2990,14.179342470680176,Incoming,26-35,58.36625315036426
2991,14.794067811819545,Incoming,46-55,49.147538410652444
2992,15.012000396991834,Incoming,56-65,37.93412151439965
2993,18.87803817014389,Outgoing,18-25,55.9018402179578
2994,6.637696161236963,Outgoing,46-55,70.96943723880108
2995,8.980702112976495,Outgoing,26-35,76.51421915198966
2996,24.9244871764693,Incoming,56-65,5.235838739159384
2997,2.9492624315533345,Outgoing,46-55,30.212001433101825
2998,21.314597482109907,Outgoing,56-65,78.5924771138732
2999,14.385082234416217,Incoming,56-65,48.01057163603177
3000,18.120857371644163,Incoming,18-25,9.12376522729955
3001,27.906691497337576,Outgoing,26-35,85.54222846617498
3002,16.08172049894274,Outgoing,36-45,80.14926903612948
3003,21.377716038540385,Outgoing,36-45,25.428781137658298
3004,17.409968773773407,Incoming,36-45,25.689508584459837
3005,16.23436681172687,Outgoing,46-55,129.5550513998843
3006,15.367772915117461,Incoming,36-45,32.07373322330562
3007,21.907408439543588,Incoming,26-35,85.41881747262082
3008,11.878786937150615,Incoming,36-45,93.61195810668332
3009,9.075837680141158,Outgoing,56-65,18.698234271097967
3010,17.521324814017614,Incoming,56-65,32.21553455097338
3011,18.349488025119467,Outgoing,56-65,80.78760592946485
3012,4.230892842207279,Incoming,36-45,20.93386108229671
3013,16.926587999725353,Outgoing,26-35,28.21851915848069
3014,8.411861551498424,Outgoing,26-35,50.103502340948765
3015,21.38790175213474,Outgoing,36-45,51.871154508368505
3016,4.374206008723569,Outgoing,26-35,82.2664413087757
3017,30.475530809041622,Incoming,36-45,69.07464426310491
3018,14.632611083549207,Outgoing,26-35,60.16442481957911
3019,10.945266360588814,Incoming,18-25,51.31838183474646
3020,15.019192777422647,Incoming,18-25,28.734496599807915
3021,20.89389601043724,Incoming,26-35,85.40639093545933
3022,23.23329062464456,Incoming,56-65,58.47811751350444
3023,15.079820829826142,Incoming,18-25,71.3899836878179
3024,6.929167096314668,Outgoing,46-55,60.530785955639985
3025,8.513920064644735,Incoming,36-45,57.81281360240667
3026,19.004713891185215,Outgoing,46-55,57.59965700950845
3027,23.911289906573163,Outgoing,26-35,55.1026157371914
3028,24.822326761088828,Outgoing,26-35,51.4641148142047
3029,18.176648027875473,Outgoing,56-65,40.02498615911535
3030,23.77109696326996,Incoming,18-25,68.29134791119507
3031,30.386444523144007,Incoming,18-25,83.10879933661964
3032,25.332433989154044,Incoming,46-55,61.013880806532484
3033,23.4542653098306,Outgoing,18-25,95.1196221466729
3034,11.35409971835401,Outgoing,26-35,43.497603453930274
3035,23.738337342996022,Incoming,56-65,108.6717181922989
3036,20.22862734522123,Incoming,36-45,66.07704533146212
3037,21.55451939856997,Outgoing,46-55,0.0
3038,25.827743952611584,Incoming,46-55,102.80428668588813
3039,19.509904938577336,Outgoing,36-45,31.21150674512776
3040,16.282175685369758,Outgoing,26-35,60.227885149511025
3041,9.51093934637356,Incoming,46-55,67.77710255547413
3042,14.924385776482726,Incoming,18-25,56.73103964335514
3043,18.48996587013879,Outgoing,18-25,52.17694035203752
3044,18.9433353812777,Outgoing,18-25,38.96861363393097
3045,18.707134090692268,Incoming,56-65,42.178265315261044
3046,23.716569018327306,Incoming,36-45,84.71254096108602
3047,23.05755290151985,Incoming,26-35,29.578581065484634
3048,16.56538230980382,Incoming,18-25,56.34035992289294
3049,11.069165247808364,Outgoing,18-25,72.74703748644232
3050,19.683505557443002,Outgoing,56-65,28.637529574176153
3051,32.724362833308184,Outgoing,18-25,66.67911570422837
3052,19.24869942695331,Outgoing,56-65,81.20311151452734
3053,14.928532333387462,Outgoing,36-45,63.824184016703555
3054,20.750853067270125,Incoming,46-55,83.1385870691634
3055,21.170153811328912,Outgoing,18-25,53.96666951825836
3056,21.092554202840432,Outgoing,18-25,33.817096633055286
3057,26.610161365319904,Incoming,36-45,51.174553527860716
3058,19.702650698674294,Outgoing,46-55,20.882960759375855
3059,26.277885647872438,Incoming,56-65,114.3971923019331
3060,18.611638796162573,Incoming,46-55,54.79867175397134
3061,27.587487872562114,Outgoing,18-25,7.952866599596838
3062,25.44714637017723,Outgoing,36-45,38.70759736348859
3063,23.452595880870305,Outgoing,26-35,49.98330510334429
3064,22.524300150340302,Outgoing,36-45,23.040203912208625
3065,33.11062373949292,Incoming,56-65,22.738408726640728
3066,24.536323120665024,Incoming,56-65,46.39662089302429
3067,11.054780967628416,Incoming,18-25,68.51788640066555
3068,18.721303860278244,Outgoing,36-45,78.74665348267878
3069,15.146982622409167,Incoming,26-35,82.89203982638848
3070,31.45133421758565,Outgoing,36-45,40.26960757090792
3071,25.760062917168202,Incoming,56-65,0.0
3072,31.2236571723476,Incoming,36-45,99.46093212055192
3073,11.680038302356524,Outgoing,18-25,49.56137253341421
3074,24.711722749849738,Incoming,56-65,44.07655286087453
3075,7.4482971187477744,Outgoing,36-45,85.99956628610994
3076,5.8550736610341225,Incoming,36-45,47.200952073928384
3077,14.221307072681341,Incoming,18-25,67.26830535869277
3078,27.586625962469935,Outgoing,18-25,61.15128976199396
3079,10.051694713322616,Incoming,36-45,24.067755968715883
3080,16.882317072237296,Incoming,26-35,27.81969390389046
3081,25.321900077441203,Incoming,56-65,49.45134658926649
3082,22.924892128115122,Outgoing,36-45,54.58517024653201
3083,32.51330605099002,Outgoing,18-25,39.45788342718567
3084,17.023603945469027,Outgoing,56-65,39.23428131249316
3085,13.908593187585327,Outgoing,18-25,53.201369369473205
3086,9.33863243244716,Incoming,56-65,37.40586036131945
3087,14.4240004191782,Incoming,36-45,77.31177159515434
3088,9.27480728569867,Outgoing,46-55,62.55315473290842
3089,4.424883040632698,Outgoing,46-55,41.8126313342819
3090,30.743748069394616,Incoming,56-65,69.71633021258057
3091,17.342347594927748,Outgoing,18-25,88.2519156164503
3092,35.1402680986039,Outgoing,18-25,59.43937183277185
3093,11.124980943292613,Outgoing,18-25,18.865124123343797
3094,13.99833973907193,Outgoing,36-45,94.31655669119826
3095,11.572416917700265,Incoming,56-65,96.73407504331927
3096,12.51470754505065,Incoming,36-45,85.99560132232092
3097,23.115226209466105,Outgoing,46-55,70.75593112510927
3098,20.96426776385062,Outgoing,46-55,67.68387390041404
3099,23.127865977924333,Incoming,18-25,58.56410492735718
3100,26.395901145063583,Incoming,18-25,57.41691667126462
3101,24.751485309172384,Outgoing,56-65,25.95007879843667
3102,9.940571788906091,Incoming,46-55,26.466495503261594
3103,13.333270054316813,Incoming,56-65,33.010383066259706
3104,17.850379670501464,Incoming,46-55,4.784130637314163
3105,43.094833413342315,Incoming,26-35,23.812548199854596
3106,22.406800994919628,Incoming,56-65,54.856744014837645
3107,17.746821658847526,Incoming,26-35,0.0
3108,21.71292305222026,Outgoing,36-45,31.1958535552039
3109,12.778201619124017,Incoming,46-55,49.21164159977762
3110,18.836978577016133,Incoming,26-35,35.85186168263879
3111,23.682635293670508,Outgoing,36-45,46.62686073647835
3112,16.79703020821061,Outgoing,56-65,62.13758478056381
3113,11.704127221669687,Outgoing,26-35,79.02564300495042
3114,16.454881631242156,Outgoing,26-35,36.567996326058434
3115,14.762963739826716,Outgoing,36-45,47.376155718739874
3116,7.50010806230372,Outgoing,26-35,0.0
3117,12.999134878651745,Outgoing,36-45,69.82200973595754
3118,7.25031049568689,Outgoing,46-55,33.448077300650404
3119,8.342435766527828,Outgoing,46-55,63.57294444899094
3120,9.013388584934711,Incoming,46-55,47.122090706279344
3121,23.67415908758103,Outgoing,26-35,110.79382481657146
3122,27.424155443516504,Outgoing,26-35,100.76361769371766
3123,6.247442260732413,Incoming,18-25,70.71552232995754
3124,28.061285663921424,Incoming,18-25,65.67216583356739
3125,9.113840789276177,Outgoing,36-45,61.36975317229504
3126,22.228160657806505,Outgoing,26-35,43.49773063367028
3127,18.809909995364137,Incoming,36-45,35.687577578297976
3128,21.450960812989976,Outgoing,56-65,31.47881574736533
3129,8.839798630323264,Outgoing,26-35,39.163239574750236
3130,4.313499021295259,Outgoing,56-65,65.49802917288294
3131,11.379641129072,Outgoing,26-35,49.03740974529215
3132,19.9880805497246,Outgoing,46-55,3.870452285039015
3133,30.698329228401022,Outgoing,36-45,119.13232537121596
3134,9.791934816197443,Outgoing,18-25,50.917411332643276
3135,16.30813759346183,Outgoing,46-55,108.74421090352755
3136,11.756445610432667,Incoming,18-25,44.94274011140251
3137,16.87941672056559,Incoming,26-35,48.84298910570574
3138,3.484502472792366,Outgoing,56-65,78.18803024998056
3139,27.48630334772931,Outgoing,56-65,47.52376103064978
3140,17.16825254800414,Outgoing,46-55,65.04452022313893
3141,23.420159647902594,Outgoing,18-25,46.77519382385408
3142,15.374585836416246,Outgoing,36-45,43.05034263201879
3143,18.334396532888604,Outgoing,36-45,93.40993492020903
3144,24.902107448527225,Incoming,36-45,24.83811956799662
3145,17.92201776165957,Incoming,18-25,42.242441159773286
3146,18.173944268808185,Incoming,56-65,100.6486655558097
3147,11.442412701621508,Outgoing,56-65,46.76403377154941
3148,13.259035068246302,Outgoing,46-55,18.22163495580014
3149,9.910290535113452,Outgoing,18-25,70.37131764682557
3150,11.833876880642343,Incoming,26-35,54.11162352464673
3151,25.75860377324917,Incoming,26-35,66.23790530816308
3152,29.660265170049968,Incoming,36-45,56.64126763366285
3153,8.269075807594263,Outgoing,56-65,27.368275574330234
3154,19.766202495257428,Incoming,56-65,60.97096036361368
3155,14.776160268596891,Incoming,18-25,86.67464902252452
3156,26.77877996701034,Incoming,18-25,42.47121982454113
3157,17.944021527245436,Incoming,46-55,32.855901539685114
3158,16.94767006681392,Outgoing,18-25,50.663874662137886
3159,11.786614814881851,Outgoing,46-55,49.771652913478796
3160,6.277539726353098,Outgoing,36-45,46.96815916609341
3161,22.326569379246415,Incoming,36-45,85.88202595887675
3162,19.470850023260105,Incoming,56-65,61.058621080988736
3163,19.642108983643006,Incoming,56-65,96.43557704187118
3164,12.804710281389813,Outgoing,56-65,60.67662957870532
3165,15.979620881429735,Outgoing,26-35,64.01968657277578
3166,22.537496902795084,Outgoing,46-55,109.4916416647142
3167,23.874788408117787,Outgoing,36-45,63.57658623116007
3168,8.750698688570289,Incoming,46-55,48.61645294258489
3169,12.566563506490219,Incoming,26-35,31.459573422168653
3170,7.270816045495,Outgoing,26-35,33.64004478577791
3171,18.408850888153555,Incoming,36-45,44.57309843670244
3172,23.1903681847226,Outgoing,36-45,48.753822815838284
3173,15.048991380654067,Outgoing,56-65,3.417755251126259
3174,12.360003583002,Outgoing,26-35,54.597450528806796
3175,14.652887023362961,Outgoing,56-65,0.0
3176,33.14419320483541,Outgoing,36-45,86.91690033957745
3177,25.343496699464836,Outgoing,26-35,7.794663696431826
3178,22.116980209107627,Incoming,26-35,59.61721930334675
3179,19.240475269078704,Outgoing,18-25,58.6410435635899
3180,16.91080974766666,Incoming,26-35,88.55749911750755
3181,10.653574851332344,Outgoing,56-65,58.418925286375135
3182,9.568167029843778,Outgoing,18-25,52.51908685185261
3183,13.02462526440752,Outgoing,26-35,62.878745822700765
3184,10.323540841385764,Outgoing,18-25,41.81855404994541
3185,12.745309265861081,Incoming,26-35,42.19308144995351
3186,16.286730617162956,Outgoing,46-55,60.350396639529144
3187,16.822888880059292,Incoming,56-65,47.66450451273313
3188,12.65733107230868,Outgoing,56-65,71.03405809493972
3189,20.466466882481434,Outgoing,18-25,32.966940336402814
3190,15.676955394961317,Incoming,46-55,78.80130940370525
3191,18.50289041824726,Incoming,18-25,66.75604830075197
3192,11.78786730546498,Incoming,18-25,55.639449246339744
3193,21.850107881570054,Incoming,36-45,16.494488985907772
3194,13.25607729823891,Outgoing,18-25,75.94245925989071
3195,28.259879657170593,Incoming,26-35,104.06284424313299
3196,15.425060521361829,Incoming,36-45,43.39966922389457
3197,16.337211569538333,Incoming,36-45,76.47767243530869
3198,21.15511940439559,Outgoing,18-25,52.133976705494995
3199,22.682951354184905,Incoming,36-45,27.575915474406354
3200,23.43715576133932,Outgoing,56-65,35.819318343137454
3201,29.42911623109779,Incoming,36-45,52.32270835094141
3202,21.63319866382824,Outgoing,36-45,66.33373589424907
3203,16.531094578086993,Incoming,26-35,18.492532177521355
3204,13.29247859218728,Incoming,56-65,37.372466783558025
3205,16.06320201760225,Outgoing,36-45,55.824389187441646
3206,27.388115433002184,Outgoing,26-35,23.493721776985637
3207,7.29123587884342,Outgoing,56-65,64.80796765864523
3208,11.266943184786342,Outgoing,36-45,98.09485069582469
3209,15.467092795265065,Incoming,18-25,52.46122118069391
3210,11.173791713172822,Incoming,36-45,73.37742695881049
3211,14.138596106104963,Incoming,56-65,23.10500327838074
3212,29.643641768425578,Incoming,36-45,39.23403338527942
3213,14.913348722590284,Incoming,56-65,79.86441289741948
3214,19.881539956140614,Incoming,18-25,20.895024744379377
3215,5.392622050029853,Incoming,36-45,37.25396692148718
3216,9.282939114770755,Outgoing,56-65,83.5725372375272
3217,23.528785267354007,Outgoing,26-35,39.75108178648694
3218,28.676199069814224,Incoming,36-45,5.002351011992985
3219,18.549874181019668,Incoming,18-25,40.907063360510904
3220,14.857886184272342,Outgoing,26-35,98.59573642069208
3221,20.473131416221666,Incoming,36-45,90.99335736244784
3222,0.0,Outgoing,56-65,53.02556687293538
3223,18.6038494046263,Incoming,46-55,49.16645344117055
3224,9.677225799247491,Outgoing,26-35,113.9772302447061
3225,22.558650875568294,Outgoing,56-65,31.6029632291988
3226,1.6539076427333903,Outgoing,26-35,38.95719785717571
3227,12.601368168635037,Outgoing,36-45,81.48434958645718
3228,16.713169133244033,Outgoing,18-25,33.340934015830655
3229,11.667461719308323,Outgoing,18-25,64.16787456047952
3230,14.371609198683004,Outgoing,26-35,24.090372156711865
3231,23.331040454735557,Outgoing,46-55,92.2545408121573
3232,16.828527898379193,Incoming,36-45,44.19077644742005
3233,10.485934365247974,Outgoing,56-65,38.75942260225044
3234,23.582800462054543,Outgoing,36-45,33.92271521167126
3235,18.75686608349814,Incoming,46-55,26.254544916046854
3236,19.047412357094977,Incoming,56-65,46.2655670160877
3237,10.752422823403272,Incoming,46-55,0.0
3238,0.0,Incoming,36-45,27.7463849846738
3239,10.657081366505395,Incoming,36-45,55.422253740588516
3240,9.944919953751617,Incoming,26-35,57.204690778496634
3241,12.706921299734947,Outgoing,46-55,53.2345435850168
3242,11.107010338053865,Incoming,18-25,36.025279809206594
3243,17.788889563328762,Incoming,46-55,92.84077303268435
3244,23.166142297319922,Incoming,46-55,76.7298791588556
3245,24.533129991470155,Incoming,56-65,52.397265327274624
3246,22.860483008545398,Incoming,56-65,52.11897172250843
3247,10.716625169318068,Outgoing,26-35,43.14280994702157
3248,17.412305553238873,Incoming,18-25,38.92296973795858
3249,27.95616093719037,Outgoing,36-45,51.0824093142261
3250,5.9068596691896325,Outgoing,18-25,78.63051122398066
3251,26.437610310975916,Outgoing,18-25,43.82930155713347
3252,10.027276645272245,Outgoing,18-25,87.01184842648385
3253,19.05635701308858,Incoming,26-35,38.72665503450901
3254,19.889495818783203,Outgoing,26-35,92.2839415144545
3255,18.329391255986295,Incoming,18-25,47.56742353137791
3256,32.59931025941805,Outgoing,36-45,72.00954375352285
3257,14.894176696700953,Incoming,36-45,111.89505442864558
3258,5.5235848755345085,Incoming,36-45,115.45748100179193
3259,19.495129472687918,Incoming,26-35,21.445024530691214
3260,15.809720106928783,Outgoing,56-65,80.84261049774273
3261,20.883608457534205,Incoming,36-45,31.39585758020023
3262,23.17466669311613,Outgoing,56-65,64.38082158194706
3263,16.76417229806876,Outgoing,18-25,67.22053339664535
3264,20.054173014496087,Incoming,36-45,76.53055750665837
3265,18.009665525659212,Outgoing,18-25,23.00687161013751
3266,29.54321210852298,Incoming,18-25,25.53452534377479
3267,14.406067729926344,Incoming,46-55,34.314574573883306
3268,12.190508613930959,Incoming,18-25,69.58026825309494
3269,23.165116321778598,Outgoing,18-25,61.139495590013205
3270,10.495741292600984,Incoming,26-35,65.28745361280671
3271,19.745104639077823,Incoming,18-25,25.58799894904472
3272,15.812875924315922,Outgoing,36-45,59.186265315217696
3273,16.290755208206466,Outgoing,26-35,38.527739237825216
3274,34.061132368071185,Outgoing,46-55,39.61278824174352
3275,25.63860721445564,Outgoing,46-55,51.800471959933176
3276,24.15105673323602,Incoming,18-25,17.10347518210836
3277,20.713994483338812,Outgoing,56-65,68.26291363413155
3278,12.159401149918772,Outgoing,46-55,19.169370182891086
3279,18.830371807164045,Outgoing,46-55,44.719570998824516
3280,21.08327010580069,Outgoing,46-55,73.5447821701486
3281,18.392898010975582,Incoming,36-45,17.21256152279826
3282,17.66325229140773,Outgoing,56-65,19.929787764208662
3283,14.217854908474164,Outgoing,18-25,80.88951678263328
3284,18.914210547768977,Incoming,18-25,28.127889066037326
3285,13.321000539825313,Outgoing,26-35,79.19523629923326
3286,21.923962256970825,Incoming,36-45,65.98237249627445
3287,2.889601591896543,Outgoing,56-65,21.502746400510624
3288,26.511204965149595,Incoming,26-35,59.28020015863924
3289,7.818338686924774,Incoming,56-65,66.3243469332421
3290,9.529214831513102,Outgoing,46-55,20.13904793044484
3291,19.861979299351756,Incoming,56-65,56.519639540547026
3292,20.779592812482637,Incoming,26-35,75.89334314325511
3293,31.547945834830582,Incoming,36-45,52.95606202415704
3294,19.07399170516388,Incoming,36-45,58.745960828312256
3295,16.71681663805016,Incoming,46-55,51.498408032381896
3296,18.33909564979977,Outgoing,18-25,80.58703111485994
3297,28.133414329014446,Outgoing,26-35,52.57210027217433
3298,33.97079993465066,Outgoing,18-25,37.55635885970827
3299,15.706397907637102,Outgoing,46-55,49.38649765913456
3300,20.799406913204788,Incoming,56-65,15.90485291921199
3301,16.479275708531315,Outgoing,56-65,0.0
3302,16.34013561122294,Outgoing,46-55,34.3021495294189
3303,30.15335436705337,Outgoing,36-45,93.10437712169576
3304,10.519877932955573,Outgoing,26-35,80.47085957129131
3305,0.6600315378167032,Incoming,46-55,13.922972061093333
3306,19.222110513325873,Incoming,46-55,28.77248088456851
3307,25.407045701334518,Outgoing,26-35,39.401932335806144
3308,18.539276383757215,Outgoing,36-45,50.224296270518934
3309,20.515424858456083,Incoming,36-45,29.238094240884273
3310,22.266753667888253,Outgoing,26-35,39.68735294671793
3311,17.77637751386724,Outgoing,18-25,80.6195101712965
3312,20.894153364138276,Outgoing,56-65,30.00632088046983
3313,20.777283290575618,Outgoing,26-35,69.04775844249681
3314,3.289767819323588,Outgoing,36-45,74.04793676335876
3315,17.797068256108542,Outgoing,18-25,114.9655912915866
3316,5.990520169283515,Incoming,46-55,37.81681856826533
3317,16.732799464248043,Incoming,46-55,27.04608378419948
3318,13.53303335812396,Incoming,46-55,12.002348364402302
3319,24.238078780574796,Outgoing,56-65,71.51180839572332
3320,18.71088931446998,Incoming,36-45,65.71423541123283
3321,20.312349922617603,Outgoing,18-25,52.41215833709544
3322,15.659844974264246,Incoming,36-45,63.07834369243821
3323,24.36526883824454,Incoming,56-65,57.07445775428909
3324,5.818722616340864,Incoming,56-65,44.78338374213211
3325,10.731482835150624,Incoming,26-35,46.60729603704462
3326,26.00414985126162,Incoming,36-45,52.580137930613894
3327,13.950460506074709,Outgoing,46-55,116.28316519323441
3328,1.979175963803801,Incoming,26-35,77.76202636419171
3329,27.168488936297198,Outgoing,36-45,25.872700249520655
3330,24.538552499518584,Outgoing,26-35,64.92861976200302
3331,21.976785846275128,Incoming,26-35,54.82443167002106
3332,17.660842048661916,Outgoing,18-25,100.14598327389075
3333,28.625229127110877,Outgoing,26-35,86.47003510192827
3334,25.81032900343751,Incoming,56-65,52.48208736211523
3335,27.83499248154407,Outgoing,46-55,54.29217337556624
3336,21.868503363130614,Incoming,18-25,26.585650477998303
3337,17.859570958757573,Incoming,26-35,71.37430607693439
3338,14.205845902896407,Incoming,18-25,83.6635384949258
3339,8.117533102738898,Incoming,46-55,58.04373883859673
3340,20.51431930826441,Incoming,46-55,61.61295198492327
3341,21.097501343569228,Outgoing,18-25,46.837313609555494
3342,14.551530676648733,Incoming,36-45,77.04468178564817
3343,21.295767196816435,Incoming,46-55,21.470522546735907
3344,14.674755178805995,Outgoing,56-65,27.036814058785502
3345,23.071993839428725,Outgoing,56-65,78.22723521487131
3346,10.825248948000969,Outgoing,26-35,19.736185781352816
3347,9.614219254939087,Incoming,36-45,39.16280930510675
3348,15.315948909469467,Incoming,36-45,48.037420656685676
3349,22.801497768516008,Incoming,26-35,66.77957741908885
3350,8.888501747386837,Outgoing,46-55,58.84798412559439
3351,24.347809133064366,Incoming,18-25,0.0
3352,5.501883059303513,Outgoing,36-45,69.52483793798557
3353,15.272778870839964,Outgoing,36-45,49.47583643095307
3354,7.108467110281515,Incoming,46-55,81.66342155651259
3355,0.0,Incoming,18-25,30.754022378526642
3356,19.565162633426777,Outgoing,56-65,94.39373380433716
3357,15.755322239582197,Incoming,36-45,25.611133378811537
3358,7.220307470186578,Incoming,46-55,43.434089254461206
3359,13.383702994106542,Outgoing,36-45,86.50421678905803
3360,20.092776588505195,Outgoing,56-65,111.37469176272111
3361,14.422952331075816,Incoming,26-35,25.657471876467646
3362,15.60923219102121,Incoming,46-55,117.33409616416589
3363,14.210804007738648,Outgoing,18-25,0.0
3364,12.923885079990283,Incoming,26-35,73.89806908219694
3365,12.832639076798458,Outgoing,18-25,99.03548429618888
3366,12.627118435929852,Outgoing,56-65,29.200498201799643
3367,11.727999867488482,Incoming,18-25,85.721937361264
3368,9.878937816164381,Incoming,36-45,42.21861177666803
3369,14.342013775975197,Outgoing,56-65,36.25321799863238
3370,12.52050503370388,Incoming,26-35,21.097120048473187
3371,9.498109586390147,Outgoing,36-45,53.0288299743128
3372,22.36210258749867,Outgoing,36-45,58.57694738349641
3373,25.628451803417008,Outgoing,56-65,25.154053841676767
3374,16.9992805777762,Incoming,18-25,90.60944397356104
3375,17.46531091551587,Outgoing,18-25,39.80518970524608
3376,12.152052238912816,Incoming,26-35,54.037724019628534
3377,24.469219497536983,Outgoing,56-65,60.792651913185125
3378,29.16726780553438,Outgoing,26-35,129.895205836758
3379,15.853443196820368,Outgoing,46-55,87.0665876123822
3380,13.349874301252349,Incoming,56-65,75.38942358675857
3381,19.390326861683917,Incoming,46-55,43.964339575890214
3382,17.902517308268724,Incoming,26-35,64.34698703376955
3383,13.498911671798973,Incoming,46-55,66.9278167836019
3384,20.298370831226453,Incoming,46-55,54.22903975978564
3385,23.567103251729282,Incoming,36-45,78.95233840472129
3386,11.499271190726542,Incoming,36-45,133.2762946153801
3387,34.794237858009225,Incoming,26-35,27.248582933781265
3388,6.269404900315205,Incoming,26-35,65.34648843360117
3389,11.038164915613693,Incoming,18-25,64.77788571776483
3390,18.637776212116542,Incoming,46-55,49.073618654151716
3391,32.728111828635846,Outgoing,18-25,38.26425076022753
3392,13.061865158235626,Outgoing,18-25,36.97046908700368
3393,9.539775811830893,Incoming,56-65,111.03561111062297
3394,20.84469034900122,Outgoing,18-25,58.96360816353323
3395,15.259839145973503,Incoming,18-25,80.33148341381822
3396,21.656789864681024,Outgoing,46-55,48.00324658266125
3397,16.50453615069706,Outgoing,18-25,65.82433406804796
3398,10.999834205090309,Incoming,46-55,67.91357980675541
3399,33.44213179289961,Outgoing,46-55,49.022197652243854
3400,0.0,Outgoing,18-25,61.59933503811823
3401,29.741671252448402,Incoming,46-55,87.09509951172785
3402,23.53283332963749,Outgoing,26-35,27.181620540271012
3403,11.780874959309497,Incoming,26-35,60.64357716709413
3404,30.106940733836357,Incoming,46-55,69.30705093177264
3405,7.400065605290177,Outgoing,26-35,74.96000983418513
3406,24.056776734052672,Incoming,56-65,78.99711291168582
3407,2.421484208670229,Incoming,36-45,73.10440085139095
3408,8.978852649207374,Incoming,26-35,84.86291908686708
3409,8.96146722046486,Outgoing,18-25,44.86250640707754
3410,11.745403376998407,Outgoing,26-35,91.46393700900657
3411,17.08106780765061,Outgoing,56-65,58.09033564235952
3412,11.218165451242896,Outgoing,56-65,76.83835741349515
3413,2.74512333811548,Outgoing,56-65,22.274424846835302
3414,20.24415538090475,Incoming,26-35,71.57627605674759
3415,17.342656460492353,Incoming,36-45,58.85592439816004
3416,19.86249138628726,Outgoing,18-25,47.48355102077174
3417,18.20342536486184,Outgoing,36-45,87.35767103966748
3418,23.67964697389616,Incoming,26-35,60.61089600461101
3419,16.47162352787228,Outgoing,36-45,60.041128827208034
3420,24.08764444367217,Incoming,46-55,19.284872066390193
3421,11.570123463291406,Outgoing,18-25,37.84817270529349
3422,11.96930734462803,Outgoing,46-55,59.60004173607385
3423,26.63227576778735,Incoming,46-55,38.141641735676274
3424,26.489680607591023,Outgoing,36-45,91.29924440303162
3425,21.01619499946583,Incoming,46-55,47.66486643028735
3426,10.776244609981347,Incoming,18-25,30.89796686228531
3427,10.212572952929705,Incoming,46-55,27.093388827891353
3428,26.296447736528897,Incoming,26-35,51.666358600562845
3429,25.908654493047116,Incoming,18-25,76.28286431796835
3430,16.554944496309126,Incoming,26-35,31.51397679448412
3431,33.39319448878897,Outgoing,26-35,28.865207894799866
3432,20.212300503622977,Incoming,56-65,40.596386977595145
3433,9.249604381782163,Incoming,56-65,53.314421925814365
3434,15.070582302324759,Outgoing,26-35,28.57324687254043
3435,17.038294046037617,Incoming,46-55,58.03148017290146
3436,17.604790457243794,Outgoing,26-35,93.90993055402113
3437,25.750022524961953,Incoming,26-35,54.65749934153906
3438,10.305977611349487,Incoming,56-65,44.79998549323949
3439,7.6794139062144815,Incoming,36-45,82.95739830634146
3440,21.216265781035666,Incoming,36-45,26.204188966083944
3441,13.451108437519023,Outgoing,36-45,68.26571869918364
3442,33.96454286426777,Outgoing,26-35,55.67018797371435
3443,23.602542670329427,Outgoing,26-35,97.31307349659924
3444,13.32222483361832,Outgoing,46-55,86.35263265783556
3445,25.489976171489445,Outgoing,56-65,6.106328300672388
3446,22.112875565581042,Outgoing,26-35,60.23378576786366
3447,21.43588003224295,Outgoing,18-25,18.51728697902856
3448,16.14429247888055,Outgoing,18-25,83.51639298585116
3449,19.94315596146926,Outgoing,56-65,31.17852703561795
3450,2.2792946958513483,Incoming,18-25,74.67502537184654
3451,26.219625829554356,Outgoing,18-25,83.78724981016097
3452,0.0,Incoming,56-65,9.456168970746951
3453,13.905138341818594,Outgoing,26-35,91.838456673442
3454,5.830026127641762,Incoming,26-35,83.0728052179064
3455,13.494042011379337,Outgoing,46-55,28.666278100002376
3456,16.481179093115262,Incoming,26-35,84.03281963610215
3457,8.62244526258652,Outgoing,18-25,25.029837311915077
3458,0.0,Outgoing,18-25,77.71410228530091
3459,18.449460068987406,Outgoing,46-55,52.71928384542908
3460,31.60507847419527,Incoming,56-65,19.508210784001953
3461,14.541038832049953,Outgoing,18-25,91.90342917088265
3462,23.7153166935806,Incoming,26-35,91.84197791522081
3463,27.530693862898204,Incoming,26-35,59.81106171438948
3464,3.6997345281794125,Incoming,26-35,55.56181977240699
3465,13.799073939651754,Outgoing,18-25,44.973448121006484
3466,8.06530071817839,Incoming,36-45,68.83056976182957
3467,11.356060734152852,Incoming,18-25,65.22091701452003
3468,28.914081908026404,Incoming,18-25,93.1590682087812
3469,18.565756404969346,Incoming,36-45,60.25505793987913
3470,22.521765207316218,Incoming,36-45,89.99647358007968
3471,16.6927062582535,Incoming,26-35,8.489260324687066
3472,8.526131479851193,Incoming,26-35,75.26112617444291
3473,21.74680988053094,Incoming,26-35,59.44918802732254
3474,25.76802760009975,Incoming,18-25,63.97454599918827
3475,19.2216195131806,Outgoing,56-65,100.4617825469077
3476,20.423870532319544,Incoming,46-55,82.67804546542531
3477,8.35639029543251,Incoming,56-65,46.24180556712514
3478,21.948045432044584,Incoming,36-45,33.69305659092911
3479,26.422096760484443,Incoming,18-25,7.091746896336616
3480,19.832098319900176,Outgoing,18-25,66.25882995198187
3481,4.422517278861751,Outgoing,46-55,85.74815885453859
3482,28.44940650542697,Outgoing,56-65,86.70194061590021
3483,10.386232744493652,Incoming,36-45,44.91073287274034
3484,19.71450778822938,Outgoing,46-55,86.27145570017667
3485,23.670833879926427,Outgoing,18-25,86.76491983215743
3486,24.55732825435696,Incoming,46-55,79.14876674557087
3487,4.399602317541081,Incoming,26-35,56.312320085309615
3488,17.820520792510564,Incoming,56-65,53.86805037589299
3489,17.35715127617826,Incoming,36-45,68.37590081784921
3490,27.07319731408558,Outgoing,26-35,72.05700827176405
3491,20.211064796874407,Incoming,56-65,43.135795510789144
3492,27.13682362731472,Incoming,26-35,45.95470447720618
3493,20.779423199196074,Outgoing,46-55,61.725108042913234
3494,16.480836568071478,Outgoing,36-45,39.536487153538665
3495,18.357015950767117,Incoming,46-55,42.291081272211656
3496,27.66517841971724,Outgoing,46-55,11.003426697689115
3497,7.921477151491258,Incoming,56-65,29.77327862876234
3498,23.341681570843726,Incoming,36-45,73.61108103261944
3499,12.606688061454491,Incoming,36-45,80.17633886184286
3500,11.102646410259077,Incoming,46-55,54.01868342944913
3501,24.16398456631321,Incoming,36-45,74.7694477845045
3502,10.818389214923045,Outgoing,18-25,0.0
3503,19.639523018477274,Outgoing,36-45,65.70155817778374
3504,13.577410044881645,Outgoing,46-55,18.519341103976252
3505,0.5014431287246843,Outgoing,18-25,34.00144112574926
3506,20.344011860730443,Outgoing,18-25,71.23107474801317
3507,17.884248910697526,Incoming,56-65,75.47741200718305
3508,3.6294363990962726,Incoming,46-55,7.3672197249616715
3509,12.109873209227967,Incoming,36-45,13.313531557893334
3510,4.351055183013868,Outgoing,18-25,38.22864582280511
3511,22.12182921107489,Outgoing,46-55,10.2047792360989
3512,26.715952418970677,Outgoing,56-65,44.65363576281297
3513,22.946434235323302,Outgoing,26-35,76.6666993177722
3514,23.92391109760064,Incoming,26-35,16.198564479172802
3515,13.3751871603323,Incoming,36-45,105.31755008186937
3516,20.82849607777262,Outgoing,26-35,48.48277606159543
3517,16.936519589004877,Outgoing,18-25,64.30477829150438
3518,18.297201612621738,Incoming,18-25,29.29202238946924
3519,23.702020223181655,Outgoing,46-55,81.03489789096422
3520,25.228411944530652,Incoming,36-45,60.8462768726471
3521,14.27170527253039,Outgoing,46-55,61.362583157958966
3522,7.146486320514658,Outgoing,46-55,64.66931817470059
3523,15.688168257150007,Outgoing,36-45,22.664625933902883
3524,15.465087002802811,Outgoing,46-55,65.26409086749601
3525,18.992185160099094,Outgoing,26-35,72.60725378314754
3526,22.83097142924886,Outgoing,56-65,16.731090484457972
3527,3.5979262416115994,Incoming,46-55,48.263162433887416
3528,12.30360514165967,Incoming,18-25,47.31200303023377
3529,10.252782674777917,Outgoing,18-25,56.06013834464616
3530,25.756256520842534,Outgoing,26-35,73.04057959324477
3531,15.541403746533287,Incoming,46-55,75.4533461572011
3532,13.409815013067483,Incoming,46-55,52.50440105359537
3533,20.768111847126043,Incoming,36-45,78.89668792116683
3534,12.848955543587842,Outgoing,46-55,20.56331611892253
3535,16.893636562422056,Outgoing,46-55,61.53456170835063
3536,29.69849840078418,Incoming,18-25,4.647573189762262
3537,29.504032267206505,Outgoing,36-45,42.54980798564306
3538,14.148309738560268,Incoming,46-55,67.04340764297537
3539,15.723467384882957,Outgoing,26-35,72.85359415626922
3540,12.666800494884363,Incoming,46-55,62.346888958409515
3541,3.518943074718809,Outgoing,36-45,94.35152944823332
3542,24.253325415677025,Incoming,26-35,57.71408669589854
3543,33.94939481670235,Incoming,26-35,12.389736713222199
3544,13.895853936444588,Outgoing,26-35,0.0
3545,11.282443908975099,Incoming,18-25,30.19824177976916
3546,15.090072425619955,Incoming,18-25,30.039666077663433
3547,17.595322334800098,Incoming,26-35,55.938602916617434
3548,9.051289228551838,Incoming,18-25,41.21617236284294
3549,13.79065077311108,Outgoing,26-35,31.20527481130699
3550,24.10428077756613,Incoming,26-35,40.429766852289504
3551,17.8916644412709,Outgoing,56-65,46.54902273545926
3552,25.89270219690286,Incoming,18-25,34.10541228475295
3553,19.55337497003051,Incoming,56-65,55.97359791416191
3554,9.37757911858957,Outgoing,26-35,78.68527657572946
3555,12.967902162961686,Incoming,26-35,38.781733529902155
3556,18.73888444488137,Outgoing,56-65,57.07193303757611
3557,9.141875068272247,Incoming,36-45,106.74411041562553
3558,8.233761869625754,Incoming,26-35,61.1268457782743
3559,8.654596126439923,Incoming,18-25,82.25955409600307
3560,20.61063071469671,Incoming,46-55,43.18583060381383
3561,14.436319892042235,Outgoing,46-55,84.22583285922865
3562,25.27709141765063,Incoming,46-55,34.908682663950316
3563,10.725057319373544,Incoming,56-65,70.04091324384756
3564,0.0,Incoming,26-35,81.93014988835705
3565,16.085064168377492,Incoming,36-45,93.5533794067244
3566,28.532885212756742,Outgoing,18-25,58.140872701117246
3567,17.241985918640243,Incoming,46-55,48.25072604211925
3568,7.395347298069915,Outgoing,46-55,20.428294269115078
3569,5.630063826552778,Incoming,18-25,53.16175752471319
3570,25.385313397464433,Outgoing,46-55,75.105368489077
3571,11.34794259990662,Incoming,56-65,72.45046455043685
3572,27.79256729359571,Outgoing,26-35,54.51310229867394
3573,21.578654141958985,Incoming,26-35,64.26511880460492
3574,11.613018999167206,Outgoing,36-45,96.77484453564608
3575,25.169957910181488,Outgoing,56-65,72.0290630463682
3576,10.532719927157117,Incoming,36-45,49.148825259450916
3577,6.868640212885014,Incoming,46-55,54.93198713740027
3578,10.932782246588882,Incoming,26-35,71.89046855315195
3579,22.381156561131533,Outgoing,36-45,69.85964591001155
3580,24.965768923009357,Outgoing,36-45,111.42809420984855
3581,14.227809159924618,Incoming,56-65,96.26700239059409
3582,3.92182082202598,Outgoing,46-55,29.373466067056228
3583,6.102634772103608,Incoming,18-25,38.741419817019064
3584,9.526480996984457,Outgoing,56-65,86.95681263005261
3585,7.942021845249132,Incoming,56-65,35.580612738786705
3586,18.858012632451963,Outgoing,46-55,59.21307461487714
3587,30.56681091307116,Incoming,18-25,95.6114565197667
3588,22.570436018179112,Outgoing,56-65,62.802314916359485
3589,9.102384085064823,Incoming,36-45,79.57289182314967
3590,12.139369640334113,Outgoing,36-45,60.53494721791561
3591,13.50496524490835,Incoming,36-45,53.22515300302939
3592,19.724499168951603,Outgoing,36-45,8.969238529455232
3593,27.998783150964066,Incoming,18-25,61.42498540782554
3594,13.728197343844023,Incoming,46-55,41.7492091217047
3595,27.77144103747732,Outgoing,46-55,88.56968194721375
3596,31.727376708955596,Incoming,18-25,0.0
3597,14.550651935978921,Outgoing,46-55,42.31382314310313
3598,14.370487652570844,Incoming,36-45,89.7148805334914
3599,14.475664428262183,Outgoing,18-25,103.90341422981942
3600,17.437429899815207,Incoming,36-45,83.8186615710216
3601,14.49274632252722,Outgoing,46-55,71.73305908943773
3602,23.18924222972514,Incoming,56-65,11.897677785193842
3603,6.158181037250527,Incoming,18-25,28.513843090627766
3604,13.257645332927217,Outgoing,26-35,78.22199463245636
3605,19.30422271150565,Outgoing,26-35,22.756403376665396
3606,23.090591550123584,Incoming,36-45,49.135319887767224
3607,32.366995445765184,Incoming,46-55,47.216161875707286
3608,7.976823406583412,Outgoing,36-45,65.4843932911853
3609,12.435703100689206,Outgoing,26-35,71.76194069525214
3610,1.135153987408641,Outgoing,18-25,0.0
3611,9.23091694852995,Incoming,36-45,62.12233306400023
3612,4.617522921461703,Outgoing,46-55,37.98527568167941
3613,13.350918234549699,Outgoing,26-35,68.90368054676571
3614,15.401440851508582,Outgoing,18-25,10.518779273732086
3615,20.286179678862933,Incoming,36-45,80.39638575931406
3616,14.909803287760548,Outgoing,18-25,37.14710553707514
3617,20.289559562885078,Outgoing,56-65,45.32631221558595
3618,17.7985191696576,Outgoing,26-35,95.76855397895147
3619,9.766737559748716,Outgoing,36-45,51.589547156193944
3620,5.196084059113854,Incoming,18-25,79.69825020375153
3621,21.08577399927246,Incoming,36-45,54.38894545880117
3622,28.52552089510155,Outgoing,46-55,96.62437305103523
3623,34.74769508177411,Outgoing,46-55,63.495659875616624
3624,23.548182908642346,Incoming,36-45,67.91929521659746
3625,27.202606483608434,Incoming,26-35,59.503322087559766
3626,20.230217928272545,Incoming,36-45,47.59631117102683
3627,19.11406569913148,Incoming,36-45,76.87757853613549
3628,17.777007166540695,Incoming,36-45,36.31688070549714
3629,16.25933249185395,Incoming,36-45,73.21436585575938
3630,21.249535888003944,Outgoing,26-35,79.02840437126287
3631,13.355820430446935,Outgoing,56-65,68.41884105056013
3632,15.967902838889657,Outgoing,56-65,31.456342629558264
3633,8.75423601924928,Outgoing,18-25,66.18768230739596
3634,20.324486683454364,Incoming,26-35,81.21090789324002
3635,10.28631721197449,Outgoing,26-35,23.324900163305152
3636,17.236214933361488,Incoming,26-35,16.862049904307
3637,20.50343765549666,Incoming,46-55,76.136864489568
3638,21.101240019588694,Incoming,26-35,38.83493335298242
3639,22.400559764708042,Outgoing,46-55,73.6618915034064
3640,15.50695932396361,Incoming,56-65,97.77878671493828
3641,20.402446455727812,Outgoing,56-65,18.206634421463463
3642,13.593623158214571,Incoming,46-55,16.025288767978395
3643,3.203884008928437,Outgoing,36-45,75.06102985044492
3644,20.71216491619092,Incoming,56-65,87.81076878250266
3645,19.089416748048993,Outgoing,36-45,97.85881737500074
3646,24.09326452029395,Incoming,18-25,75.16563657144246
3647,16.82297900989879,Incoming,46-55,51.64589506419876
3648,5.77785643997812,Outgoing,18-25,57.397013152058584
3649,16.35858450945044,Incoming,46-55,63.40668874734084
3650,23.206063953178095,Outgoing,18-25,97.0914916733137
3651,20.332243661574992,Outgoing,18-25,62.32454861828599
3652,15.97278798973615,Incoming,26-35,37.756938430320204
3653,5.355085404607719,Outgoing,56-65,60.57653588358427
3654,9.81788131567254,Outgoing,46-55,15.933237471889854
3655,20.340672032959578,Outgoing,56-65,41.11575818912026
3656,5.343899935480046,Incoming,26-35,47.309782145807795
3657,14.772285596702153,Incoming,56-65,45.25716691220384
3658,17.268955252834953,Outgoing,46-55,15.334165524208714
3659,25.04956009088043,Outgoing,26-35,25.33072220578681
3660,21.30143385791379,Incoming,36-45,54.50445784430896
3661,23.739678629767745,Incoming,26-35,75.96209044710159
3662,19.112973268228266,Outgoing,46-55,44.55826386201988
3663,11.082123124519553,Incoming,18-25,56.88041996930123
3664,12.704376724640174,Outgoing,56-65,76.9341952641253
3665,10.471382525311046,Outgoing,18-25,121.76761349587986
3666,21.13546589348344,Incoming,36-45,47.09508235008851
3667,12.142544467542097,Outgoing,18-25,33.96117700542929
3668,14.241997808800617,Outgoing,56-65,74.75183913219742
3669,17.15743866730794,Incoming,18-25,76.29743378963181
3670,28.489187126068956,Incoming,26-35,22.30261615061302
3671,21.599937355602616,Incoming,46-55,27.030008932605522
3672,11.590026027792236,Outgoing,18-25,20.752899877126076
3673,18.062933600630252,Incoming,46-55,37.093455599703375
3674,28.559182323470864,Outgoing,46-55,76.58428247623513
3675,21.30625529900259,Outgoing,46-55,63.92779695832266
3676,5.812233483506578,Outgoing,26-35,59.21341804274901
3677,10.593323999535649,Outgoing,46-55,30.45728113178959
3678,10.056451482478158,Incoming,18-25,28.503678118119385
3679,27.08510877751978,Incoming,46-55,56.856734169744456
3680,25.79396865104559,Outgoing,26-35,53.786030587598475
3681,12.624741155500695,Outgoing,46-55,67.23669522562062
3682,12.473938461348695,Incoming,18-25,89.69255236596521
3683,17.312842478635986,Outgoing,26-35,26.52810382810752
3684,17.52268332265422,Outgoing,36-45,51.26665686775303
3685,10.263718494739019,Outgoing,36-45,57.83375439573733
3686,15.256085275710198,Outgoing,18-25,59.83507366398065
3687,6.824777111027535,Outgoing,56-65,56.85501443448057
3688,25.906244934377252,Incoming,46-55,54.08340148564041
3689,4.677686410178243,Incoming,56-65,59.73731313924442
3690,4.5999240467507665,Incoming,26-35,67.92409051890078
3691,20.04527618158351,Incoming,46-55,37.352630787978256
3692,8.34186633516162,Outgoing,56-65,66.73993870973914
3693,13.493245293058221,Incoming,18-25,67.86751012007224
3694,17.442210027718314,Outgoing,26-35,60.87490262818156
3695,21.727105809067858,Outgoing,46-55,94.40741528065438
3696,15.452425174357879,Incoming,36-45,60.40741924307857
3697,29.454202580958558,Incoming,46-55,64.11821966019019
3698,16.996927079380637,Outgoing,26-35,30.568865450322033
3699,25.3355629578112,Incoming,36-45,80.99893407851516
3700,18.949890462565456,Outgoing,18-25,102.8718887306741
3701,31.918468306051317,Outgoing,46-55,58.908079606397955
3702,24.40854452746932,Outgoing,56-65,3.389771914144106
3703,17.304288428308293,Incoming,56-65,81.87713013582925
3704,21.401815018352366,Outgoing,18-25,89.23346169418244
3705,15.174289011283477,Incoming,26-35,60.41297929291814
3706,15.103701131514176,Incoming,18-25,42.042852130680664
3707,7.876124203750901,Incoming,26-35,86.83896465807857
3708,11.342168782730099,Outgoing,36-45,84.94663366402526
3709,31.42679969609005,Outgoing,26-35,61.29077431803298
3710,8.571780401049944,Outgoing,36-45,83.48820978328686
3711,12.411551010514529,Incoming,46-55,36.871852691489394
3712,16.34396926128628,Outgoing,46-55,87.30624639598706
3713,16.57713493673201,Outgoing,18-25,61.8403271458137
3714,19.686080738116722,Incoming,18-25,47.37419812093278
3715,13.71615504320156,Outgoing,46-55,57.8860236158186
3716,20.117634568974363,Outgoing,56-65,75.1989760285201
3717,24.996698088027074,Incoming,36-45,62.71335385530234
3718,25.8664264078705,Outgoing,46-55,100.89575158131697
3719,15.12741739554212,Outgoing,56-65,85.33743464546788
3720,21.279404002320753,Outgoing,26-35,25.709810763920384
3721,8.97706464501168,Outgoing,46-55,78.10825278201932
3722,11.947987683093688,Outgoing,56-65,80.15477517386444
3723,8.783866209166204,Incoming,46-55,70.38048553030558
3724,16.679787178682446,Outgoing,26-35,31.24338760857453
3725,10.98546506548039,Outgoing,26-35,82.9798971786561
3726,6.355145088366438,Outgoing,36-45,61.509653992158626
3727,14.297963441931946,Outgoing,26-35,29.7189662356851
3728,4.899913569533336,Outgoing,26-35,63.91737724720503
3729,26.290351725522996,Outgoing,36-45,83.29925079305603
3730,13.097338571297083,Incoming,46-55,33.93758776177077
3731,23.897212515466904,Incoming,46-55,33.94709148027255
3732,13.555527569755197,Incoming,36-45,73.21912327704499
3733,8.635435218345794,Outgoing,46-55,64.17668213286011
3734,25.228667799491433,Outgoing,46-55,75.53268852593644
3735,17.62092508175417,Outgoing,56-65,56.77521926750218
3736,30.208365001386078,Incoming,36-45,117.72189419673552
3737,13.734339516367493,Incoming,36-45,46.21199014892528
3738,13.88548790303497,Incoming,18-25,71.7283084645409
3739,24.033535895533763,Incoming,56-65,43.6070943964536
3740,24.082268553493314,Incoming,46-55,19.992556933688313
3741,18.074012705602563,Outgoing,18-25,51.93960548849589
3742,40.34687732865701,Incoming,56-65,48.094968121998846
3743,15.036074453757541,Incoming,46-55,99.67102647760485
3744,8.113757341216877,Incoming,56-65,66.01722150796374
3745,9.982114715934992,Incoming,26-35,35.79991642831349
3746,15.076823574485413,Incoming,46-55,56.63976888674457
3747,27.631425038441556,Outgoing,56-65,32.57933456807829
3748,15.695592964973239,Outgoing,56-65,48.94713858348757
3749,27.962364688562964,Incoming,18-25,81.12027548422009
3750,20.040975807646873,Outgoing,56-65,67.0086582830225
3751,24.583585074523615,Incoming,26-35,13.893005033705606
3752,19.71018038638763,Outgoing,26-35,35.328166744608424
3753,19.65473604635356,Incoming,56-65,34.34783500657777
3754,22.268974207742524,Incoming,46-55,37.87523730062266
3755,13.033040625399781,Incoming,18-25,62.42141552246735
3756,13.110005188167587,Outgoing,46-55,81.18884101996025
3757,19.446828903152163,Incoming,56-65,46.61481051642453
3758,30.58778032854216,Outgoing,26-35,39.30160428793724
3759,6.214727423131141,Incoming,36-45,75.91402292959798
3760,2.79570066391981,Incoming,18-25,62.849236279626545
3761,15.15379314639971,Outgoing,46-55,41.98022686014653
3762,24.215929563456214,Incoming,26-35,45.29789917697697
3763,17.35963259976127,Outgoing,46-55,47.74593417869108
3764,8.814691072294686,Incoming,56-65,82.77579688633631
3765,17.553654478064715,Outgoing,46-55,66.04367800897467
3766,4.869187509817888,Outgoing,18-25,100.87478202058087
3767,21.402419426119224,Incoming,36-45,68.70936047748235
3768,14.83624388482836,Incoming,36-45,32.848483760998946
3769,16.42577250318199,Incoming,56-65,13.321871772807519
3770,19.990298293577997,Incoming,18-25,39.443843694555085
3771,18.439822421632766,Outgoing,36-45,14.221828105397087
3772,13.211182983882221,Outgoing,26-35,35.55402675296329
3773,24.235289863525296,Outgoing,46-55,55.49568959846771
3774,22.578527952473372,Outgoing,56-65,22.50942826948839
3775,4.580010654430147,Outgoing,26-35,74.66971499578244
3776,15.38830129969181,Incoming,56-65,42.34578861213107
3777,9.43799244412606,Incoming,18-25,75.01039045231926
3778,8.123593305632042,Outgoing,56-65,31.372920534072367
3779,20.745935364581335,Incoming,36-45,73.09878736419012
3780,14.065171035343317,Outgoing,18-25,42.38015833589978
3781,16.00059845737513,Outgoing,56-65,49.088864814078285
3782,12.312205463560577,Incoming,26-35,39.12025020695247
3783,19.591228169738795,Outgoing,18-25,51.23945930970096
3784,21.74842819723322,Incoming,18-25,69.39904115937534
3785,32.19178404083428,Incoming,56-65,20.54234014392067
3786,15.73318014851294,Outgoing,56-65,110.54615023392407
3787,6.861077676571419,Outgoing,18-25,110.82684056355299
3788,13.472744166979375,Outgoing,46-55,42.491363937143916
3789,22.929419449671595,Incoming,46-55,79.91102437420099
3790,11.591483669087843,Outgoing,36-45,25.102426048292894
3791,6.625106803815136,Outgoing,18-25,14.013500328566352
3792,11.737276195983508,Incoming,46-55,103.32279614536047
3793,13.2664385757548,Incoming,26-35,74.84348633986441
3794,9.421313164247405,Incoming,18-25,58.92125550453424
3795,18.52233559881506,Incoming,46-55,73.86026052201325
3796,16.44684403155296,Incoming,56-65,38.36868690829631
3797,22.52793668573158,Incoming,26-35,57.676142792377746
3798,13.878981155520876,Outgoing,36-45,61.086232793170225
3799,20.906453379979514,Incoming,46-55,18.979621043931076
3800,13.554104441834339,Incoming,56-65,83.93816703921908
3801,9.092713467338848,Outgoing,26-35,43.8642013700329
3802,13.19886605327847,Incoming,26-35,25.727493069150484
3803,5.672129676647918,Outgoing,36-45,97.2984244382531
3804,29.51750947988085,Outgoing,56-65,85.96958479090881
3805,17.997498234502014,Outgoing,46-55,49.84950809807064
3806,11.43215176768676,Outgoing,18-25,23.769970751593895
3807,14.356490864025577,Incoming,26-35,68.3731569238524
3808,0.0,Incoming,46-55,56.940972948205996
3809,27.040472575502722,Incoming,18-25,110.0091636742722
3810,26.355836309499637,Incoming,46-55,88.73130951952157
3811,17.752793329120674,Incoming,46-55,43.77475794624107
3812,19.236236072443845,Outgoing,26-35,91.71079795416563
3813,8.126262561520377,Incoming,26-35,89.054627315478
3814,8.635210733176379,Incoming,46-55,11.496844943918475
3815,5.118926955685875,Incoming,46-55,69.84936927110587
3816,15.872523399584864,Incoming,36-45,85.57777158460117
3817,24.427247834061525,Outgoing,18-25,45.01662130220343
3818,14.317497599083584,Outgoing,56-65,24.369695078669157
3819,19.43387081124332,Outgoing,56-65,130.51855729150492
3820,23.85183726425496,Outgoing,36-45,95.06387400675735
3821,5.631295254153732,Outgoing,46-55,62.346707904606994
3822,29.918957977654934,Outgoing,46-55,2.4250961233962016
3823,25.101242712018873,Outgoing,36-45,45.69615927082344
3824,20.597249024322984,Incoming,56-65,105.2488863838405
3825,23.46866171375251,Incoming,26-35,89.64892281739372
3826,23.797534122925487,Incoming,26-35,49.41028697843589
3827,19.048479206128686,Outgoing,46-55,43.591103717559115
3828,26.997945670247987,Incoming,18-25,92.76321485930377
3829,13.831377559677824,Incoming,56-65,50.20322099188356
3830,20.232678436367788,Outgoing,18-25,53.19793832599905
3831,26.251499608750418,Incoming,46-55,67.12927988468238
3832,0.0,Incoming,56-65,71.1073250642136
3833,20.065743421819104,Outgoing,26-35,28.836455912789763
3834,22.07223484910348,Outgoing,26-35,71.83069482101251
3835,5.040910438808902,Outgoing,18-25,31.422494272148832
3836,18.972740602116087,Incoming,56-65,88.84858541727948
3837,11.444058137482529,Outgoing,46-55,47.92470742661375
3838,19.777643971138655,Incoming,36-45,63.678041042955805
3839,16.335004925124743,Incoming,36-45,0.0
3840,10.375702815807948,Incoming,36-45,77.36183410040779
3841,24.76764564521016,Incoming,46-55,80.83802346838789
3842,14.071444832073464,Incoming,36-45,43.43485608838503
3843,18.88974655815108,Incoming,18-25,22.09294491945061
3844,26.198333364388688,Outgoing,26-35,21.303818370266917
3845,10.58313853931773,Incoming,36-45,56.458154454637935
3846,17.05634473580979,Incoming,26-35,28.50058863025885
3847,13.532709984696623,Incoming,18-25,54.764475746615375
3848,15.094742488235932,Outgoing,56-65,59.33376392161269
3849,32.0925964553452,Incoming,56-65,62.14709802163248
3850,20.197431188491958,Outgoing,46-55,92.40536626564838
3851,19.195148736355442,Outgoing,26-35,89.15688723655032
3852,20.668611337520222,Outgoing,46-55,60.34901534588959
3853,20.011817393077262,Incoming,36-45,73.1926825065747
3854,4.219305227103719,Incoming,46-55,66.42668078263951
3855,33.07732574365545,Outgoing,18-25,93.21315138141681
3856,6.749413324029488,Outgoing,46-55,60.210891343446214
3857,29.12815986218397,Outgoing,36-45,79.73003904553394
3858,21.32610755515576,Outgoing,36-45,111.82628897587398
3859,18.265453126941303,Incoming,18-25,67.2867193675183
3860,14.861605167463509,Outgoing,26-35,44.80068597685503
3861,35.236123857653084,Incoming,56-65,45.87316602810513
3862,21.231426921220983,Outgoing,18-25,38.37924966034694
3863,17.123816454428795,Outgoing,56-65,75.85603437842833
3864,13.25316106842762,Incoming,18-25,65.88543846988226
3865,12.413962118770401,Outgoing,18-25,47.864536563870004
3866,17.3542759302055,Outgoing,46-55,95.37956619393441
3867,10.485778778371298,Incoming,46-55,46.997059400782554
3868,21.75755733561322,Incoming,46-55,59.22666270450131
3869,12.480503429345639,Incoming,18-25,37.308059095047255
3870,24.03468860112077,Outgoing,46-55,54.10132393437166
3871,23.878111669179006,Incoming,18-25,36.763756571793195
3872,16.611950246130654,Incoming,46-55,54.2434832408982
3873,21.06211560898484,Incoming,56-65,30.61008604485672
3874,21.412547366687587,Outgoing,26-35,44.03981292635902
3875,6.763678735986398,Incoming,46-55,39.030682390945564
3876,29.12185092057537,Outgoing,36-45,40.277553425462244
3877,15.20979399998992,Incoming,26-35,34.15996855971244
3878,21.869014593909903,Outgoing,36-45,48.18434797363939
3879,22.065364577369767,Outgoing,26-35,0.0
3880,0.0,Incoming,46-55,73.32072691845762
3881,12.401495636753715,Outgoing,56-65,63.47622748272813
3882,22.882581742982392,Incoming,46-55,63.83875924184787
3883,17.435767216046422,Outgoing,18-25,51.94846718878076
3884,21.822785354366488,Outgoing,36-45,87.59290841839552
3885,17.64656593011629,Outgoing,26-35,38.281642089536284
3886,25.605672556622014,Outgoing,56-65,13.65574947848286
3887,17.798237219110874,Outgoing,36-45,62.72740423817072
3888,26.968623677463334,Outgoing,56-65,103.60940842094718
3889,10.139799959515688,Incoming,36-45,92.06498247278714
3890,16.106519513647388,Incoming,46-55,78.78372527245487
3891,12.846203019925733,Incoming,18-25,112.57851386361874
3892,19.720452448435857,Outgoing,36-45,45.62351914197284
3893,15.049324385821965,Outgoing,56-65,44.39320535710954
3894,15.393400690344542,Incoming,46-55,49.36292961531598
3895,12.066635457248273,Outgoing,26-35,0.0
3896,13.774851381500193,Incoming,26-35,92.24780160500174
3897,16.928060552583258,Incoming,46-55,55.643180537716546
3898,2.8505839417177903,Incoming,26-35,39.8986917490087
3899,0.8876530077817613,Outgoing,56-65,50.52586851128877
3900,17.414021596152377,Incoming,18-25,31.73764753337339
3901,0.0,Outgoing,46-55,56.61518816458675
3902,15.648004062343501,Incoming,18-25,42.47995912729957
3903,14.359853671661503,Outgoing,18-25,43.64673929539516
3904,20.794265089026112,Outgoing,46-55,33.13109819791868
3905,12.295871346636496,Incoming,36-45,56.10572123026159
3906,27.986603385043765,Outgoing,56-65,42.4970633073345
3907,22.93714011261304,Outgoing,46-55,88.99215241142304
3908,6.413941778439401,Incoming,56-65,68.49389285692959
3909,15.009575497679602,Incoming,18-25,22.299244342174283
3910,27.690296009287124,Incoming,18-25,70.3348548314056
3911,12.116576662203261,Outgoing,36-45,63.552039884825106
3912,16.629753724822123,Incoming,18-25,56.76524401769154
3913,26.828893030983437,Outgoing,46-55,51.0742859121544
3914,13.215830687560553,Incoming,56-65,84.41585201157338
3915,24.860859580580247,Incoming,36-45,27.343728656714458
3916,10.630002781704667,Incoming,46-55,53.29796035831383
3917,0.0,Incoming,56-65,13.08586959182687
3918,25.599705215084388,Outgoing,56-65,68.33680364525627
3919,20.07114528040233,Outgoing,26-35,53.38649174219709
3920,20.53194992734126,Outgoing,26-35,30.48288842720136
3921,9.349260460863078,Incoming,46-55,59.61709651215143
3922,9.906531684521957,Outgoing,36-45,89.1079038254583
3923,25.05305563815298,Outgoing,56-65,57.78556555678246
3924,18.70245115182984,Outgoing,56-65,15.625738328055498
3925,16.17780759863568,Outgoing,46-55,54.533367080394825
3926,18.546486634799148,Outgoing,36-45,62.36504668237651
3927,27.559538710086102,Incoming,18-25,37.68317054802546
3928,22.065817589367988,Outgoing,36-45,110.4955089658066
3929,13.677483618303894,Outgoing,18-25,18.765453607073972
3930,7.175584972159637,Incoming,56-65,0.0
3931,21.116376332794495,Outgoing,26-35,31.57391015344582
3932,10.532223925560398,Incoming,26-35,6.287190716373551
3933,8.723361436668641,Outgoing,46-55,78.60603195365597
3934,26.210244308118472,Outgoing,36-45,81.53892181046832
3935,23.106840227307025,Outgoing,36-45,14.731842971703145
3936,19.699801486763484,Incoming,18-25,27.785876888009216
3937,8.331220573439253,Outgoing,46-55,24.627690128548192
3938,29.524862425369577,Incoming,36-45,54.43098148189962
3939,24.20207820301095,Incoming,46-55,66.75629736222226
3940,14.87350079256324,Outgoing,18-25,92.38662091476317
3941,13.39303959287394,Outgoing,56-65,65.61776677897015
3942,17.54942818916254,Outgoing,46-55,46.58070952383526
3943,13.651069334229442,Incoming,26-35,45.447531059011844
3944,32.482977697495755,Outgoing,56-65,57.440851876590166
3945,14.301301377065947,Incoming,36-45,58.947589820457566
3946,9.52481989921841,Incoming,18-25,51.93672515646924
3947,28.118911008331544,Outgoing,18-25,57.434189007602505
3948,13.016567166990255,Incoming,26-35,54.40217476824554
3949,22.5050107568171,Incoming,46-55,18.704849645157395
3950,21.727713242602494,Outgoing,26-35,58.69708910705168
3951,16.59006564618462,Outgoing,46-55,33.134078537281695
3952,10.189022648341126,Incoming,26-35,60.16307284600627
3953,16.662719511151266,Outgoing,26-35,67.23546098922968
3954,8.810972255674468,Incoming,18-25,84.4319319096626
3955,16.833975662241677,Incoming,46-55,54.165800020864765
3956,22.409470265217607,Incoming,26-35,39.044518846412146
3957,29.024460463343985,Incoming,36-45,76.10920385292745
3958,9.385056188389981,Incoming,18-25,56.585826303573064
3959,15.246789772028507,Outgoing,18-25,104.08972265021607
3960,13.326322410423035,Outgoing,18-25,19.54860643079219
3961,18.916175642552417,Incoming,18-25,40.49980353272391
3962,6.34734136582426,Outgoing,26-35,37.16850309000108
3963,10.499361260125234,Outgoing,26-35,101.10389414684937
3964,5.155884093519552,Outgoing,18-25,66.37164763290356
3965,6.931868215344272,Outgoing,26-35,8.2264874737402
3966,12.376935442615402,Incoming,26-35,10.166116671173413
3967,28.696178289781212,Incoming,46-55,76.47396017628736
3968,19.433203338528433,Outgoing,36-45,28.55398619464239
3969,17.454971115198646,Incoming,46-55,55.1333277415475
3970,26.428202028199394,Incoming,56-65,49.836240741031325
3971,19.685185168283933,Incoming,46-55,104.4565825803416
3972,20.34303277977905,Incoming,36-45,49.07501686816293
3973,13.688828743741391,Incoming,36-45,44.44558688522877
3974,12.538701510736427,Outgoing,46-55,69.10557940338768
3975,7.822111351880066,Incoming,46-55,82.80182329421834
3976,12.792373037710256,Incoming,56-65,58.0638954002868
3977,15.036336101306633,Incoming,18-25,0.0
3978,19.413032632618442,Outgoing,36-45,75.21863843176972
3979,16.742691094687075,Outgoing,18-25,21.07409342614897
3980,14.44451373892618,Incoming,56-65,16.613187461579685
3981,10.618262736722755,Incoming,26-35,42.69359499311134
3982,19.793887655686472,Outgoing,26-35,58.126618317357504
3983,13.515637390763114,Incoming,18-25,91.46798736670596
3984,19.476575555943924,Outgoing,46-55,4.069803039460012
3985,3.6070952328452464,Incoming,36-45,58.868930530626756
3986,19.35494814078926,Incoming,18-25,91.94061376558727
3987,22.22834831957367,Incoming,46-55,52.45748048687125
3988,21.336716015546237,Incoming,56-65,74.27103256374268
3989,15.622957022545137,Outgoing,46-55,72.16954871399885
3990,23.40722820797064,Incoming,56-65,40.76438716851122
3991,8.08928781930907,Outgoing,18-25,70.17661414995574
3992,16.37555754355429,Outgoing,26-35,57.932612343254746
3993,15.646229391875107,Outgoing,36-45,47.056279678845755
3994,24.25479782328761,Outgoing,18-25,94.90730365944276
3995,2.856547806328164,Outgoing,26-35,50.63629334606875
3996,9.593091974508901,Incoming,56-65,92.755128992193
3997,29.230755660413607,Outgoing,36-45,46.47657954144469
3998,0.0,Outgoing,46-55,51.80386495616734
3999,22.700967801812503,Incoming,18-25,49.181996789969205
4000,12.097709858810004,Outgoing,46-55,81.24282579583738
4001,18.7829182255227,Outgoing,36-45,33.38452265112484
4002,26.896476827015476,Incoming,18-25,66.53668693050746
4003,19.05244809755181,Outgoing,18-25,64.88509375135918
4004,27.041733637327123,Outgoing,46-55,65.03028767809921
4005,13.553555734492388,Incoming,46-55,106.22585288157126
4006,14.478766209099646,Outgoing,26-35,49.687582219963225
4007,22.507895741934078,Outgoing,46-55,123.30089749825798
4008,13.923986778023679,Incoming,56-65,83.03576777346075
4009,21.18142466726602,Incoming,26-35,18.829435979964146
4010,25.28662951604378,Outgoing,46-55,26.51763829554249
4011,23.078358260011722,Incoming,18-25,80.68259784779767
4012,5.947619041873924,Outgoing,46-55,36.39031922468334
4013,14.610334560653346,Outgoing,36-45,61.15502569203978
4014,18.972827388383752,Incoming,26-35,37.67392620774581
4015,15.292745222594256,Outgoing,18-25,43.434764785900505
4016,17.555562093740733,Incoming,46-55,48.62749508378565
4017,19.06549520988482,Incoming,36-45,79.6415938833837
4018,13.314023154977011,Incoming,26-35,49.3640780818665
4019,15.645927836808953,Incoming,26-35,90.67382789069185
4020,8.732756903952014,Incoming,26-35,30.621481978875842
4021,13.65510749164875,Outgoing,18-25,74.86157919534324
4022,6.313249780639293,Outgoing,46-55,60.34478164591296
4023,17.815476869848837,Outgoing,18-25,24.125492178439085
4024,15.647444569490151,Incoming,56-65,40.253592138760844
4025,10.589433515659596,Incoming,46-55,52.05617076998725
4026,29.496818661801928,Incoming,56-65,85.98944628896041
4027,15.282119618672114,Incoming,46-55,51.8521376556478
4028,19.00587060855734,Incoming,26-35,106.69657279721476
4029,12.529567846081763,Outgoing,18-25,47.0356257689011
4030,14.099563854838898,Incoming,56-65,57.46025047873969
4031,19.27089429593975,Incoming,26-35,88.05777601020179
4032,14.674242651351786,Incoming,26-35,23.516623380065617
4033,17.023123498217874,Outgoing,56-65,85.04078590422893
4034,22.647772307474252,Outgoing,46-55,38.74399462102273
4035,13.373816743368033,Outgoing,56-65,49.16655170425278
4036,7.674871717334794,Incoming,18-25,61.26323578198994
4037,6.316149972251106,Incoming,36-45,34.81375531076219
4038,27.06907325470804,Incoming,46-55,121.53728367622148
4039,23.518026904028986,Outgoing,26-35,60.571180364633435
4040,21.590597670314175,Incoming,56-65,58.445156529371474
4041,13.947630358895912,Incoming,36-45,40.26057497074759
4042,7.668439923085161,Outgoing,56-65,21.454240995976612
4043,15.023888705526968,Outgoing,36-45,83.40269087983276
4044,16.346519400997682,Outgoing,46-55,48.22713782251972
4045,9.079138332769048,Outgoing,56-65,63.27080498415943
4046,6.7124058086596605,Outgoing,56-65,30.594225933506255
4047,4.887811755172473,Outgoing,36-45,75.34757831350004
4048,21.60175231280691,Outgoing,18-25,47.13262679601023
4049,8.5624917935789,Outgoing,26-35,13.6865702830587
4050,19.165872245011567,Incoming,36-45,47.764065112945715
4051,14.215401026149262,Outgoing,56-65,74.47235279618356
4052,21.127465361432954,Incoming,36-45,69.6958785922416
4053,19.350771583783118,Outgoing,36-45,64.59322458415305
4054,15.376438074760996,Incoming,56-65,54.120958992214554
4055,17.91317397646452,Incoming,56-65,55.960931813834804
4056,16.22764724136301,Incoming,18-25,41.10356629417946
4057,12.692569945568499,Incoming,18-25,84.03647342393782
4058,23.86057949820504,Outgoing,18-25,53.73452123202639
4059,14.038483727306012,Outgoing,56-65,41.850560459857185
4060,16.39204897623964,Incoming,46-55,99.78051003404843
4061,7.094124302397457,Incoming,18-25,85.9555843250209
4062,18.91831222691369,Outgoing,26-35,57.42790662018936
4063,12.725928819981771,Outgoing,46-55,46.224825822792056
4064,13.662059385894683,Outgoing,18-25,46.985081573369705
4065,11.123073973808907,Incoming,26-35,30.91773564908464
4066,16.13202486478156,Incoming,56-65,78.82077987915784
4067,2.9546916947410473,Outgoing,26-35,100.97274217650576
4068,21.776499090392818,Outgoing,18-25,69.32647715938246
4069,16.7293465772454,Incoming,36-45,93.79155033846197
4070,13.72900079158455,Outgoing,36-45,76.52573694646233
4071,6.162385339463576,Outgoing,26-35,18.257301151345885
4072,20.03146680535979,Outgoing,56-65,91.58624441928261
4073,12.559707077934469,Incoming,46-55,49.389748542684586
4074,26.1426080917382,Incoming,36-45,60.47931180448177
4075,20.404232736308476,Outgoing,46-55,32.2557114876286
4076,27.74258982080986,Incoming,56-65,11.129698924076017
4077,17.958790285520003,Outgoing,36-45,39.44330333584548
4078,24.544759328135086,Incoming,56-65,61.856155046505876
4079,20.23939731708752,Outgoing,18-25,58.22222103210193
4080,13.843130114573425,Incoming,46-55,74.92271631183013
4081,18.310470129388943,Incoming,18-25,62.25345783678515
4082,11.162096134787447,Incoming,56-65,58.82264131568201
4083,31.481456030820603,Outgoing,56-65,41.40168666104929
4084,16.293944232062106,Outgoing,26-35,105.60653288555017
4085,17.183472040630555,Incoming,26-35,104.23914063878885
4086,19.729901031434633,Outgoing,36-45,61.70168986202274
4087,9.391382729782906,Outgoing,18-25,20.368096740933737
4088,26.24959773966603,Incoming,18-25,64.23557291129123
4089,9.822693144623642,Outgoing,56-65,23.50368127409925
4090,8.239706063470242,Incoming,26-35,20.067074699820857
4091,15.83433191107882,Outgoing,46-55,79.99033213269253
4092,8.04491751547291,Incoming,56-65,33.64759796174599
4093,27.933583753339633,Incoming,18-25,42.69560709123215
4094,15.385077112218614,Incoming,18-25,77.94579552920285
4095,0.0,Outgoing,56-65,66.86347177537645
4096,18.399639626875295,Incoming,56-65,72.5153611758378
4097,20.874541907978283,Incoming,56-65,99.99323020068823
4098,14.049974261268476,Incoming,18-25,41.6640522495879
4099,7.508748819671538,Incoming,46-55,63.51331643142207
4100,16.276850883334514,Outgoing,18-25,92.57038805867629
4101,13.628061729412089,Outgoing,56-65,31.924234962697405
4102,10.170996560986747,Incoming,26-35,51.704118307380924
4103,9.553224509336747,Outgoing,46-55,76.58792472377112
4104,18.093650242561694,Outgoing,36-45,24.202372921578164
4105,23.32115260272759,Outgoing,18-25,60.753760086830034
4106,20.23080686597968,Outgoing,46-55,47.80729233329047
4107,4.90401498988134,Incoming,46-55,32.33201678112178
4108,21.30834603189188,Incoming,56-65,85.08081954815661
4109,22.407318084189342,Outgoing,46-55,77.96176697336875
4110,26.755877255934365,Incoming,18-25,68.3591990381899
4111,10.350785707356737,Incoming,26-35,72.6877748639169
4112,16.60378152444761,Outgoing,46-55,45.002738073696186
4113,20.972669752126823,Outgoing,18-25,56.33864032257535
4114,13.307124113022724,Incoming,56-65,34.463585615965826
4115,20.8633689524264,Outgoing,46-55,74.32778863794746
4116,16.831815716474647,Incoming,36-45,32.38580365257582
4117,11.074816283411176,Incoming,36-45,42.53140287490689
4118,11.671304329166176,Outgoing,26-35,29.430388822429457
4119,25.745025493923997,Outgoing,56-65,60.421433981079915
4120,10.025069363223297,Outgoing,18-25,48.523539391847564
4121,8.823998010812703,Outgoing,46-55,65.06316292321463
4122,19.410652053122668,Incoming,18-25,38.41719862023395
4123,16.785990509602538,Outgoing,36-45,36.125092343714
4124,7.818650358012832,Incoming,56-65,65.93709584701122
4125,13.364058781373327,Outgoing,18-25,51.643703634692
4126,11.282529652176127,Outgoing,46-55,126.03800056641117
4127,12.508327176271681,Outgoing,56-65,71.30607789137792
4128,34.67479277764652,Outgoing,46-55,58.52447729357917
4129,14.881940667281798,Outgoing,46-55,87.43502000554084
4130,10.831243390794961,Outgoing,56-65,80.0505979821992
4131,31.152512435597547,Incoming,56-65,59.584496201018155
4132,23.21778358734677,Incoming,46-55,131.14797381461437
4133,22.073778924097866,Outgoing,36-45,83.89703762923045
4134,11.168339939890433,Outgoing,46-55,27.15748027260908
4135,25.34038350380554,Outgoing,56-65,46.65513756017556
4136,22.71392211762987,Outgoing,26-35,10.234459536647037
4137,18.029627072866102,Incoming,18-25,18.38882889964995
4138,4.985878139894272,Incoming,46-55,129.585153383463
4139,16.860559982655204,Incoming,18-25,88.79318283347796
4140,29.10951499915765,Incoming,46-55,12.894870653135008
4141,18.542679738194284,Incoming,46-55,54.861766645068904
4142,14.36473431042696,Outgoing,26-35,46.10852664145829
4143,15.400798598379314,Outgoing,56-65,121.29134416537093
4144,15.885233852303283,Incoming,36-45,0.0
4145,11.402700503561428,Incoming,56-65,39.12973606166883
4146,16.711286194460293,Outgoing,18-25,39.392631965086515
4147,27.09914170681885,Outgoing,18-25,37.1724702844664
4148,26.30618415237685,Outgoing,46-55,61.443494268769335
4149,11.719648627731551,Incoming,56-65,77.20709105830859
4150,25.931281691854856,Outgoing,26-35,41.97185330310866
4151,22.32798918856925,Incoming,36-45,53.07636523448774
4152,21.433369763281636,Incoming,56-65,31.13159855687959
4153,20.023383171480937,Incoming,46-55,33.15875301397109
4154,10.487365348543811,Incoming,18-25,65.2777950495965
4155,14.16095270530019,Incoming,56-65,69.44553435661345
4156,22.83042882184928,Incoming,18-25,8.892950430859408
4157,8.551907592875367,Incoming,46-55,36.78622589300764
4158,9.714574262228869,Incoming,18-25,46.93248501202483
4159,19.14338197336134,Incoming,46-55,45.366628720696525
4160,11.473271375386277,Incoming,36-45,48.400076441681954
4161,22.767260475905367,Outgoing,26-35,0.0
4162,11.720474306204183,Outgoing,18-25,81.81221086639587
4163,18.710661014042028,Outgoing,56-65,53.072259794154405
4164,19.296500952555117,Outgoing,36-45,125.20011322692677
4165,13.625337254717662,Outgoing,26-35,70.70625496061582
4166,15.322473592417847,Outgoing,56-65,64.56495673511216
4167,12.239919639720316,Outgoing,56-65,33.571929788466164
4168,16.869767060434345,Incoming,46-55,40.459171365530956
4169,10.268189319384515,Incoming,26-35,75.06226062458076
4170,15.43544573952059,Incoming,56-65,48.08460475094706
4171,22.239437054566512,Incoming,56-65,37.6693505329105
4172,9.042742446575303,Incoming,56-65,102.23088156336792
4173,13.590514116154743,Outgoing,36-45,64.31755696175715
4174,20.627836869894644,Outgoing,26-35,74.85010464898676
4175,2.4564865282353647,Outgoing,46-55,47.31787073059793
4176,29.989088254795362,Outgoing,36-45,85.4940741580976
4177,24.316805398216534,Outgoing,36-45,41.74190620904968
4178,6.231650938338758,Outgoing,36-45,84.76107610231884
4179,2.2706294004777376,Outgoing,46-55,43.79131213466714
4180,17.207323111338432,Incoming,46-55,95.87095160579955
4181,9.158290628685192,Outgoing,36-45,87.7719333949035
4182,23.730453031388883,Incoming,36-45,44.525923845580635
4183,19.758015134921816,Outgoing,18-25,111.87945584701068
4184,17.863653114360893,Incoming,46-55,58.62856888950056
4185,13.008205304834783,Outgoing,56-65,98.08883237516184
4186,28.20005347852547,Outgoing,26-35,27.015894000754997
4187,22.274164705051795,Outgoing,26-35,72.63643286122833
4188,21.22216066314452,Outgoing,26-35,65.0441211680257
4189,25.400391752392096,Incoming,36-45,45.3325479611775
4190,9.867973955549914,Incoming,46-55,79.0948904551081
4191,25.99316508327363,Incoming,18-25,87.64793628844298
4192,15.147741925461538,Incoming,18-25,68.48062431289625
4193,19.343107876217147,Incoming,26-35,64.89908081808352
4194,15.904758932296467,Incoming,56-65,61.7068154830865
4195,3.854940755384904,Outgoing,56-65,68.17277163789599
4196,23.701437826805734,Outgoing,56-65,75.07113838377333
4197,4.2286167396478085,Incoming,56-65,73.81434623365075
4198,10.234355799911974,Incoming,18-25,70.22895961926534
4199,13.83022758700315,Incoming,18-25,43.96566337936134
4200,3.3246911779350476,Incoming,46-55,80.30612222818934
4201,9.295641640374043,Outgoing,18-25,69.45427165395395
4202,18.71374063548822,Incoming,46-55,64.75066562092856
4203,14.573441659251241,Outgoing,46-55,49.53892096874105
4204,15.150929883923945,Outgoing,36-45,79.76440952109184
4205,10.59495484307987,Outgoing,18-25,4.040221081983127
4206,17.323269266305225,Outgoing,56-65,53.63389321373723
4207,14.723263823623807,Incoming,26-35,45.31411070415557
4208,5.513242192871431,Outgoing,46-55,43.132584064674376
4209,15.593569313003504,Incoming,26-35,48.47027401703589
4210,8.306617211573016,Incoming,56-65,29.212679096730188
4211,23.283879783597953,Incoming,46-55,46.3855375237312
4212,14.25945285710977,Outgoing,46-55,25.602297908662255
4213,34.650671015115506,Incoming,18-25,65.36186253281676
4214,23.768317755650166,Incoming,36-45,78.55084413114422
4215,16.08811577298982,Incoming,26-35,81.28422572658673
4216,21.05635183256743,Outgoing,56-65,68.71679973225737
4217,2.3714056790185953,Incoming,36-45,40.97688438299305
4218,23.73665584836829,Outgoing,36-45,27.362888647669205
4219,11.257966519897554,Incoming,18-25,38.72477126615038
4220,17.628131259310475,Outgoing,46-55,47.07761910389062
4221,11.906642410049919,Outgoing,56-65,39.238668933800156
4222,12.650771373296465,Incoming,36-45,115.71959974093286
4223,15.732075370144022,Outgoing,36-45,72.6224484981137
4224,17.537829425046326,Incoming,26-35,69.48009280895369
4225,16.811588834474954,Incoming,56-65,62.769465026648874
4226,16.986107631033804,Incoming,56-65,42.43054770963427
4227,5.620221047629897,Incoming,36-45,58.44189807089701
4228,33.32434722984876,Incoming,46-55,72.41962857924278
4229,18.62386230347607,Incoming,56-65,79.11158799096039
4230,20.062971419459924,Incoming,56-65,62.431023778777096
4231,14.620062224434573,Outgoing,26-35,74.0689759163482
4232,10.880917138096649,Incoming,26-35,43.00566490330408
4233,18.057250116791224,Incoming,26-35,15.73047505011997
4234,19.024938374487192,Outgoing,46-55,87.87732824530254
4235,26.112662142183133,Outgoing,46-55,40.12874950954168
4236,31.543323784603583,Outgoing,56-65,40.02397807463443
4237,27.339156827931504,Outgoing,46-55,33.05019199066007
4238,4.634297536060286,Outgoing,26-35,62.71607777334405
4239,13.77707301433145,Incoming,46-55,41.542023678198554
4240,19.350719839680572,Incoming,56-65,92.2022922946133
4241,14.198000433112963,Incoming,36-45,91.53713540779526
4242,16.693212282779847,Incoming,18-25,64.69616038852884
4243,1.984046291347731,Outgoing,46-55,37.527252815144344
4244,23.39949100688313,Outgoing,36-45,101.48407959355646
4245,3.87181332835479,Incoming,56-65,83.85740366406009
4246,5.992573330968668,Incoming,36-45,38.35540245765019
4247,9.897304509958479,Incoming,36-45,65.58963876889489
4248,16.317262323618404,Incoming,36-45,62.19066394051897
4249,5.640922513747986,Outgoing,26-35,69.73110454267575
4250,9.577254361546187,Outgoing,46-55,58.699310265577395
4251,25.04261529616681,Incoming,36-45,55.57794749367029
4252,16.21347752882203,Outgoing,56-65,128.46725193939523
4253,20.034828850886434,Incoming,18-25,69.93850726027264
4254,8.346300510251789,Outgoing,18-25,38.77854693903213
4255,16.62314782809939,Outgoing,18-25,45.31490580013148
4256,16.04893375582042,Outgoing,26-35,102.40377401173973
4257,11.433106703655273,Outgoing,46-55,47.956530345268135
4258,16.64246027117499,Incoming,18-25,33.17109514981577
4259,3.755122950239574,Incoming,26-35,58.04962580538677
4260,20.07026121035292,Incoming,56-65,52.11787845008662
4261,14.203550977128,Incoming,56-65,91.83349519801493
4262,15.199464257235656,Outgoing,26-35,96.61165762919899
4263,22.962360614817484,Incoming,46-55,49.5568804186308
4264,20.024234342206064,Incoming,56-65,77.7111193995252
4265,14.771625676572217,Incoming,46-55,53.77905611144219
4266,9.183897796215767,Incoming,26-35,36.95170519007776
4267,26.300629833513135,Outgoing,56-65,101.97679668357085
4268,7.619145986506201,Incoming,56-65,106.02196242065335
4269,21.405568318208058,Outgoing,36-45,66.07756006405518
4270,5.818242390555442,Outgoing,56-65,41.67173648951395
4271,23.425113122015876,Outgoing,18-25,32.89792888919665
4272,24.07420597018498,Outgoing,36-45,73.9783631370534
4273,3.6117240976807246,Outgoing,26-35,90.78807161706001
4274,20.145345368815544,Incoming,18-25,61.314912147390736
4275,19.565525534248984,Outgoing,18-25,85.22001301497644
4276,21.921345132802184,Outgoing,46-55,52.55090258436973
4277,19.55668192512823,Outgoing,36-45,43.97113400957366
4278,10.263790150468443,Incoming,46-55,64.44756253425791
4279,15.479369227710905,Outgoing,36-45,7.84251235946126
4280,28.652525755037786,Incoming,36-45,46.006505481280634
4281,9.245305668352987,Outgoing,18-25,78.68579863636675
4282,19.260005708458205,Incoming,56-65,0.0
4283,25.058777117685352,Outgoing,46-55,26.151913405114886
4284,10.064730337975485,Incoming,46-55,54.946924898518986
4285,7.082493470189307,Incoming,18-25,28.488275466483653
4286,8.137283664442128,Incoming,56-65,46.436070168050925
4287,19.764799531034797,Incoming,36-45,7.465619383166668
4288,8.077773589058141,Outgoing,36-45,74.36593060784676
4289,16.052479715575465,Incoming,56-65,85.70412832280012
4290,26.598899774122543,Incoming,36-45,20.400451816637357
4291,16.640843129139583,Outgoing,46-55,63.700668290287176
4292,11.555310482874374,Outgoing,46-55,53.35778169573192
4293,17.8778677089937,Incoming,46-55,69.91459600985972
4294,16.519290021521723,Outgoing,18-25,95.21940299301852
4295,20.168603471622696,Incoming,36-45,29.786265227721692
4296,28.334011876731964,Incoming,18-25,89.84353096285352
4297,19.77738201185883,Incoming,36-45,100.6289216304637
4298,31.236477582361328,Outgoing,46-55,15.016939190615673
4299,20.187113324342796,Outgoing,46-55,83.10394675754972
4300,11.628680951043691,Incoming,56-65,36.89571490201041
4301,33.0181209596002,Incoming,36-45,74.35521735699574
4302,16.126273878583483,Incoming,26-35,38.76792573704176
4303,9.615754376762965,Outgoing,18-25,44.570684495105596
4304,33.26610064540954,Outgoing,46-55,42.16332751986845
4305,11.868181796736643,Outgoing,56-65,34.32169837049659
4306,11.593273975748733,Outgoing,56-65,77.09569754946553
4307,13.139706443689139,Incoming,46-55,70.46371483906597
4308,18.152384893255434,Incoming,36-45,71.0914944531378
4309,23.516029782142212,Incoming,56-65,49.16909529127363
4310,0.0,Incoming,36-45,51.6851946142476
4311,23.485503397180512,Outgoing,56-65,67.73439460832304
4312,13.118257783692584,Incoming,18-25,38.17526211747304
4313,14.109738897879065,Outgoing,36-45,46.08746878516357
4314,29.006342676449222,Outgoing,56-65,81.44499747585046
4315,18.493157119082998,Outgoing,46-55,68.04809670927224
4316,20.13390943505571,Incoming,26-35,87.27482775207822
4317,16.66007919626306,Incoming,46-55,0.0
4318,22.34549808717635,Incoming,36-45,95.008007545803
4319,28.326074010684145,Incoming,46-55,81.4403205493754
4320,0.0,Incoming,46-55,81.90503649416328
4321,24.5923259351537,Outgoing,26-35,17.962119376521805
4322,27.82923144712747,Incoming,46-55,44.46803050738494
4323,20.507442735304146,Incoming,56-65,47.64835715531656
4324,12.258463041066058,Incoming,18-25,62.480661546993225
4325,8.934092864698759,Incoming,26-35,102.69499245323692
4326,33.53291980839283,Outgoing,36-45,63.41800084232384
4327,10.66511419363995,Outgoing,56-65,87.60617016814686
4328,27.623490997393763,Outgoing,36-45,93.11836754035573
4329,19.733579271330402,Incoming,26-35,75.5311357646558
4330,31.320815642103746,Outgoing,26-35,63.88165337071708
4331,14.77217884983094,Incoming,46-55,89.2422775066542
4332,5.746933534681787,Outgoing,26-35,18.83089069457818
4333,17.015195930371597,Incoming,36-45,74.05832191347686
4334,6.594866534697083,Incoming,26-35,96.55870296663682
4335,35.73942371845318,Outgoing,18-25,61.870093225241
4336,21.406487568566128,Outgoing,46-55,72.88789165289818
4337,22.446913145481204,Outgoing,26-35,83.73229067806005
4338,22.451391981182383,Incoming,18-25,48.716994367575126
4339,12.144872235636711,Incoming,36-45,133.38268248028004
4340,16.075786552380613,Incoming,36-45,27.8912607186321
4341,17.7725524195184,Incoming,18-25,11.039676425534523
4342,30.607219243936193,Incoming,18-25,75.41038983566493
4343,8.900357409923673,Outgoing,26-35,42.26697528853814
4344,11.899912771716403,Incoming,46-55,62.05098241501099
4345,14.459482256417893,Incoming,46-55,64.39640478307578
4346,12.284473386225512,Outgoing,56-65,68.61627645157054
4347,6.787514818377144,Outgoing,18-25,24.54816017507331
4348,0.0,Incoming,36-45,38.70954458933565
4349,4.212088740301365,Incoming,56-65,85.80315927874004
4350,24.69320952807043,Incoming,18-25,43.680320396650266
4351,16.942467693145456,Incoming,18-25,54.14344027200848
4352,22.848772413778487,Incoming,56-65,42.49093379812263
4353,12.922404828641465,Outgoing,46-55,68.80103860867368
4354,16.311650378186346,Incoming,18-25,45.94940185215637
4355,28.292102506712183,Outgoing,56-65,97.0181809857341
4356,27.86905823960192,Outgoing,26-35,36.70666533522625
4357,23.593804928145918,Incoming,26-35,20.389042542830545
4358,18.41692451103293,Outgoing,36-45,26.118805708702048
4359,20.625785992844683,Incoming,46-55,84.84611047491214
4360,19.594468090517747,Incoming,56-65,25.83188564174619
4361,15.831512444421175,Outgoing,46-55,22.06580240727584
4362,14.169411333917214,Outgoing,46-55,75.20446456867396
4363,24.85657561710788,Outgoing,56-65,101.10886025981938
4364,7.930607157727051,Incoming,18-25,109.70042154358262
4365,27.411507940740496,Outgoing,26-35,52.941208393055184
4366,15.071900352765299,Outgoing,36-45,0.0
4367,7.801625467116221,Outgoing,18-25,51.37845785039628
4368,13.181465996123714,Outgoing,46-55,86.73892406340795
4369,10.879144790361083,Outgoing,46-55,29.874048516989117
4370,12.97027953527305,Outgoing,56-65,42.04953987108461
4371,12.842325369189846,Outgoing,26-35,64.11110408977783
4372,12.56413660037344,Outgoing,26-35,86.16215637624946
4373,14.844300523021154,Incoming,36-45,32.057324527527925
4374,16.54658667557249,Incoming,18-25,83.31626818159879
4375,22.347017446266776,Outgoing,36-45,74.19168889426938
4376,15.285331576090302,Incoming,46-55,50.033666911997535
4377,19.28214564639316,Incoming,46-55,75.80399366746737
4378,17.052719184339765,Incoming,26-35,81.69264324519756
4379,20.784065393450717,Outgoing,46-55,97.88634583946867
4380,17.32672737759102,Incoming,18-25,94.33720211902022
4381,12.47224757278121,Incoming,18-25,28.028069829914354
4382,10.572602431515897,Outgoing,36-45,68.47521705707207
4383,18.471607189529504,Outgoing,18-25,55.45590974644354
4384,25.91364942930447,Incoming,46-55,65.71791810949479
4385,15.396127610931856,Incoming,56-65,57.67811340125324
4386,12.093954423202582,Incoming,26-35,60.56437557957281
4387,15.206805273099015,Outgoing,26-35,56.194611389990875
4388,13.070238423682577,Outgoing,26-35,40.91056221086582
4389,12.331136366216601,Incoming,56-65,62.59377957859598
4390,6.894837929498239,Incoming,46-55,79.5596300035999
4391,15.28914199616678,Outgoing,18-25,51.83100653007283
4392,18.650440076903713,Outgoing,46-55,43.58092507779072
4393,9.426670899613637,Outgoing,36-45,61.840637187069795
4394,10.851621748125023,Incoming,46-55,65.90924056225069
4395,10.363566038582508,Incoming,46-55,39.293696714042966
4396,7.293254230676588,Outgoing,26-35,46.44005527563869
4397,10.310855274525132,Outgoing,46-55,28.34044698724163
4398,15.615004998218287,Incoming,56-65,64.86117896597624
4399,7.605595357686129,Incoming,26-35,48.32747244122364
4400,16.03720272774615,Incoming,36-45,90.94452634828099
4401,12.075732452777096,Incoming,56-65,69.66181030562544
4402,10.497125588257935,Incoming,56-65,73.85498468965693
4403,19.640461714611927,Incoming,36-45,60.58162707227426
4404,12.519120762802682,Outgoing,18-25,78.67416496983833
4405,13.709902937526449,Outgoing,46-55,16.049255340101723
4406,26.08604767000152,Outgoing,46-55,56.16586804908848
4407,10.559610563806201,Incoming,18-25,48.83485194821262
4408,27.96112183314655,Incoming,36-45,85.27270172999813
4409,14.565462096631375,Outgoing,18-25,24.72986858697813
4410,9.047057569896245,Incoming,26-35,62.2765471315671
4411,13.122361612565882,Outgoing,26-35,88.88707347529439
4412,17.481424346356597,Outgoing,26-35,54.356047357368276
4413,25.78152701888499,Outgoing,18-25,54.22049585158056
4414,22.591773659942962,Outgoing,56-65,63.74501894413327
4415,17.447347948849956,Outgoing,26-35,51.438923280782326
4416,25.819691870423867,Incoming,18-25,66.91882636656038
4417,3.8327406649276003,Outgoing,26-35,84.53148302425714
4418,18.74609071041898,Incoming,26-35,64.88069701922859
4419,19.169578086379207,Incoming,46-55,56.24561494176752
4420,19.254997273052886,Outgoing,18-25,76.62061519912463
4421,5.728941838079036,Incoming,46-55,94.98744611389523
4422,9.881613188250686,Outgoing,36-45,40.62656017722788
4423,15.834679044895916,Incoming,26-35,104.30541193297928
4424,24.803540534730345,Incoming,26-35,42.35162213307764
4425,30.406851470023632,Incoming,46-55,66.18010682465074
4426,12.348953238916042,Outgoing,18-25,64.9704720500132
4427,7.831072456202328,Incoming,56-65,66.42954695096154
4428,22.710330054975852,Outgoing,56-65,15.70314815269387
4429,35.30059007910618,Incoming,36-45,25.732478645957777
4430,24.74858443310829,Incoming,18-25,46.80284987085651
4431,11.759570932041818,Incoming,18-25,40.253851187988964
4432,37.02797505252048,Outgoing,46-55,69.55432973289018
4433,21.807597343282396,Incoming,26-35,86.50219794298636
4434,11.462907504858144,Incoming,26-35,5.263770400739695
4435,30.540115164363975,Outgoing,18-25,27.646155427751875
4436,10.910057320208118,Incoming,56-65,43.07145743975795
4437,12.652380369366396,Outgoing,36-45,28.227384687022685
4438,22.08634575638787,Incoming,46-55,47.93302911805829
4439,16.825662774775218,Incoming,18-25,34.794039696447086
4440,17.25904992403337,Outgoing,36-45,68.48040638825593
4441,17.27084051149958,Incoming,18-25,124.10989098842704
4442,24.801359481091126,Outgoing,36-45,34.834776323807105
4443,0.7292655220186397,Incoming,36-45,87.58670367334635
4444,18.99159720120529,Outgoing,26-35,122.11015433229812
4445,14.968576360436375,Outgoing,46-55,39.42612745112673
4446,11.732527772285689,Outgoing,46-55,110.16686162205458
4447,11.71404507446666,Incoming,26-35,34.24760564190964
4448,0.0,Incoming,56-65,87.07266199534419
4449,11.41107327479164,Outgoing,46-55,36.05364662758838
4450,26.033239074575363,Outgoing,26-35,9.595191220713367
4451,22.824384146192777,Incoming,36-45,82.00323852969879
4452,15.660327663238553,Incoming,36-45,69.0162555004797
4453,7.121209947115407,Incoming,46-55,53.943112473487815
4454,22.753088405813898,Incoming,36-45,14.584055266494133
4455,26.16893888162293,Outgoing,46-55,88.80736002056203
4456,24.23936269558365,Outgoing,18-25,83.0387802969224
4457,10.218921115095412,Incoming,26-35,10.2017891748525
4458,10.94584923396119,Outgoing,56-65,61.41144311527826
4459,28.5913788119095,Outgoing,46-55,69.4949104037648
4460,8.535102709521276,Outgoing,56-65,27.279818794361606
4461,20.347493558608996,Incoming,26-35,80.82212962923809
4462,4.555846970487639,Incoming,26-35,118.19214755858295
4463,14.89779242838259,Incoming,18-25,82.6087224901224
4464,21.09605280514049,Outgoing,26-35,99.54793891214588
4465,16.79023830000521,Incoming,36-45,78.24407708113651
4466,20.667393247385753,Incoming,56-65,27.413638706653334
4467,8.416564470423781,Outgoing,26-35,76.64841257766386
4468,11.259986248530412,Incoming,26-35,22.83165052946061
4469,20.372728649492082,Outgoing,56-65,42.5026094027608
4470,21.878216994366625,Outgoing,56-65,49.012339047711855
4471,18.53868997144004,Incoming,18-25,46.173468730420865
4472,23.629404191608188,Incoming,26-35,35.28094201660091
4473,5.399544430001065,Incoming,36-45,48.75548945513709
4474,13.736614347571981,Outgoing,36-45,52.00078606313364
4475,29.758786412583287,Outgoing,18-25,87.25342218322707
4476,25.98428180295604,Incoming,26-35,65.74297728042843
4477,21.435467155052812,Incoming,56-65,79.86617162250509
4478,15.912431186511478,Incoming,36-45,49.17280323634557
4479,24.24370939844978,Outgoing,26-35,79.19098863086325
4480,20.003990637631247,Outgoing,18-25,6.86211484909829
4481,6.377917447749397,Outgoing,18-25,23.03519004033803
4482,23.970337129392906,Outgoing,56-65,80.24909887644142
4483,10.937696099744368,Outgoing,18-25,40.16531080442271
4484,22.31781775012724,Outgoing,18-25,57.70657598570489
4485,5.68819047878991,Incoming,18-25,0.0
4486,28.19313532470146,Incoming,36-45,45.46764636833298
4487,15.075725348385165,Incoming,56-65,23.794903919933994
4488,9.234645674451762,Outgoing,56-65,38.02123316902525
4489,12.180463368504583,Outgoing,56-65,58.07508338441262
4490,14.642056318804062,Incoming,18-25,57.55826241997461
4491,16.95961198500911,Outgoing,18-25,48.95424865183301
4492,26.227019454377658,Outgoing,36-45,77.58600576031557
4493,17.490998315341855,Outgoing,18-25,44.02029443612931
4494,1.803582415942353,Incoming,36-45,48.415291386222364
4495,8.39183041481762,Incoming,56-65,25.11018590470512
4496,36.3027435469127,Incoming,36-45,85.34308054913848
4497,17.947721569640482,Outgoing,26-35,34.691343493196456
4498,23.655530798073393,Incoming,46-55,19.720427961204194
4499,14.84157702354313,Outgoing,18-25,24.637713803301317
4500,9.967720800551962,Incoming,56-65,59.914700230025986
4501,13.631024443327375,Incoming,46-55,52.618830158488414
4502,17.89828258840881,Incoming,46-55,49.41453371298606
4503,13.77834563941053,Outgoing,56-65,80.11436247226736
4504,30.429274365708352,Outgoing,46-55,30.41223765816939
4505,12.686230440413627,Outgoing,36-45,67.37062235575597
4506,9.616150728248172,Outgoing,56-65,57.365304170376525
4507,22.661619317916227,Outgoing,56-65,65.192630560639
4508,23.524017526914626,Outgoing,36-45,57.84091864283977
4509,17.2098398507694,Incoming,26-35,36.26780933693272
4510,12.784994642214906,Outgoing,26-35,0.0
4511,3.6953883007888866,Incoming,46-55,75.30542200991749
4512,25.54505065710877,Incoming,56-65,54.78382142537767
4513,23.079926369451975,Incoming,36-45,58.055590029816926
4514,13.92078176175633,Incoming,56-65,54.243280737843406
4515,17.417007349008088,Incoming,36-45,17.96230338746296
4516,15.413259722348716,Outgoing,26-35,60.66657123610239
4517,28.401111689004377,Outgoing,26-35,55.749675036161676
4518,9.734571879320415,Incoming,46-55,53.20400514014472
4519,12.659569541860563,Outgoing,36-45,97.90752406587679
4520,11.98291632655215,Outgoing,26-35,58.04852323022038
4521,19.171129005095917,Outgoing,18-25,51.88661747350564
4522,17.392906175880906,Incoming,26-35,51.20120089854265
4523,18.400477144239712,Outgoing,56-65,28.235428807309987
4524,10.835750121211836,Incoming,36-45,58.487520397861914
4525,27.39427781287276,Incoming,18-25,61.763000706656904
4526,13.821684249451343,Incoming,26-35,38.44076582480344
4527,25.313129645775675,Outgoing,26-35,73.59351405498897
4528,38.97379798096941,Incoming,36-45,67.16706677250255
4529,10.886647623299355,Outgoing,18-25,52.13391136879567
4530,19.396694299099078,Outgoing,36-45,75.72270121952043
4531,16.078774532208563,Incoming,26-35,45.37892155591669
4532,31.216170884459814,Incoming,46-55,74.94703263804712
4533,15.0354225076043,Incoming,36-45,42.778977320704975
4534,18.7408403426266,Incoming,26-35,94.50981403501291
4535,18.588078236579285,Outgoing,36-45,40.389078141322365
4536,16.29720861036511,Incoming,26-35,51.06903217823292
4537,22.288316375067915,Outgoing,36-45,33.35403866190669
4538,17.653774803185314,Incoming,26-35,68.72923201089847
4539,20.372962166315567,Incoming,18-25,26.565523158337246
4540,18.495218933998746,Outgoing,56-65,52.066368257466955
4541,12.768235920025532,Outgoing,56-65,20.440480906091494
4542,15.11726558192353,Outgoing,36-45,68.425744506771
4543,20.887959969200722,Outgoing,26-35,69.76174719800508
4544,20.859522113323422,Incoming,56-65,58.12003692145849
4545,25.715063341681862,Incoming,56-65,41.75745240259625
4546,30.014709034870684,Incoming,36-45,72.35289045134064
4547,13.352517859312936,Outgoing,36-45,31.442512722073484
4548,17.944119107957476,Incoming,36-45,36.40710501823486
4549,15.646159333137355,Outgoing,46-55,72.26337259261693
4550,9.248846538207864,Outgoing,18-25,68.6145972078542
4551,20.95188597163095,Incoming,18-25,68.7175116847319
4552,22.444860148040988,Outgoing,18-25,112.44471719645415
4553,9.461061416694395,Outgoing,26-35,59.269483220833294
4554,14.378504625772766,Outgoing,26-35,45.00075712350058
4555,13.695373342994595,Outgoing,18-25,51.44699590504843
4556,6.441027077423824,Outgoing,36-45,2.5178400162934693
4557,16.74535868884414,Outgoing,46-55,64.66657885057842
4558,8.983308264930017,Incoming,18-25,90.32889120735038
4559,18.112955838787286,Outgoing,36-45,46.32253773754593
4560,18.883850674718534,Incoming,56-65,87.76524624077476
4561,19.75115948313308,Outgoing,46-55,30.75969906973851
4562,20.08925524410916,Incoming,26-35,35.56697154560266
4563,27.716585016182748,Incoming,56-65,35.470821680077236
4564,11.339477014290864,Incoming,56-65,18.39379335798042
4565,11.690627287879343,Outgoing,56-65,91.45055324522329
4566,21.586147280232993,Incoming,36-45,67.87894275187259
4567,16.07612932279,Incoming,18-25,70.52731827921107
4568,24.87728624940794,Incoming,56-65,36.894451040464816
4569,20.93182154656231,Incoming,18-25,74.917733369666
4570,30.42677929805003,Incoming,56-65,42.30745518427315
4571,16.36070085159116,Outgoing,36-45,43.458665068510335
4572,6.625722996093909,Outgoing,18-25,81.80953916034866
4573,19.384629939854026,Outgoing,26-35,33.84483791710029
4574,16.49828089460145,Incoming,46-55,30.04317649757858
4575,20.741412405601995,Incoming,56-65,27.070652494981086
4576,21.638250306726427,Outgoing,56-65,51.34304856607057
4577,13.25816039432854,Incoming,36-45,106.55317517518846
4578,9.936960390323915,Incoming,46-55,48.502438551495615
4579,15.978396549913295,Incoming,18-25,22.489793907357353
4580,0.33165924957880577,Incoming,56-65,39.37428979653443
4581,17.564670811503525,Incoming,26-35,43.37057825332904
4582,14.147933474046855,Incoming,26-35,56.178173565649665
4583,23.031725311448763,Outgoing,36-45,64.07761305350036
4584,3.0990602651981938,Incoming,56-65,2.6330803147645554
4585,17.04441716860446,Incoming,36-45,24.41152916049031
4586,28.033569993019974,Outgoing,46-55,22.51398358002696
4587,21.72780929565713,Outgoing,26-35,80.48970348082513
4588,23.86470396981504,Outgoing,26-35,29.63537324138741
4589,19.378134658409635,Outgoing,36-45,61.989716232965044
4590,5.369261510695383,Outgoing,46-55,66.64520385463658
4591,18.165704211717344,Outgoing,18-25,42.380776241826695
4592,19.85942552044803,Outgoing,46-55,0.0
4593,9.452428190664584,Incoming,36-45,84.30476568727649
4594,16.114123096484665,Outgoing,36-45,87.75166798880832
4595,0.0,Outgoing,46-55,54.482692698805
4596,14.661312768407344,Outgoing,36-45,37.9115106438593
4597,13.945368400285883,Outgoing,26-35,99.88129086147956
4598,26.815675489293437,Incoming,36-45,37.122650770044096
4599,12.777438281599146,Incoming,18-25,74.87497461967497
4600,15.135500589831647,Incoming,26-35,17.62323502011955
4601,16.44539855906234,Incoming,56-65,66.46839106457921
4602,12.86775983248734,Outgoing,26-35,22.526734223428612
4603,22.03853995282511,Incoming,26-35,64.46664003187594
4604,3.0532559030018387,Outgoing,26-35,55.09000939517343
4605,24.95603692900891,Incoming,46-55,45.84706390198295
4606,16.916853171788915,Incoming,56-65,45.14886353909683
4607,26.111529943567984,Outgoing,18-25,82.0890252426597
4608,0.0,Outgoing,26-35,52.86961864131643
4609,0.0,Incoming,46-55,64.87731538528527
4610,14.956150082901498,Incoming,36-45,126.18173796661549
4611,20.541407716003924,Incoming,56-65,23.72919787010695
4612,13.11547098797778,Incoming,18-25,35.73752931690538
4613,21.08692081057761,Incoming,56-65,13.733374949654866
4614,23.869168302100743,Outgoing,18-25,12.560926573024432
4615,21.661996829149576,Incoming,18-25,102.6386321427504
4616,17.722879530660567,Incoming,36-45,44.52240999586144
4617,17.669219947578394,Incoming,18-25,0.0
4618,12.696434395281312,Outgoing,36-45,47.93367774066987
4619,16.612379730573558,Incoming,26-35,42.65037493686164
4620,9.830383789356912,Outgoing,56-65,28.765276340990322
4621,11.506893728472598,Outgoing,18-25,43.97173949954018
4622,20.600549396827283,Outgoing,36-45,58.94088546007695
4623,13.759832079280557,Incoming,26-35,44.746771308388254
4624,11.83706674081467,Outgoing,56-65,76.30065890496277
4625,20.14461709229495,Incoming,26-35,53.460926727354085
4626,19.65929759851292,Incoming,46-55,55.33622584585717
4627,15.49290290185972,Incoming,56-65,50.191593487439285
4628,15.957451984948536,Incoming,36-45,24.153865878607064
4629,19.911635229159348,Outgoing,18-25,25.152415824199327
4630,23.782699814687234,Outgoing,36-45,58.01746205338776
4631,18.40759961407633,Incoming,36-45,36.04421589969631
4632,8.655762627360213,Incoming,36-45,69.94637171252705
4633,15.450007550655842,Outgoing,56-65,46.62161543886549
4634,14.14995113544608,Outgoing,56-65,35.67784400749953
4635,9.629097255378879,Incoming,46-55,61.47276183332039
4636,20.485529359214706,Incoming,26-35,55.68088413686213
4637,21.023968055767337,Outgoing,36-45,13.57127496678654
4638,22.08345895194172,Incoming,46-55,9.495396560894932
4639,10.063609321425371,Outgoing,46-55,69.28142174966436
4640,18.102156559554214,Incoming,56-65,36.435763949049075
4641,16.95607337009111,Incoming,26-35,58.795726973409984
4642,19.1518216533932,Incoming,46-55,60.8108460597321
4643,17.90808544048735,Incoming,18-25,85.08297417867274
4644,16.91217838558586,Incoming,46-55,96.23917762631535
4645,16.070933683678167,Incoming,56-65,26.399331151921942
4646,24.74788427017864,Incoming,36-45,51.26922763641301
4647,10.967301947364998,Incoming,56-65,51.91146159399881
4648,15.787803904644658,Outgoing,56-65,92.97574837770486
4649,24.56959466764172,Incoming,26-35,19.013853983719535
4650,11.322608531780137,Outgoing,18-25,90.88932931098913
4651,11.679384505792093,Outgoing,18-25,69.06565216771766
4652,22.137586611162664,Incoming,26-35,41.26618634066983
4653,7.032603115470701,Incoming,26-35,76.80717138743191
4654,21.624417861185457,Outgoing,46-55,45.6272112495854
4655,13.572557945271257,Incoming,18-25,14.598347441631141
4656,19.870004308642958,Outgoing,56-65,58.02445175168672
4657,8.454858030610614,Outgoing,46-55,48.39235996986104
4658,25.295533865908578,Outgoing,18-25,42.862763439820725
4659,8.4793294507732,Outgoing,36-45,35.23344102355042
4660,22.07465247482658,Outgoing,56-65,70.3857217626429
4661,8.771763313568103,Incoming,56-65,54.62756283126578
4662,29.658106097623445,Outgoing,46-55,43.11252313579046
4663,16.500327527014097,Outgoing,18-25,39.83288667124164
4664,30.655999664978886,Incoming,26-35,43.50005534300265
4665,11.267787588125382,Outgoing,36-45,40.43465629536171
4666,13.90144512765843,Incoming,56-65,44.83553800807883
4667,25.475034426125184,Incoming,26-35,73.16701915145242
4668,7.016627847574188,Outgoing,26-35,45.71430625675323
4669,12.105133408910405,Incoming,26-35,58.83399989080621
4670,20.465479007825323,Outgoing,26-35,45.38098581383284
4671,9.86853596312567,Incoming,46-55,10.6483358647615
4672,20.652721954133312,Incoming,56-65,60.46173793384111
4673,18.19283069515203,Incoming,26-35,37.094096464551285
4674,6.4044806338047096,Outgoing,26-35,71.67767877106189
4675,23.774381515884265,Incoming,18-25,96.37603396397893
4676,8.162968347638017,Outgoing,56-65,38.467966109977695
4677,22.39895367881056,Outgoing,36-45,77.63052575906795
4678,17.899327787709968,Outgoing,26-35,44.69788018524267
4679,13.814912747059806,Incoming,46-55,47.31102715132554
4680,9.262182325273812,Incoming,26-35,64.4455317428137
4681,19.304885277857046,Incoming,26-35,5.835151335055244
4682,10.89232644565731,Incoming,26-35,11.893202971716903
4683,25.455674332368034,Incoming,56-65,56.4352183514264
4684,25.711154265123795,Incoming,56-65,0.0
4685,28.494238146901978,Incoming,26-35,82.1316358512346
4686,18.96628205952716,Incoming,46-55,88.37610784860365
4687,14.169831361511367,Incoming,36-45,63.840606618539915
4688,14.9216819353054,Incoming,18-25,51.7323859147786
4689,14.409386920384222,Outgoing,36-45,82.72429117142782
4690,18.73603876830375,Incoming,46-55,43.378975801082014
4691,20.056250789120217,Incoming,46-55,45.57509992950404
4692,25.620950562118285,Outgoing,36-45,51.568171932585045
4693,17.14086390917222,Outgoing,36-45,34.31199296995052
4694,7.177408686265091,Incoming,26-35,87.28902397249247
4695,14.148053514766687,Outgoing,36-45,86.51474639319976
4696,27.890962460395663,Incoming,36-45,31.47729887684321
4697,6.103950006695904,Outgoing,26-35,36.2577360223609
4698,22.17404972280967,Outgoing,46-55,46.26826095360434
4699,14.265988204915915,Incoming,56-65,85.05212064484469
4700,10.815749827203355,Outgoing,26-35,46.13873013047736
4701,19.769277343784875,Incoming,36-45,58.93076166076027
4702,27.926671179359357,Incoming,18-25,28.319432396367016
4703,19.3831092374822,Outgoing,36-45,93.04851484663061
4704,15.162190529711326,Incoming,18-25,25.770103830666798
4705,7.927655322755417,Outgoing,26-35,44.71195499317913
4706,16.308055872280846,Incoming,56-65,12.34311033554632
4707,7.6749512579739125,Incoming,56-65,85.8749979439501
4708,14.83053045005839,Outgoing,18-25,54.215747721617944
4709,16.558596461258773,Incoming,46-55,99.46551718478753
4710,0.4762095650266751,Outgoing,18-25,30.47817838239605
4711,26.718255432115207,Outgoing,18-25,81.23252174823224
4712,8.330349688156932,Incoming,26-35,64.83650588878558
4713,15.698285591805135,Outgoing,36-45,35.16696834459674
4714,20.736832720687616,Incoming,46-55,38.519289627286156
4715,26.159848027254252,Incoming,18-25,68.69466993506944
4716,11.454928955390175,Outgoing,26-35,54.04818102163127
4717,0.0,Outgoing,46-55,37.88905408806105
4718,24.550646012079007,Incoming,56-65,98.70616029497052
4719,8.253535795016532,Incoming,56-65,56.11011600711982
4720,19.516102705086098,Incoming,26-35,45.62336219930808
4721,19.951127900949523,Incoming,46-55,27.958953116150543
4722,0.0,Outgoing,36-45,41.98979249108485
4723,5.6961425991889225,Outgoing,26-35,1.4250090391228198
4724,13.774321552980052,Incoming,36-45,55.05002336341942
4725,0.0,Outgoing,18-25,73.3321288945047
4726,7.633641066198111,Outgoing,36-45,90.88056929432378
4727,17.86014992088667,Incoming,26-35,44.562350014044966
4728,16.38061443536112,Outgoing,46-55,66.98499154834727
4729,19.118581014509907,Incoming,36-45,46.34503299460199
4730,20.144546851101964,Outgoing,18-25,10.243595227236383
4731,5.227193031142706,Incoming,46-55,3.9242618926378796
4732,8.006062156111525,Outgoing,56-65,52.27010596930476
4733,22.32956332658435,Incoming,56-65,4.344612888409401
4734,27.67031168701876,Incoming,46-55,48.616578220976
4735,10.228143657964512,Incoming,26-35,44.29298470019766
4736,18.812339158678697,Incoming,36-45,10.975142053341273
4737,22.649580253197268,Incoming,36-45,0.0
4738,18.662889320324993,Outgoing,46-55,36.56914496128448
4739,15.258635862053133,Outgoing,36-45,91.68510591154813
4740,12.51545003885705,Outgoing,56-65,61.204948428194875
4741,30.89688443335879,Outgoing,46-55,36.30205567425783
4742,17.673463290688822,Incoming,36-45,34.52519650675356
4743,19.722594218520925,Incoming,18-25,63.259732848192264
4744,19.270240565228384,Outgoing,26-35,56.7271729916125
4745,11.313071150994315,Incoming,18-25,71.30598053220922
4746,17.355747163200135,Outgoing,18-25,98.59163225535445
4747,14.744301184853287,Outgoing,36-45,82.18354397167602
4748,14.618966861817807,Incoming,46-55,81.6170277051603
4749,19.21871398713135,Outgoing,56-65,51.48603582952378
4750,10.590499187352616,Outgoing,46-55,0.0
4751,8.566481054373766,Outgoing,36-45,0.8357620335127862
4752,20.519075422837943,Incoming,36-45,66.17712022350169
4753,13.278725851599308,Outgoing,56-65,39.99750135101869
4754,14.584889958062845,Outgoing,18-25,95.04597330879183
4755,3.49842413126337,Incoming,18-25,90.61093532077905
4756,23.74157947523644,Incoming,46-55,57.032380506829064
4757,20.668113483409854,Incoming,26-35,41.88017967174324
4758,21.956481497182807,Incoming,36-45,31.141957312343333
4759,19.71127934278421,Incoming,56-65,94.30295612931782
4760,6.3883013241681486,Incoming,46-55,58.14719468390003
4761,18.602992752754062,Incoming,56-65,36.42380515279798
4762,12.736065483585357,Outgoing,18-25,51.75443754546468
4763,10.260000263365225,Incoming,18-25,48.09325686723773
4764,20.50033769012005,Outgoing,46-55,99.08569909709746
4765,28.609562417268755,Outgoing,26-35,59.29973924608488
4766,27.45337593269439,Incoming,18-25,55.4093930089637
4767,21.355015129574312,Outgoing,56-65,20.788278401560888
4768,16.788402883785622,Outgoing,36-45,66.57742125624644
4769,15.49120375356761,Incoming,36-45,56.07686559863182
4770,10.668474894897411,Outgoing,26-35,68.24255942672816
4771,15.111867714053265,Outgoing,46-55,56.32418212464721
4772,23.35966771711701,Outgoing,26-35,46.34692577877378
4773,29.76197392417456,Incoming,56-65,56.24071537400718
4774,11.284630851251727,Incoming,26-35,35.683212707484714
4775,3.034905607298107,Incoming,36-45,58.85606839095477
4776,13.283882027213865,Outgoing,18-25,87.27729231081798
4777,23.327678790097945,Outgoing,18-25,77.04643381408643
4778,31.505941034613485,Incoming,46-55,47.70822896630685
4779,26.170288446597624,Incoming,56-65,49.78021861416937
4780,25.996996486648644,Outgoing,46-55,69.63471973436657
4781,11.053077524276818,Outgoing,26-35,64.32065061646006
4782,11.250274385156942,Outgoing,26-35,54.979749586940194
4783,7.733332539136546,Outgoing,26-35,41.08144553985291
4784,12.341641847121984,Outgoing,56-65,32.80310757265984
4785,23.398684483878156,Incoming,18-25,32.47175756720763
4786,28.37141030854448,Incoming,36-45,50.959736933627546
4787,19.418620898980038,Outgoing,36-45,63.42184936101107
4788,15.214153279930569,Outgoing,26-35,12.040063520827324
4789,9.532926276286048,Outgoing,26-35,73.28345232467669
4790,16.212393907906954,Incoming,26-35,28.352695290244302
4791,18.42188429355388,Incoming,56-65,37.88291878220814
4792,6.758495490587629,Outgoing,36-45,48.6436191467739
4793,23.45031049954752,Outgoing,46-55,64.60577776476016
4794,14.032602025839385,Outgoing,18-25,92.6918533188474
4795,23.029910887708404,Incoming,46-55,43.36795808763398
4796,16.92356026564311,Incoming,18-25,82.02135723927957
4797,19.080516850211147,Incoming,56-65,44.94702212078967
4798,12.086355529430847,Outgoing,18-25,88.238482682604
4799,14.587692999291853,Outgoing,56-65,53.2225979390635
4800,21.494294863533696,Incoming,36-45,17.84312834929925
4801,16.079512356831383,Incoming,18-25,37.17594786206926
4802,9.265181890119816,Incoming,26-35,55.247813942735824
4803,17.78101838536596,Incoming,26-35,49.78048153120782
4804,19.69972511786881,Outgoing,56-65,29.609758368210727
4805,26.610219679704215,Outgoing,36-45,21.96763741131899
4806,25.067872880616303,Outgoing,56-65,74.99764012663077
4807,16.547551175522923,Outgoing,46-55,0.0
4808,13.168653847350281,Incoming,46-55,67.60986214718304
4809,15.401890204468165,Outgoing,46-55,27.53913615149783
4810,13.333865448354533,Incoming,26-35,102.37647733174992
4811,20.54312857992763,Incoming,46-55,4.416188426201778
4812,24.29165585830955,Outgoing,18-25,2.401740014110949
4813,25.678840515058624,Incoming,46-55,44.34954460341703
4814,14.114554832516344,Incoming,26-35,80.39111372012498
4815,13.415815204101172,Outgoing,18-25,109.38879578353887
4816,14.057239028089585,Outgoing,36-45,79.68713901565272
4817,3.4757413493968876,Outgoing,56-65,58.62485841335283
4818,8.580313490171571,Outgoing,56-65,30.70471565509727
4819,16.758128958429214,Incoming,18-25,35.88900453640603
4820,19.654902183107787,Outgoing,18-25,38.50923811412257
4821,20.43821140517782,Outgoing,56-65,44.828531620429104
4822,11.536539046906256,Outgoing,56-65,48.66112604354318
4823,13.562228965264522,Incoming,18-25,59.98071867643769
4824,15.113473353523773,Outgoing,56-65,40.408146293936625
4825,14.332118708151086,Incoming,36-45,59.023929140476085
4826,21.816124044652646,Incoming,46-55,64.43867700334934
4827,7.8427812302665,Incoming,46-55,27.574227495959732
4828,8.954930764699407,Incoming,36-45,23.718407025020895
4829,14.910952930467875,Incoming,46-55,82.43012181665813
4830,7.440774076636279,Outgoing,46-55,58.099385942993
4831,3.696708047303371,Outgoing,46-55,51.229150501177166
4832,6.545659882661717,Incoming,26-35,19.369326045120673
4833,15.300997880858633,Incoming,36-45,74.23391744020162
4834,21.413715714278325,Incoming,56-65,54.9530205384571
4835,21.559565740749782,Outgoing,18-25,92.39226990016354
4836,28.11540802777364,Outgoing,36-45,59.81323279787822
4837,17.711655822996022,Incoming,36-45,48.52435852851917
4838,18.653403586301796,Incoming,26-35,39.57760867039331
4839,15.247150740801588,Incoming,26-35,94.4846473784101
4840,15.587214739847937,Outgoing,46-55,79.7667585116366
4841,31.56381732116649,Incoming,26-35,60.52724753682764
4842,18.829460060785223,Incoming,56-65,78.54650225166662
4843,19.43791988365885,Incoming,56-65,63.41335863370363
4844,8.984199879581235,Outgoing,46-55,9.71710560997478
4845,19.87295592433548,Incoming,26-35,78.53561832671487
4846,21.608323855264253,Incoming,46-55,72.50861088290158
4847,24.772170895565058,Incoming,18-25,27.662482349785655
4848,21.41059167431051,Incoming,26-35,69.68124696203179
4849,16.112832403412117,Outgoing,26-35,34.07393220454
4850,15.814036809957539,Incoming,26-35,44.33136269860239
4851,16.49543524861768,Incoming,26-35,58.78562266034338
4852,17.750309304926322,Incoming,56-65,57.4962620774756
4853,25.87355308564325,Outgoing,46-55,52.953831183263915
4854,24.50847684440845,Incoming,56-65,14.44896209348692
4855,22.270376676080463,Incoming,46-55,56.15466566817793
4856,31.204469863292086,Incoming,18-25,96.81451696082001
4857,0.0,Outgoing,26-35,61.760342195438895
4858,13.779589979717786,Outgoing,36-45,50.52684373801667
4859,16.92109166619932,Outgoing,56-65,72.2686987327014
4860,12.29439368227319,Outgoing,36-45,58.747314887514776
4861,10.491744927433263,Incoming,18-25,44.462380129055745
4862,4.9798825174575505,Incoming,36-45,77.86674123325989
4863,14.820699715410163,Incoming,18-25,61.55748406119144
4864,23.25818937689282,Outgoing,56-65,65.18237521535377
4865,22.417554396129912,Outgoing,18-25,50.02707422130728
4866,11.735090796315088,Outgoing,56-65,52.50705312940116
4867,18.541715549721804,Outgoing,56-65,74.95278863600899
4868,26.50319870651264,Outgoing,36-45,42.3608952535857
4869,6.359530682583371,Incoming,46-55,113.0147896488593
4870,15.888148137392294,Outgoing,46-55,40.24864733146194
4871,19.005474035662576,Incoming,46-55,39.78218838288323
4872,17.070107380257532,Outgoing,26-35,80.89113155438895
4873,22.95443375812176,Outgoing,36-45,54.4189699860069
4874,6.51521779236694,Incoming,18-25,69.9784723342232
4875,9.959269374418108,Incoming,46-55,92.95341607143688
4876,21.774289398871968,Incoming,36-45,65.17334233420713
4877,5.084431572334896,Incoming,26-35,63.37697310246452
4878,22.682374887232935,Outgoing,36-45,41.211215085936075
4879,20.148727093623393,Outgoing,18-25,33.744285959696484
4880,22.193438177937523,Outgoing,46-55,16.561774493870026
4881,13.714972430682073,Outgoing,18-25,37.162702635259635
4882,20.568869056994163,Outgoing,26-35,43.13212590314224
4883,8.793987008944491,Outgoing,18-25,36.39719474387438
4884,14.098465402735764,Outgoing,26-35,48.642193606229334
4885,17.254372581942732,Incoming,18-25,43.13397123321131
4886,10.708754028101632,Outgoing,26-35,76.08255327236961
4887,18.52674807623983,Incoming,36-45,22.24762658592448
4888,8.99054939844714,Incoming,36-45,79.74777070035688
4889,18.880555668845076,Incoming,36-45,72.05091226803687
4890,29.19295213071095,Outgoing,36-45,31.912725855739573
4891,8.20334052967849,Incoming,18-25,23.13890089141948
4892,16.84207918606852,Outgoing,56-65,69.0154917684651
4893,5.674272593683966,Incoming,26-35,68.96481834790501
4894,11.169321873367078,Incoming,26-35,35.189901131786925
4895,21.913644202176123,Incoming,56-65,21.88238873672264
4896,13.98559978746906,Incoming,26-35,44.95990105912271
4897,22.196870971379244,Outgoing,26-35,0.0
4898,19.4911835107373,Incoming,36-45,68.65174835079812
4899,16.548372100620053,Outgoing,26-35,39.18134692629052
4900,9.794111836935734,Incoming,26-35,59.956448364613195
4901,21.798417529482762,Incoming,46-55,99.80988351731841
4902,19.128936099160462,Outgoing,26-35,45.17574919212337
4903,6.303717143934515,Incoming,56-65,71.94198790014465
4904,10.248320847016767,Incoming,26-35,48.58914708715881
4905,0.0,Incoming,56-65,43.93675347548683
4906,7.440612356013684,Outgoing,26-35,93.18281350350779
4907,14.806366172857384,Outgoing,56-65,41.12463456273777
4908,9.609010517566151,Outgoing,26-35,68.69103755773165
4909,11.17833382762419,Incoming,26-35,62.885939080469626
4910,26.73399110303044,Incoming,46-55,65.47071522058653
4911,24.201693268266464,Outgoing,46-55,70.6581244895367
4912,12.137322685675786,Incoming,26-35,67.92127676534614
4913,22.55476344081761,Outgoing,46-55,40.897677353030815
4914,25.50410997032922,Outgoing,18-25,44.2115739773403
4915,21.32983944110029,Incoming,18-25,61.876497132555265
4916,19.09249238129327,Outgoing,36-45,8.629878531481843
4917,24.688261544028833,Incoming,36-45,64.15659597486552
4918,22.386625859701887,Incoming,18-25,40.58828966254566
4919,8.508340155098123,Outgoing,36-45,81.10788462666085
4920,15.677474222427234,Outgoing,26-35,5.974331720143056
4921,13.135516432583174,Outgoing,26-35,66.60748227183647
4922,25.067314387489553,Incoming,36-45,61.765197289606746
4923,12.937045644502021,Outgoing,18-25,58.87140818993874
4924,11.734705200831094,Incoming,56-65,87.99616227364916
4925,24.186774521301476,Outgoing,26-35,55.38202283090776
4926,18.817697111522392,Outgoing,46-55,61.30949506578218
4927,31.782476454421484,Outgoing,56-65,24.521061429765645
4928,10.964309340354813,Outgoing,46-55,58.210410843264214
4929,13.368148493738005,Incoming,26-35,48.59335472878519
4930,24.853774161994778,Incoming,36-45,48.20697082019622
4931,8.046297401172849,Outgoing,46-55,15.052444895889735
4932,26.237846505481215,Outgoing,18-25,98.24085367673683
4933,8.547812324707998,Outgoing,46-55,31.11300640478223
4934,21.271564942477237,Outgoing,18-25,47.68106626302405
4935,4.098642814743055,Outgoing,56-65,17.845935409588336
4936,17.315908879918187,Outgoing,56-65,18.7900390650979
4937,7.413286574306197,Outgoing,36-45,19.22657764876365
4938,30.48392665908041,Outgoing,18-25,93.73046029921431
4939,9.498586410431397,Outgoing,36-45,14.834643753324542
4940,11.198000937134106,Outgoing,46-55,40.65464216141338
4941,20.74798169412011,Incoming,36-45,44.9916008750589
4942,12.793296597722831,Outgoing,46-55,36.55871665515501
4943,21.89967349913441,Outgoing,56-65,33.2622652946407
4944,12.023768749339487,Outgoing,36-45,44.26175442441319
4945,11.484343303782113,Outgoing,56-65,24.049637257574332
4946,16.807089057436166,Incoming,46-55,78.28948996329648
4947,8.481486451279004,Incoming,18-25,93.92594507460977
4948,19.774564552672388,Incoming,26-35,86.25413247643598
4949,23.14108963908829,Incoming,46-55,6.871827723066865
4950,20.870976479947064,Incoming,46-55,5.152455784250115
4951,21.502966099647782,Incoming,26-35,15.75104268548182
4952,3.526013460242666,Incoming,26-35,68.4600446765227
4953,13.768465778986597,Outgoing,56-65,41.958008251315555
4954,15.410543840494013,Outgoing,46-55,114.92595045384914
4955,27.181168702569195,Incoming,46-55,55.61291525393206
4956,12.930848281620278,Outgoing,36-45,81.70341345116525
4957,0.887858550468863,Outgoing,26-35,82.13805005882712
4958,9.972213451022219,Incoming,18-25,30.02594308639912
4959,12.371647478285471,Incoming,46-55,34.00673046078567
4960,1.9046250625064225,Outgoing,36-45,93.61151931958432
4961,23.780917644941123,Incoming,18-25,12.244014404693608
4962,6.01293977470459,Incoming,56-65,50.997214780447656
4963,20.122150837624616,Outgoing,36-45,72.42915903280549
4964,9.353222920124256,Incoming,18-25,66.9158815531172
4965,27.54889057113554,Incoming,46-55,45.080225893766695
4966,15.066924115552913,Incoming,36-45,44.03035021579428
4967,13.646218417902007,Outgoing,26-35,23.521510865730516
4968,20.69778112659661,Outgoing,18-25,32.00339843335026
4969,9.948896608354808,Incoming,46-55,95.76716887366027
4970,21.028825317259408,Incoming,36-45,60.09011633256329
4971,13.628319626144553,Outgoing,18-25,39.63984918644588
4972,12.837787073729572,Incoming,56-65,70.45094615647008
4973,16.38701902801237,Outgoing,56-65,43.52082857553235
4974,9.372306948093296,Outgoing,26-35,27.678685933344028
4975,15.663758207893324,Outgoing,36-45,40.4256419520344
4976,19.376395329858244,Outgoing,36-45,19.625285774009875
4977,0.8388102089756657,Outgoing,26-35,94.86924389901053
4978,24.6391527067632,Outgoing,36-45,70.6852365975738
4979,22.711846910895293,Outgoing,56-65,70.49815472957071
4980,4.017959778035399,Outgoing,56-65,41.51898922367187
4981,2.9269739301794644,Outgoing,26-35,53.51000812965833
4982,22.893346379208364,Incoming,46-55,42.582179403318825
4983,22.351632359612385,Incoming,26-35,19.65025498362639
4984,21.361243277939757,Outgoing,56-65,77.53670946928118
4985,7.011533375483772,Incoming,26-35,74.86341471142262
4986,29.80049556620438,Incoming,56-65,64.94064779858721
4987,11.714993932291307,Outgoing,46-55,55.67753297183957
4988,18.676335787127748,Outgoing,56-65,32.849641051917075
4989,18.76245315287186,Outgoing,36-45,63.3300142121142
4990,28.150518069581494,Incoming,18-25,30.66451397710344
4991,17.876171099606207,Outgoing,46-55,34.08998851679951
4992,19.910889489721715,Outgoing,18-25,30.850260994412015
4993,16.46011885782142,Incoming,46-55,38.65859211905489
4994,8.623804279018115,Incoming,46-55,36.223799767943234
4995,0.769375824941136,Incoming,46-55,73.23008530887688
4996,17.22805912355789,Outgoing,46-55,29.674125582950197
4997,7.11345836639655,Incoming,56-65,54.6745218611736
4998,19.4512405071971,Outgoing,36-45,70.18709936484223
4999,18.04125061028909,Incoming,56-65,85.33542929214424
5000,17.87103587233152,Incoming,56-65,64.57324132819907
5001,9.62952766376274,Incoming,36-45,7.407039495743305
5002,24.255808534529567,Incoming,46-55,49.2559639851348
5003,20.323397680607304,Outgoing,36-45,72.85515419099998
5004,8.72810151854792,Incoming,18-25,30.413103683299106
5005,31.479833087455848,Outgoing,36-45,88.21836514853757
5006,15.524460776906343,Outgoing,56-65,87.66485175902903
5007,7.659994495388348,Outgoing,46-55,67.57456723125378
5008,11.691536110167203,Outgoing,56-65,78.87740189324448
5009,6.437763969033751,Outgoing,18-25,85.2339932294922
5010,26.515988423808324,Outgoing,46-55,56.57290278160533
5011,24.56313828780431,Incoming,26-35,76.96792067367788
5012,22.176357023154594,Outgoing,56-65,26.176235132809513
5013,20.857993312969953,Incoming,56-65,73.13717554570233
5014,25.738395125714604,Incoming,36-45,64.86986009835634
5015,15.306040513046433,Outgoing,46-55,117.32091753677665
5016,19.958635004353393,Incoming,56-65,45.352531944634016
5017,11.316759287312014,Outgoing,18-25,86.8913892979465
5018,15.92586013291202,Incoming,46-55,78.75973895774301
5019,20.15054021217173,Outgoing,46-55,52.31320992097631
5020,0.0,Outgoing,36-45,9.670568799374564
5021,12.662024570556984,Incoming,56-65,45.01365130496186
5022,18.15490997841928,Outgoing,56-65,52.20520938321472
5023,16.45738753841038,Outgoing,26-35,78.86220857790094
5024,13.833225719781286,Incoming,26-35,61.97270496977657
5025,21.124063571652343,Outgoing,46-55,55.85151552322353
5026,12.04601338754362,Incoming,56-65,75.59789368901373
5027,8.446647780094242,Outgoing,36-45,74.35768291031228
5028,25.28636274402689,Incoming,56-65,79.23069971923778
5029,24.298539681560385,Outgoing,36-45,33.72353449376521
5030,12.805956316781625,Incoming,26-35,79.26770420588045
5031,16.519138012193125,Outgoing,18-25,87.55006001789704
5032,22.921927811499316,Outgoing,56-65,121.79590191192293
5033,17.30824028711524,Outgoing,26-35,67.40558731788641
5034,20.711453248099435,Incoming,18-25,82.26257025272776
5035,20.32896755608721,Outgoing,18-25,66.4923946703419
5036,14.765808479916352,Outgoing,26-35,70.81675187099474
5037,20.61146801876984,Incoming,26-35,82.29282183454517
5038,10.245394617827674,Incoming,26-35,14.540199606488429
5039,19.759920226549887,Outgoing,36-45,62.35615411144205
5040,16.481316405118285,Incoming,46-55,63.15311517083838
5041,14.474956976593186,Outgoing,46-55,39.8523200164085
5042,8.272848913756583,Incoming,46-55,16.619664161607524
5043,17.921614826714336,Incoming,36-45,43.40730529711155
5044,17.269711943595112,Incoming,26-35,62.90387547805524
5045,11.122544764909644,Outgoing,46-55,49.70223948369721
5046,5.821897258468413,Outgoing,36-45,62.10113593413377
5047,5.488674295579784,Outgoing,36-45,31.721704766599547
5048,15.221489073083085,Outgoing,26-35,58.8197882134639
5049,19.145483475952524,Incoming,18-25,63.56397188695296
5050,29.949801160106702,Outgoing,36-45,23.467573048407317
5051,16.6839160846464,Outgoing,56-65,20.785192057342734
5052,5.6222976389507355,Outgoing,36-45,75.0077571614885
5053,15.551572822276103,Incoming,18-25,58.31236897014603
5054,25.759554289632646,Incoming,18-25,29.540074850733433
5055,12.220430740491272,Outgoing,56-65,44.64031720084305
5056,24.830225041806237,Incoming,46-55,66.81995598289318
5057,18.230072991244974,Incoming,36-45,32.00476776698628
5058,21.528170881645995,Incoming,26-35,93.60085945490763
5059,30.011991987428303,Incoming,26-35,69.01149278725866
5060,4.139152648422083,Incoming,56-65,75.7424940409948
5061,23.275529281057672,Outgoing,18-25,59.29456350322893
5062,16.337092174830783,Incoming,46-55,70.22694382526348
5063,10.35573626652458,Incoming,36-45,107.8938713062615
5064,16.29555754153825,Incoming,36-45,43.999854786446456
5065,28.836796602060804,Outgoing,36-45,45.3145921754621
5066,26.34462185828957,Incoming,26-35,107.64603478731664
5067,2.994998771660878,Incoming,46-55,87.51259616256064
5068,11.611122057889169,Incoming,56-65,50.70121964611171
5069,23.600259648985574,Incoming,26-35,35.38712940805685
5070,16.847791455518774,Outgoing,18-25,44.615376933965855
5071,16.87390662085938,Outgoing,46-55,105.84248420670167
5072,6.021714809451446,Outgoing,18-25,57.255301911168964
5073,11.781662103906807,Outgoing,36-45,81.34789758076414
5074,7.492559770762602,Incoming,26-35,61.0166751445781
5075,5.426777653429534,Outgoing,46-55,63.04691317364362
5076,8.195834116217311,Outgoing,26-35,69.86025335201455
5077,10.503315697875621,Outgoing,46-55,52.00354829352759
5078,11.67220571764338,Incoming,36-45,48.61512409412023
5079,11.105091945577026,Outgoing,46-55,94.55085177603296
5080,24.143192513923204,Incoming,36-45,49.58770337075763
5081,10.64999056485749,Incoming,26-35,68.14554357853098
5082,26.983292845299424,Incoming,26-35,81.91525862510136
5083,13.612168856877286,Outgoing,26-35,69.29096647754527
5084,20.07439061825643,Outgoing,36-45,74.04215442971964
5085,20.298001569792074,Outgoing,18-25,14.237323063852237
5086,10.71509605445042,Outgoing,18-25,60.862227845496555
5087,14.703366044946097,Incoming,46-55,87.18810474939548
5088,13.479393141417525,Outgoing,26-35,111.41850013708614
5089,19.607084989675794,Outgoing,18-25,84.17212495996858
5090,16.098088574075096,Outgoing,56-65,61.494052472896335
5091,11.761212082371134,Incoming,26-35,69.72279122762278
5092,17.83340802061517,Incoming,56-65,73.21557560778686
5093,19.37731258190972,Incoming,18-25,4.090296211751792
5094,29.950312749798112,Incoming,36-45,26.15474518778741
5095,17.476885192671308,Outgoing,56-65,58.59492961106672
5096,17.070058427659774,Incoming,56-65,53.060097359545516
5097,19.998790273220024,Incoming,26-35,45.624883499976775
5098,10.35418346135999,Outgoing,46-55,64.7102192594259
5099,4.921432792751556,Outgoing,36-45,67.59983772650057
5100,14.815285357954247,Outgoing,26-35,16.64986002053437
5101,24.504693685844185,Incoming,26-35,20.663060391562837
5102,25.634861992180838,Incoming,18-25,44.6305664231229
5103,3.8443070598796556,Outgoing,46-55,69.07447331363252
5104,21.662556363454264,Incoming,46-55,49.86246489699817
5105,1.706413987206382,Outgoing,36-45,41.47209792190912
5106,20.214263883828103,Outgoing,36-45,90.73563449186234
5107,19.79551519027659,Incoming,46-55,71.6738191251792
5108,4.932139793391196,Outgoing,56-65,50.621071496973684
5109,24.00032300192181,Outgoing,56-65,100.1582891839594
5110,29.20685130903643,Incoming,26-35,57.52819850672462
5111,16.562637682982665,Incoming,46-55,78.88286268673548
5112,17.986999124838743,Incoming,26-35,30.950478607357276
5113,27.353813420908338,Incoming,56-65,20.055858201455443
5114,9.11567576138414,Outgoing,36-45,34.851905364829996
5115,9.29245779663975,Incoming,46-55,68.40507864267175
5116,11.124315472565591,Incoming,18-25,51.805293373941474
5117,17.259574730176947,Outgoing,26-35,50.72704865028792
5118,17.24091090983736,Outgoing,46-55,60.88186474804462
5119,13.126968073038224,Outgoing,18-25,58.807846865291516
5120,14.896637119797232,Outgoing,26-35,85.73037914269446
5121,13.223022355344728,Incoming,56-65,41.121932778350775
5122,13.557399920335719,Incoming,26-35,19.43796137928434
5123,11.620349778049896,Incoming,36-45,95.89572498264654
5124,11.676921830680705,Outgoing,26-35,43.315251245404355
5125,2.993393155506798,Outgoing,26-35,85.11158654267882
5126,15.434274339354113,Outgoing,46-55,65.07782359912235
5127,3.310944744479116,Outgoing,46-55,91.73285920179356
5128,22.25391383095195,Outgoing,56-65,39.4384435643665
5129,13.080575090983881,Incoming,36-45,76.77851536411005
5130,16.16413294898571,Incoming,36-45,47.983186943758724
5131,14.387532570736305,Outgoing,56-65,38.27985325688168
5132,15.29120357256241,Outgoing,18-25,97.0242052493128
5133,25.843623709177024,Incoming,26-35,36.3482218572903
5134,7.539525116509029,Incoming,46-55,35.227421747167355
5135,5.636781543602609,Incoming,56-65,27.056602905932255
5136,17.835606286647746,Outgoing,56-65,43.81341159733621
5137,13.528841933824769,Outgoing,46-55,58.96096088363809
5138,19.517367449407622,Outgoing,46-55,50.92452227488876
5139,22.016040678189206,Incoming,18-25,64.71624421286009
5140,9.255597204043703,Incoming,36-45,15.49780016906844
5141,21.223721902853697,Incoming,46-55,54.02293348510957
5142,9.846395591563455,Outgoing,56-65,19.372211073207545
5143,17.52202633656687,Incoming,26-35,43.99654366915272
5144,8.341603934843365,Outgoing,18-25,49.05387779729596
5145,17.925006300339298,Outgoing,26-35,54.21440340680954
5146,16.853859033546694,Outgoing,26-35,63.97750237557004
5147,9.279493579756984,Outgoing,36-45,23.45220706500928
5148,7.491120610565789,Incoming,26-35,43.78575370970521
5149,22.25447008867892,Outgoing,56-65,112.1312560338702
5150,13.828996831251327,Incoming,56-65,53.042042151616776
5151,24.08421673562642,Outgoing,46-55,50.178332715362714
5152,13.196243891227292,Incoming,36-45,6.898090697755109
5153,26.11525814933447,Incoming,46-55,59.18393000277012
5154,10.361273115085186,Outgoing,26-35,15.306308946921355
5155,27.309225902578458,Outgoing,56-65,0.0
5156,18.220603041406434,Outgoing,46-55,65.99607317555518
5157,19.798577185380978,Incoming,56-65,65.85560701930204
5158,9.97182770588901,Incoming,46-55,14.65039083871735
5159,22.10450628051551,Outgoing,18-25,19.87054192466062
5160,22.347496926878208,Outgoing,36-45,35.44813878286135
5161,14.728955997323503,Incoming,46-55,103.55358586191917
5162,2.062032255994982,Outgoing,26-35,61.98157886404106
5163,9.206700038606428,Outgoing,56-65,69.41315144767401
5164,9.205635370256289,Outgoing,56-65,85.72972354262822
5165,20.145469722789432,Outgoing,36-45,93.07730388234909
5166,13.744773623358999,Incoming,36-45,58.61131947868414
5167,13.880731986094247,Incoming,18-25,66.42088447468296
5168,13.03581411097008,Outgoing,46-55,55.42039336315601
5169,27.285031944753708,Outgoing,18-25,5.628793154996977
5170,17.317463725808935,Incoming,46-55,62.224077774898895
5171,18.38418234908308,Outgoing,46-55,41.34776165240033
5172,12.664273419934078,Outgoing,36-45,0.0
5173,16.792529400949626,Incoming,36-45,35.52270879787745
5174,10.1701746010635,Incoming,46-55,42.6424443752087
5175,19.406072742905508,Incoming,36-45,77.89176397443713
5176,8.974124954188786,Incoming,46-55,51.04376613399506
5177,22.20953891919411,Incoming,36-45,36.31283293230739
5178,11.855334090597676,Incoming,26-35,21.938879119000028
5179,23.638749690917425,Incoming,46-55,49.21144565525665
5180,30.351059803773836,Outgoing,56-65,58.57133899110544
5181,17.00770778067611,Outgoing,26-35,68.78736563562848
5182,26.181305855000225,Incoming,18-25,75.34633459636329
5183,22.260142642897932,Outgoing,36-45,19.173750487323453
5184,6.970525726749452,Incoming,18-25,61.136772423766494
5185,17.776494442629552,Incoming,56-65,50.66572672527173
5186,20.508390939824558,Incoming,36-45,48.4194253725402
5187,21.18400720798407,Outgoing,18-25,59.946970653240086
5188,18.247447634824944,Incoming,26-35,97.61233942564748
5189,18.157179774290547,Incoming,18-25,47.51197282022364
5190,17.03561150680664,Outgoing,36-45,57.52526716309284
5191,17.932232601955796,Incoming,26-35,29.952578813285808
5192,8.434247207906681,Outgoing,56-65,27.278373436128035
5193,15.346524533149251,Outgoing,18-25,26.043810666066353
5194,6.829130516319301,Incoming,46-55,15.012463336423863
5195,13.516606220722169,Incoming,36-45,38.143144318151755
5196,12.864361142293781,Outgoing,46-55,99.02828555040249
5197,12.417359184306218,Incoming,46-55,34.97896006404374
5198,9.635942895476667,Incoming,18-25,46.45047497030512
5199,18.88494091657821,Incoming,46-55,19.505650603363534
5200,14.773507860016974,Outgoing,26-35,49.398081802986276
5201,14.057016209729,Incoming,56-65,27.739023758288308
5202,7.146982038526064,Incoming,56-65,46.353063956641435
5203,14.914971654621072,Incoming,46-55,46.176380553695196
5204,25.018729599411753,Outgoing,36-45,51.988055615533014
5205,25.125644169022387,Incoming,46-55,82.66541461208355
5206,19.614588058029117,Outgoing,36-45,99.57943702336779
5207,14.933922174161125,Outgoing,56-65,99.3309965735711
5208,20.912879811571678,Outgoing,26-35,57.69706130398737
5209,12.32852488276316,Outgoing,36-45,59.3186679190617
5210,14.905234208816335,Outgoing,56-65,57.343291479683245
5211,11.802342901820374,Outgoing,18-25,74.2279074547908
5212,23.35856499014863,Outgoing,46-55,37.76833183606655
5213,22.460041726941455,Outgoing,36-45,29.56050920788058
5214,16.757224186678044,Outgoing,26-35,4.882121714081087
5215,29.118766165033946,Incoming,46-55,77.28968669999747
5216,19.887602065396628,Outgoing,56-65,60.599381366776754
5217,19.49359282435418,Outgoing,56-65,34.46343945965056
5218,18.743841725780616,Incoming,56-65,95.13409980891467
5219,8.163992275867294,Incoming,36-45,38.465034739098286
5220,10.740041180148406,Outgoing,18-25,92.71021012503707
5221,16.617534324196527,Incoming,18-25,33.20405580558044
5222,16.675315648600893,Incoming,56-65,59.535114396257306
5223,21.128338901473054,Outgoing,46-55,65.99623549602964
5224,12.324930236619338,Outgoing,26-35,41.71381185213455
5225,17.494806905295807,Outgoing,46-55,22.728607539755295
5226,17.61992091772438,Outgoing,36-45,55.78589454908615
5227,17.89736557243287,Outgoing,18-25,35.58718284193567
5228,17.114901619372972,Outgoing,26-35,15.414733403239964
5229,7.173119870136027,Outgoing,56-65,9.63430168856538
5230,1.1714707543955392,Outgoing,56-65,59.664174308910106
5231,10.407654549349182,Outgoing,36-45,0.0
5232,13.282138840407669,Incoming,36-45,47.682823408066994
5233,8.750836916646934,Incoming,36-45,73.92250907580049
5234,16.610282917879555,Incoming,36-45,17.174434150059447
5235,24.63074878151739,Incoming,56-65,21.190976936951465
5236,22.082232157995158,Incoming,56-65,62.84446979081887
5237,20.264333067895272,Outgoing,36-45,0.0
5238,23.89717517063752,Outgoing,56-65,53.20636203777589
5239,10.527638689688391,Outgoing,36-45,42.649270059261994
5240,13.802426112303532,Outgoing,26-35,90.96182738431504
5241,21.303928041407556,Incoming,36-45,94.88549459173451
5242,13.678289935796045,Outgoing,36-45,63.156564783278284
5243,14.061214568942088,Outgoing,26-35,37.33839740133398
5244,30.036933853364875,Incoming,18-25,56.88657615511086
5245,17.66809454504326,Outgoing,46-55,76.7867871850259
5246,29.34538340140516,Incoming,36-45,72.39348518066028
5247,4.236923335180611,Outgoing,26-35,0.0
5248,12.58393586777694,Incoming,26-35,18.07955850063091
5249,19.861716064563495,Incoming,56-65,73.72247697000176
5250,17.656128058411554,Outgoing,36-45,22.782469763119316
5251,2.611176157620399,Outgoing,26-35,63.28443518299635
5252,15.392945735994477,Outgoing,18-25,75.28970079031072
5253,34.31112317633092,Outgoing,18-25,69.77954695694211
5254,18.72838940281068,Outgoing,46-55,66.88321784217969
5255,21.23105199999151,Incoming,56-65,42.61063571761511
5256,12.492397824524001,Incoming,56-65,20.341679635163857
5257,18.702989031774386,Incoming,56-65,99.75832904192538
5258,16.91370261235275,Incoming,36-45,6.335774898515233
5259,24.831701022172357,Outgoing,18-25,57.79991183880846
5260,24.60900620745879,Incoming,36-45,40.72230848451632
5261,19.85261301374518,Outgoing,26-35,88.01451266105599
5262,17.496760709161812,Incoming,46-55,55.675753522063246
5263,5.246247248727709,Outgoing,46-55,32.99335200196104
5264,5.002311940331545,Outgoing,36-45,43.081302803791026
5265,17.573376393782624,Outgoing,46-55,77.02708091328608
5266,23.12243878023159,Outgoing,36-45,81.54671565110826
5267,26.3222223986932,Incoming,56-65,71.04800339976623
5268,10.771828747384653,Incoming,26-35,57.525634695861214
5269,6.435329844511049,Incoming,56-65,30.571956195564045
5270,23.530714070262075,Incoming,46-55,36.58963149079207
5271,11.297157630311485,Incoming,26-35,66.36296439212505
5272,5.960522126290293,Incoming,18-25,80.2047244189421
5273,13.544252893166295,Outgoing,36-45,17.751671574879225
5274,13.422307232930283,Incoming,26-35,12.125657468109111
5275,26.241197534151432,Outgoing,36-45,49.64717496824952
5276,23.059437402770747,Outgoing,26-35,60.616362234188465
5277,11.838290280656686,Outgoing,46-55,58.95467407860123
5278,26.7856803978923,Incoming,56-65,68.17994420179721
5279,17.875181005400474,Outgoing,46-55,41.403481020852
5280,24.425849447058656,Incoming,18-25,85.67718772465079
5281,26.290249556855482,Incoming,46-55,92.66880518782241
5282,15.161849699513303,Incoming,26-35,68.09362613852943
5283,20.99923701888912,Outgoing,18-25,41.99056078646021
5284,14.152690748966078,Outgoing,26-35,0.0
5285,23.510715833434876,Incoming,56-65,38.103016381211745
5286,17.63192600662606,Incoming,36-45,58.176646201250946
5287,23.722255533459876,Outgoing,56-65,70.73706338161993
5288,27.673296646729238,Incoming,56-65,45.94354967356365
5289,20.8306228225648,Incoming,56-65,52.11818783062019
5290,16.345781009807034,Outgoing,26-35,97.03834410586103
5291,16.462204863870017,Incoming,36-45,27.320840870647846
5292,0.0,Incoming,26-35,13.122455102090129
5293,12.010439761180589,Incoming,18-25,0.0
5294,23.528014642347394,Incoming,26-35,78.66612239935192
5295,23.789168449103848,Incoming,56-65,21.321600409041125
5296,11.858026393296303,Incoming,46-55,45.951643362821564
5297,18.152022324171153,Incoming,46-55,75.26972808420307
5298,15.675135045443586,Outgoing,26-35,93.43628413882581
5299,21.82721665096505,Outgoing,56-65,56.045128392439324
5300,32.46030334342129,Incoming,56-65,29.661973441082736
5301,21.95928004601347,Outgoing,46-55,63.49091224197842
5302,12.308757818010601,Incoming,36-45,28.28796656027684
5303,16.451063303365288,Incoming,36-45,53.03218654956708
5304,26.813497771719124,Outgoing,56-65,19.827297493564863
5305,7.139261529309827,Outgoing,18-25,33.86704211104714
5306,12.694596341577986,Incoming,18-25,111.06254569553418
5307,21.969747524046966,Outgoing,18-25,81.69687954718431
5308,26.060318772437746,Outgoing,18-25,37.977127638585884
5309,21.262775315915288,Outgoing,18-25,43.80254924368583
5310,12.75313559347886,Incoming,46-55,72.89260102257418
5311,20.755747109284748,Incoming,56-65,44.52875334446974
5312,19.900049367156065,Outgoing,26-35,85.28277962452913
5313,19.45575236916044,Incoming,46-55,15.620311625654907
5314,16.320484261263616,Incoming,46-55,53.183125098950036
5315,17.37096015729939,Outgoing,56-65,34.87139897992474
5316,10.647500976228697,Incoming,36-45,61.34130077715253
5317,34.36142957498245,Outgoing,46-55,57.93660590441882
5318,18.098996084740325,Outgoing,46-55,55.54950656268265
5319,20.83958596735567,Outgoing,26-35,65.58210877257932
5320,15.474621485001608,Incoming,18-25,61.78972440106194
5321,22.91717230565616,Incoming,46-55,26.4462746024396
5322,7.910969409065055,Incoming,18-25,52.14343121477408
5323,4.780761251400847,Incoming,56-65,52.22095535457626
5324,16.786699448030888,Incoming,46-55,53.69642455908747
5325,31.378386925824124,Outgoing,26-35,109.90779464181665
5326,25.458245841778556,Outgoing,26-35,55.66438551740254
5327,11.340874991886917,Incoming,56-65,95.905952453531
5328,20.61261186981165,Incoming,18-25,6.125904087325644
5329,12.54807365518609,Incoming,36-45,40.30971489044391
5330,19.984916812110114,Outgoing,56-65,48.64001794247112
5331,20.53075713372226,Incoming,36-45,93.51495317440396
5332,23.485353846286934,Incoming,26-35,0.2055141431056171
5333,6.04035411989674,Incoming,26-35,79.2067358362012
5334,8.14088407801603,Incoming,46-55,68.33818083569668
5335,16.47100609466529,Outgoing,26-35,68.41893485095457
5336,9.773036650348132,Incoming,18-25,49.86224563451501
5337,9.23194551010554,Incoming,26-35,58.86001605552437
5338,18.903001654560537,Incoming,46-55,53.675802230281526
5339,10.587751048875425,Outgoing,56-65,37.96710875283651
5340,32.80359823271921,Incoming,46-55,77.45290376674183
5341,13.267838088942678,Outgoing,56-65,56.986983347942044
5342,15.108375410546152,Incoming,46-55,35.349363523571526
5343,19.08278378361996,Incoming,26-35,65.22673970518564
5344,6.444312331979772,Incoming,36-45,49.71427543548391
5345,20.559531585157416,Incoming,18-25,43.77540856433549
5346,19.390273548837207,Incoming,36-45,12.572824846803059
5347,14.554861392356099,Outgoing,18-25,41.89660912273549
5348,18.917491153173984,Incoming,26-35,40.62782593917896
5349,19.997977589767785,Outgoing,46-55,62.589649029256194
5350,27.046334986102096,Incoming,46-55,45.37575348629017
5351,34.5018302758606,Incoming,56-65,122.09126736684642
5352,9.569493086557294,Incoming,36-45,16.613252890012724
5353,7.918568130409193,Incoming,18-25,23.84231100640974
5354,17.719247279156107,Incoming,46-55,41.49783327030531
5355,2.447570635244386,Incoming,26-35,64.1024132087984
5356,21.545906622778528,Outgoing,46-55,46.81564184375002
5357,17.79156534151,Incoming,56-65,39.69150845403815
5358,19.57100619482964,Incoming,46-55,25.111218036627065
5359,14.874996454160373,Outgoing,26-35,65.72460637196443
5360,18.785110361778813,Incoming,46-55,123.36288122630202
5361,20.305677043507078,Incoming,18-25,28.517263113149966
5362,18.40016383966614,Incoming,18-25,69.36570868368314
5363,7.584309691762204,Outgoing,46-55,94.22925876612311
5364,18.204040790410648,Outgoing,26-35,58.523527951393824
5365,29.97775280234885,Incoming,26-35,63.45459901489701
5366,18.68624440935904,Incoming,46-55,52.984541472063846
5367,17.95938928937715,Incoming,26-35,99.7473752385096
5368,27.920263605235778,Incoming,18-25,74.9513882032638
5369,11.780691095645892,Outgoing,18-25,83.4502578990052
5370,23.2277434806074,Incoming,18-25,51.74734773518787
5371,13.288898528634782,Outgoing,56-65,71.97771579282755
5372,24.60608340341595,Outgoing,36-45,53.13773936727009
5373,22.586337081272944,Outgoing,18-25,74.29904879574518
5374,14.11404795670946,Outgoing,46-55,44.84403411604532
5375,15.138272115669405,Outgoing,56-65,84.22178454999394
5376,23.844680789927594,Incoming,46-55,68.61673578152815
5377,4.011843691436775,Incoming,26-35,43.54688762536196
5378,13.906496230737114,Incoming,36-45,76.8815100632305
5379,21.342922385371615,Incoming,56-65,47.117146403311416
5380,14.843252600235097,Outgoing,26-35,24.136371230903272
5381,17.94404366144847,Incoming,26-35,47.989934712632554
5382,2.7119433803771607,Incoming,18-25,48.209743583510054
5383,11.018653330313178,Incoming,46-55,26.060136181035656
5384,21.756168705062663,Outgoing,26-35,67.47550981063392
5385,11.742948360549107,Incoming,26-35,65.53602853843505
5386,7.882782024245911,Incoming,26-35,54.61761324531578
5387,24.43125973068217,Incoming,36-45,75.43748383092787
5388,20.60978837848792,Outgoing,56-65,45.872213387271344
5389,9.380266530280364,Outgoing,18-25,17.819034763268547
5390,17.96952691102469,Incoming,56-65,38.75083561578242
5391,9.608365436922991,Incoming,26-35,34.20389695703926
5392,15.932786601870692,Incoming,36-45,45.85360523351502
5393,18.231917326678225,Outgoing,26-35,57.549104257947
5394,11.340525205597231,Incoming,46-55,105.58255222433937
5395,22.196330534676676,Outgoing,56-65,16.581077080778726
5396,23.28146191625159,Incoming,18-25,77.20966676086854
5397,18.844958674298997,Outgoing,36-45,29.921707638962825
5398,19.89787506078281,Incoming,56-65,66.47473617519655
5399,6.8301981314188005,Outgoing,26-35,39.07739900081066
5400,26.535310587904693,Outgoing,18-25,60.79609307361511
5401,16.360725083604716,Outgoing,36-45,95.7965794150058
5402,10.45320544412209,Incoming,26-35,17.930285971868543
5403,18.020850687191476,Outgoing,26-35,62.759314772665064
5404,22.218289946722184,Incoming,56-65,63.82486577977971
5405,20.58644696937779,Incoming,26-35,80.58548978444232
5406,9.407167446480981,Outgoing,26-35,56.798601001477394
5407,22.303465226622485,Outgoing,36-45,141.09814400037715
5408,16.57538642740567,Outgoing,26-35,84.60580017388321
5409,20.50842927668885,Incoming,46-55,70.78541076762052
5410,11.389139495930902,Incoming,46-55,64.21570359237717
5411,24.321381125706566,Outgoing,18-25,69.80033330822228
5412,18.279008683853753,Incoming,46-55,58.42248220755053
5413,25.32176319896761,Outgoing,46-55,58.601464459656455
5414,6.255923238007144,Outgoing,56-65,17.05042124904991
5415,7.19006616269491,Incoming,46-55,69.6336589812708
5416,15.319805073552857,Outgoing,26-35,69.36424329693392
5417,27.27337513980947,Outgoing,56-65,63.86944307479003
5418,30.73967628371608,Incoming,46-55,64.49528694047895
5419,10.781015906476405,Incoming,26-35,74.00978225613343
5420,17.37132922128031,Outgoing,18-25,66.53338912946043
5421,18.086063826964587,Incoming,56-65,57.18959769774359
5422,22.02710329126638,Outgoing,26-35,63.27285520050788
5423,23.194738664887417,Incoming,56-65,85.77019967106659
5424,9.199212649618323,Outgoing,18-25,91.67765168002312
5425,17.452153521521602,Incoming,18-25,30.41780426182994
5426,2.9403745336105604,Incoming,56-65,45.1882635308439
5427,22.67553898128283,Incoming,26-35,78.81036704355319
5428,14.62966092173174,Outgoing,36-45,68.97824340435415
5429,8.562325444885564,Incoming,56-65,39.07977479261129
5430,19.327827669697683,Outgoing,36-45,56.58176650426054
5431,14.410915298961523,Outgoing,26-35,74.68838845587845
5432,25.830227215433567,Outgoing,46-55,102.96256508870079
5433,10.751925051176498,Outgoing,56-65,113.84933587079306
5434,32.56068640042655,Incoming,18-25,9.58417327268505
5435,22.981888800743448,Outgoing,46-55,76.2824897429629
5436,26.013860892289202,Incoming,26-35,39.35243320854609
5437,9.798146589160842,Outgoing,18-25,83.84254508107969
5438,29.519215639936313,Incoming,56-65,20.730073442409143
5439,8.512167882142132,Incoming,26-35,37.91472102026826
5440,15.531318124824974,Outgoing,56-65,50.64212702138751
5441,26.13259639184732,Incoming,46-55,71.75940199325248
5442,20.547383507531322,Outgoing,56-65,45.73849055565452
5443,8.325866578928267,Incoming,18-25,36.79259672640528
5444,24.947870432898565,Outgoing,56-65,12.252952245851205
5445,19.379681169197763,Outgoing,46-55,38.385053124565886
5446,14.086598347615464,Outgoing,46-55,71.90491279314436
5447,6.205935207652654,Incoming,18-25,92.20021459775708
5448,20.04325370910979,Incoming,36-45,28.925191890324143
5449,15.856005379235018,Incoming,36-45,31.267902813295237
5450,18.094165441230643,Incoming,56-65,36.5806320088063
5451,5.903590478805858,Outgoing,46-55,52.06668414424774
5452,14.069400591505572,Incoming,26-35,59.84375343879045
5453,20.362132350790578,Incoming,26-35,47.332525707191294
5454,30.13525227913312,Incoming,46-55,15.484791509657477
5455,15.563028640045587,Incoming,26-35,4.208049144193353
5456,27.103093413476845,Outgoing,18-25,42.6679083340474
5457,22.511438945948925,Incoming,56-65,68.30369575307148
5458,18.636494763773438,Incoming,46-55,55.16923626060202
5459,9.9136075143372,Outgoing,56-65,97.09207862231537
5460,10.206650195283306,Incoming,18-25,17.026792160791047
5461,21.322786094946196,Outgoing,26-35,57.55407257217929
5462,13.314530981263509,Incoming,46-55,89.86371491925645
5463,12.692460968637302,Incoming,18-25,47.53105902496228
5464,15.735727626759946,Incoming,18-25,23.06432325521541
5465,15.853184187625654,Outgoing,56-65,0.0
5466,23.305375833355807,Outgoing,46-55,47.03448856640482
5467,13.461516112178526,Outgoing,56-65,42.19958489866361
5468,22.60868025217021,Incoming,56-65,38.76260543284094
5469,20.077935938380826,Incoming,18-25,62.4888118191588
5470,5.2820280884656405,Outgoing,56-65,100.39017099243281
5471,19.06155364088315,Incoming,26-35,20.661598073971646
5472,0.0,Outgoing,26-35,30.983711678642894
5473,10.733437168436094,Outgoing,18-25,51.31688012787676
5474,20.241537925935738,Incoming,56-65,73.02075603119536
5475,16.925498298184376,Incoming,26-35,45.37969562575156
5476,4.624755258269211,Outgoing,36-45,69.5787624622399
5477,9.165867631185165,Outgoing,36-45,19.013450825255347
5478,0.0,Incoming,56-65,56.18956825751843
5479,7.6020572006900125,Incoming,18-25,54.652226156074214
5480,21.053443445229853,Outgoing,26-35,94.20619973462635
5481,13.097969429973976,Incoming,46-55,83.35836285815658
5482,18.189618792085906,Outgoing,46-55,57.86167172134932
5483,17.095510670776473,Incoming,26-35,31.241887920916042
5484,17.2280814934971,Outgoing,56-65,0.0
5485,24.161926961791362,Incoming,36-45,32.87465475924595
5486,15.57962550480283,Incoming,36-45,109.65928976185705
5487,23.374678611419345,Incoming,26-35,9.694627691426717
5488,0.0,Incoming,36-45,32.156777624634785
5489,24.779981697908326,Incoming,26-35,58.193650648638176
5490,7.969453355231558,Outgoing,18-25,86.64951904237878
5491,9.489421938451748,Incoming,36-45,23.031881657491173
5492,12.067677573561209,Incoming,56-65,66.60254165313778
5493,24.586986545820057,Outgoing,36-45,35.3324156622075
5494,10.774901055987396,Incoming,26-35,24.527153262263923
5495,12.40877854534552,Outgoing,46-55,40.11959711164059
5496,10.268185973819547,Incoming,36-45,53.87008455219766
5497,18.787763606016064,Incoming,26-35,23.27190269019761
5498,22.205258344213675,Outgoing,36-45,82.88733500145437
5499,28.930271610324418,Outgoing,36-45,91.24049720529527
5500,33.7987224985074,Incoming,36-45,37.24266642982769
5501,21.551265272315785,Incoming,46-55,74.45860305900759
5502,19.559579308085578,Outgoing,26-35,16.82010658352418
5503,8.478621875242517,Outgoing,18-25,50.38492979901876
5504,30.365122076116833,Incoming,56-65,75.93717650089611
5505,18.50782176533762,Incoming,46-55,72.92982637330411
5506,14.976546106646545,Outgoing,56-65,58.641638860643575
5507,19.712722383374874,Outgoing,56-65,84.98921276993772
5508,12.545544908235833,Incoming,18-25,36.58666605546366
5509,0.6362990499605203,Outgoing,36-45,57.19746325952456
5510,21.00262044653521,Incoming,18-25,56.308348175516294
5511,26.397316963537328,Incoming,56-65,65.50822512616634
5512,20.898458446406625,Outgoing,46-55,70.14353092774809
5513,16.95044608998842,Incoming,56-65,22.629001164626246
5514,17.09290226673952,Outgoing,56-65,72.07473275153112
5515,18.205958234014005,Incoming,18-25,24.852452693380478
5516,17.991579547620088,Outgoing,26-35,78.01269769893315
5517,16.575090777636117,Outgoing,56-65,98.78572521264664
5518,17.17740015628196,Outgoing,26-35,42.4759077232614
5519,27.88508918308325,Incoming,36-45,31.514801110697807
5520,20.30591250042573,Outgoing,56-65,96.57275789077485
5521,17.736028888171948,Incoming,18-25,53.31957410424909
5522,21.61458827407142,Incoming,36-45,21.37310731645168
5523,21.615092907482705,Incoming,46-55,32.01541179320705
5524,23.62198573938901,Outgoing,56-65,33.38175360488837
5525,11.701620117169977,Incoming,18-25,85.1165917534029
5526,13.636304656965471,Incoming,56-65,29.7069260523404
5527,11.305097820640235,Incoming,18-25,0.0
5528,22.36706046445584,Incoming,18-25,53.747168149513215
5529,22.02509682084918,Incoming,26-35,62.38001147105454
5530,8.087299892343399,Outgoing,56-65,69.29724675207648
5531,19.73586468974226,Outgoing,18-25,0.0
5532,26.605637075075112,Incoming,18-25,50.39497651974728
5533,15.352671528928592,Outgoing,36-45,44.23941136301631
5534,19.197812917484132,Outgoing,56-65,65.49151512314617
5535,22.113399919770973,Incoming,36-45,5.341511140152342
5536,7.756092324208959,Outgoing,26-35,58.75725867552434
5537,18.063917112937716,Outgoing,26-35,59.53735736406197
5538,25.904813328190297,Outgoing,18-25,83.38364879385331
5539,12.847538282650966,Outgoing,18-25,63.8433731502458
5540,22.8272629958118,Incoming,18-25,72.38940883500216
5541,17.190131249973835,Outgoing,56-65,24.057237620690376
5542,12.278467505064281,Outgoing,56-65,52.31241623441978
5543,16.324440144299093,Incoming,46-55,87.54466709850831
5544,13.317104531396376,Outgoing,18-25,42.51699959601928
5545,10.78180170765994,Incoming,36-45,74.33702638521981
5546,15.219586592828241,Outgoing,46-55,30.77186840059613
5547,17.478984186702856,Outgoing,56-65,49.143732278702
5548,15.837619322157922,Outgoing,56-65,14.424309491095379
5549,15.142384932098116,Outgoing,18-25,52.701138138347986
5550,18.581971180759197,Incoming,36-45,33.82217969379376
5551,20.719841824867338,Incoming,36-45,83.48366217965773
5552,8.991333370121822,Outgoing,26-35,105.69931282223516
5553,15.233228914335745,Incoming,18-25,11.689017133649642
5554,3.185213630043057,Incoming,56-65,23.911125706813355
5555,15.864716486760576,Outgoing,18-25,77.94784873042013
5556,18.05370332250135,Incoming,18-25,35.70371813900482
5557,20.98846008515806,Incoming,26-35,52.73993295507259
5558,18.07873364547413,Incoming,26-35,92.63634877362536
5559,20.837229508379735,Outgoing,46-55,93.34024231265829
5560,17.456574871684943,Outgoing,18-25,22.235387830234366
5561,12.27137135272268,Outgoing,56-65,103.17185187920894
5562,9.188453821272104,Outgoing,26-35,71.62769491670723
5563,15.15898104898029,Outgoing,46-55,80.02129717327946
5564,11.6360665761513,Outgoing,46-55,38.167156462602506
5565,16.16196619758321,Outgoing,46-55,35.62065400346111
5566,13.556860975587993,Outgoing,56-65,11.304780510187783
5567,19.933567087948337,Incoming,26-35,23.772875031901194
5568,17.34268517120064,Incoming,36-45,72.01939575358935
5569,20.132460353800738,Outgoing,56-65,66.41359819030035
5570,20.09669306292193,Outgoing,18-25,74.60207812723091
5571,15.742288693984992,Outgoing,36-45,60.791855364946635
5572,16.171645585550756,Incoming,56-65,54.316344802910734
5573,20.51123141824953,Outgoing,26-35,37.32899006613158
5574,34.12157251471888,Incoming,46-55,47.816419000061785
5575,10.076081971450922,Outgoing,56-65,77.34870794702576
5576,17.29226041592622,Outgoing,18-25,75.29771476449649
5577,8.630041569431722,Incoming,18-25,61.21767225594215
5578,16.85361355309462,Incoming,18-25,31.473098601434472
5579,12.28157367441938,Incoming,36-45,42.86667530959056
5580,16.16065512263488,Incoming,46-55,21.145549694086526
5581,18.08717233763501,Outgoing,56-65,45.97065480643481
5582,13.57426221303227,Incoming,36-45,13.166077732063691
5583,4.513689266688322,Outgoing,56-65,46.4948163809342
5584,26.978749740069645,Outgoing,26-35,38.242657605217865
5585,22.874938858595165,Incoming,26-35,54.62803485733364
5586,16.086085397623947,Outgoing,56-65,35.45996047731663
5587,10.736869012526068,Outgoing,36-45,73.26490261411838
5588,17.595172131981194,Outgoing,18-25,13.879183632482054
5589,19.526921775289857,Incoming,36-45,15.118547227057668
5590,22.39008271031726,Incoming,36-45,48.21877606940018
5591,23.0355551508055,Incoming,56-65,61.57538351731559
5592,24.354734137182923,Outgoing,36-45,44.69345305099638
5593,4.813982173535143,Outgoing,26-35,46.80134197943812
5594,14.867497501851991,Incoming,56-65,57.33692652868371
5595,23.95170574428139,Incoming,56-65,67.42295393617171
5596,10.534578081534246,Incoming,56-65,44.31655505333042
5597,25.534873040271712,Incoming,36-45,59.74016435054488
5598,29.67264330596793,Outgoing,46-55,79.58045011218039
5599,25.338780236214127,Outgoing,18-25,20.778552454344627
5600,21.631132849722505,Outgoing,18-25,86.61988660278564
5601,13.867456408460061,Outgoing,26-35,84.71840302344278
5602,18.971443626235104,Incoming,56-65,34.09358221054661
5603,7.577337458955636,Incoming,18-25,68.01417905172099
5604,11.532225347857707,Outgoing,36-45,16.66290677699618
5605,12.024375622419708,Incoming,36-45,62.5387401850926
5606,17.43380801776163,Outgoing,36-45,89.12306003590402
5607,14.254759142001962,Incoming,26-35,28.854014858500648
5608,18.831199696340448,Incoming,56-65,36.025687085275436
5609,23.14478777414081,Outgoing,18-25,64.03110765409274
5610,12.03190719990117,Outgoing,56-65,46.33188570994568
5611,18.04020765055936,Outgoing,56-65,59.779436135952345
5612,14.088217071274444,Outgoing,36-45,116.10253388968644
5613,18.33113745560027,Outgoing,18-25,44.63007384257917
5614,21.803208187482735,Incoming,26-35,15.800646674998099
5615,23.448650535895485,Incoming,56-65,38.50777731050129
5616,21.69212883505127,Incoming,46-55,59.62512898210335
5617,19.897899402502958,Outgoing,36-45,23.012470373661017
5618,7.058507088863294,Outgoing,46-55,37.896554510075745
5619,9.431138493178775,Outgoing,26-35,84.59247624524711
5620,11.230752041396563,Incoming,26-35,95.79965519851993
5621,19.510341447652674,Incoming,26-35,45.142470563163755
5622,7.962965613266222,Incoming,26-35,45.8021952790848
5623,19.362656297175,Incoming,18-25,24.32697939628326
5624,18.851284799928543,Incoming,46-55,61.34353386323896
5625,3.4501762613622073,Outgoing,36-45,114.7504978135673
5626,9.386780247627136,Incoming,46-55,45.78370870548597
5627,24.30712902399725,Outgoing,18-25,46.66508822079639
5628,21.88186403876439,Outgoing,56-65,67.4077946840757
5629,11.047242019635462,Incoming,26-35,43.70308421681362
5630,9.75597310209885,Incoming,56-65,44.14075980813174
5631,0.0,Incoming,26-35,89.54299651370542
5632,27.299083814049204,Incoming,36-45,22.682326924509837
5633,17.287380579017317,Outgoing,26-35,27.932068888900275
5634,30.186068387416405,Outgoing,26-35,71.09462619355939
5635,15.658302391194203,Outgoing,56-65,51.257521615955504
5636,18.9781250922271,Incoming,56-65,28.109016541335397
5637,23.23908930000017,Outgoing,56-65,62.27450695777211
5638,28.47189880326637,Outgoing,18-25,46.658729700590925
5639,20.507151609390966,Outgoing,26-35,59.28233519365458
5640,17.01685052556805,Outgoing,56-65,47.93135134735598
5641,17.195703627807546,Outgoing,18-25,18.003005302906367
5642,9.679150784551455,Outgoing,36-45,81.48377032236179
5643,14.326819931940445,Outgoing,36-45,97.30874034309431
5644,17.358536392305627,Outgoing,26-35,31.97582648245645
5645,26.673257125712336,Incoming,56-65,95.26242048026006
5646,13.9896976456306,Outgoing,26-35,52.351400253961856
5647,24.4385825183165,Incoming,26-35,0.0
5648,16.427133921152983,Incoming,26-35,65.62690201408677
5649,25.704909917077067,Outgoing,18-25,0.0
5650,21.73705745781066,Outgoing,26-35,42.78181167517921
5651,21.264367539959466,Outgoing,36-45,72.6629756862122
5652,23.8517866199687,Incoming,56-65,66.87665080320018
5653,22.83211937900171,Outgoing,46-55,36.98359721371895
5654,24.44669376992677,Outgoing,46-55,70.69399086757522
5655,31.922347714683955,Incoming,46-55,77.53542028853992
5656,28.318262979442498,Outgoing,56-65,39.93234950599583
5657,20.26496963915474,Outgoing,26-35,46.47243887373946
5658,13.907771989074426,Incoming,56-65,59.977058994526395
5659,19.564924527835775,Incoming,56-65,26.059939926740967
5660,3.5166299203903435,Outgoing,18-25,34.74794088197634
5661,22.80290628750717,Outgoing,56-65,79.97980634074719
5662,9.579767637984727,Outgoing,18-25,112.44010506738675
5663,24.857368931821544,Incoming,36-45,70.18972967524527
5664,30.862023235835018,Incoming,18-25,61.6166052244698
5665,6.8434596012056375,Incoming,46-55,100.73787357192302
5666,16.64786922654689,Outgoing,18-25,31.848160691380368
5667,9.549110031327984,Incoming,36-45,57.06382289029295
5668,4.901830252444547,Outgoing,56-65,75.71481147536755
5669,16.255748441572862,Incoming,46-55,34.240532561856824
5670,21.446169259689828,Outgoing,18-25,14.011420381838754
5671,22.28080300523331,Incoming,26-35,75.5721334915113
5672,18.07748068795741,Outgoing,56-65,78.80763856988106
5673,5.350375603705061,Incoming,46-55,76.08531323856238
5674,17.863651337173128,Outgoing,46-55,76.52890878248938
5675,6.552163886281242,Incoming,18-25,57.237371348285535
5676,7.011082193594957,Outgoing,56-65,58.56327407963709
5677,10.022260782204082,Incoming,56-65,60.745317667144874
5678,24.34867833964894,Incoming,26-35,82.70388335351403
5679,20.816787419770808,Outgoing,26-35,61.98262462137303
5680,19.258134885178205,Outgoing,46-55,57.15234714541558
5681,10.961700734142156,Incoming,46-55,63.3511890200831
5682,14.285572315140248,Incoming,36-45,66.14958871737673
5683,7.409142456900565,Outgoing,46-55,28.527913221550516
5684,26.550109288244677,Incoming,26-35,89.7109029009954
5685,32.38080605299204,Incoming,18-25,38.43795104014498
5686,20.89618889851188,Outgoing,36-45,56.79165755726943
5687,22.122279477072528,Incoming,46-55,31.53422072922259
5688,15.887279025520415,Outgoing,26-35,49.93121774898564
5689,5.663833454391453,Outgoing,36-45,68.4079833528603
5690,11.092246465609652,Outgoing,18-25,62.81406391467137
5691,13.742308157465459,Incoming,18-25,41.58550742729185
5692,14.303207926410714,Incoming,26-35,37.80878654737394
5693,12.692244600008014,Incoming,56-65,61.495718590269334
5694,17.33427316000097,Incoming,26-35,82.01606634279982
5695,11.048816380275891,Outgoing,26-35,90.85649885018384
5696,32.1740688443374,Outgoing,26-35,105.35989872053827
5697,7.442381895026232,Incoming,56-65,37.45582245969581
5698,23.211166808157856,Outgoing,46-55,35.7442879090842
5699,15.167017028866788,Incoming,46-55,52.04726901900433
5700,20.239586666832942,Incoming,18-25,50.63513594595281
5701,20.556804070243373,Outgoing,46-55,19.213686613389328
5702,18.099302610844585,Incoming,26-35,76.00816960696955
5703,9.06640476680263,Outgoing,46-55,35.62431168374751
5704,14.675721747409353,Outgoing,56-65,38.83907654725762
5705,18.183666905395402,Incoming,46-55,65.77043278591867
5706,17.745036846988835,Outgoing,26-35,25.132883465111906
5707,9.838076176525817,Outgoing,46-55,48.662853961598714
5708,26.038487213290963,Incoming,18-25,73.5206138125386
5709,0.0,Outgoing,46-55,56.2372554334565
5710,15.249125785647534,Incoming,18-25,73.67325616156437
5711,10.55076871370067,Outgoing,36-45,79.54889340518514
5712,18.275157914514345,Outgoing,56-65,52.881837616589664
5713,24.117080992030985,Incoming,18-25,0.0
5714,7.151216921760453,Incoming,36-45,85.7216491338889
5715,33.47523662601911,Outgoing,36-45,53.81669601284892
5716,18.412940458705034,Incoming,26-35,74.76673092430681
5717,19.67206793066828,Outgoing,36-45,89.17751477179199
5718,6.921719652568109,Outgoing,56-65,9.364656497650074
5719,16.67402968166567,Incoming,56-65,54.899307712584765
5720,23.801723750625243,Outgoing,56-65,93.58902061977055
5721,18.469451005530743,Outgoing,56-65,49.843685510379316
5722,17.98136901608842,Incoming,26-35,79.39852644710108
5723,16.636983019251282,Incoming,46-55,27.624601369400327
5724,7.353999358356051,Incoming,18-25,66.96753888748444
5725,7.314039302555827,Incoming,26-35,23.721234020657672
5726,25.185289886484966,Outgoing,26-35,77.53243350129446
5727,23.17600694160166,Outgoing,18-25,43.695138444511464
5728,24.21189820727098,Outgoing,18-25,90.73912982920494
5729,11.240259693367662,Outgoing,46-55,91.65138160219854
5730,15.89702567181757,Outgoing,46-55,39.89959737968054
5731,25.622601302008015,Outgoing,56-65,96.98851540440498
5732,8.399412726682518,Incoming,46-55,40.3483806011954
5733,24.909176852872864,Incoming,46-55,71.98277952112613
5734,12.89436285163275,Outgoing,18-25,54.19928387982762
5735,11.013366896958466,Outgoing,36-45,44.44421456668434
5736,16.776585901354416,Outgoing,56-65,75.04075830037074
5737,9.180986636217423,Incoming,56-65,42.206804826105646
5738,3.7217448385205856,Outgoing,26-35,40.819495375890874
5739,17.5322078065427,Incoming,46-55,55.142269892355934
5740,20.73986039266972,Outgoing,46-55,77.70852128179204
5741,25.507031208462884,Incoming,18-25,60.90756957123051
5742,21.248822992200402,Outgoing,46-55,46.03143569697053
5743,30.75778029382894,Incoming,26-35,42.16468897726937
5744,26.527524830155382,Incoming,18-25,49.782864530114296
5745,22.166551261806305,Incoming,56-65,68.63134395839032
5746,20.280331777491945,Outgoing,46-55,28.15747529995284
5747,25.61071528151262,Outgoing,46-55,38.46624822217027
5748,1.508845220700275,Incoming,26-35,74.7343382483783
5749,13.63960071115935,Outgoing,26-35,34.324165379947985
5750,3.9906326712750246,Incoming,18-25,40.607692268170155
5751,21.6416834267027,Incoming,56-65,54.227097944173124
5752,11.80065285812371,Incoming,26-35,34.67746923499887
5753,38.137571996366304,Incoming,26-35,43.50325731165135
5754,13.374519412804538,Outgoing,56-65,58.32048753267067
5755,17.744542154177662,Outgoing,36-45,72.94543585699263
5756,14.184134260686339,Incoming,18-25,35.88809654142826
5757,13.578181332992859,Incoming,36-45,34.47635547019707
5758,8.27434681318091,Incoming,56-65,83.49734494952182
5759,8.038954130413176,Outgoing,46-55,38.79988903877846
5760,1.7435489840891023,Incoming,18-25,36.27963511953391
5761,20.818236119624068,Outgoing,56-65,5.090268572292693
5762,14.027472634304134,Incoming,56-65,82.6756364272297
5763,30.535397582298522,Outgoing,18-25,89.3747997782995
5764,8.291018711529277,Incoming,36-45,54.51080290109064
5765,27.33420164108462,Incoming,46-55,59.893109888625574
5766,28.005815347460647,Outgoing,36-45,55.02268943224245
5767,25.93930216550337,Outgoing,26-35,27.618480742637836
5768,18.64358117325862,Incoming,36-45,70.51065813401003
5769,14.63255992346419,Incoming,26-35,89.17122118422648
5770,25.93247387856099,Incoming,18-25,54.947533909695366
5771,11.459758000136226,Incoming,26-35,72.84375452687135
5772,18.894953168120043,Incoming,56-65,33.090352170250284
5773,16.69376437784511,Outgoing,26-35,30.850228637159173
5774,10.760081961127867,Incoming,56-65,66.6917655645501
5775,18.946328805990127,Outgoing,56-65,93.14014961851328
5776,22.192867761151085,Outgoing,36-45,39.858014766501995
5777,10.484202533927167,Outgoing,46-55,50.45815116476078
5778,20.22084130981095,Outgoing,36-45,68.14001116003824
5779,1.396802688201305,Incoming,36-45,43.86092977501109
5780,9.655912612578364,Incoming,56-65,67.14052834657234
5781,13.79857993985431,Incoming,46-55,31.208875330072935
5782,19.501360658762813,Outgoing,56-65,65.8823984432831
5783,23.085203247438383,Incoming,46-55,49.20404664863041
5784,17.579760238146864,Outgoing,26-35,15.067720331641766
5785,20.966170141429977,Incoming,56-65,29.21808191678567
5786,15.875926677114027,Incoming,36-45,63.199966715411904
5787,19.83323700035809,Incoming,56-65,88.89591101176393
5788,19.46336346640096,Incoming,18-25,22.222970638931983
5789,13.436855620560209,Outgoing,18-25,80.45423038567401
5790,14.512340864169097,Outgoing,18-25,65.40038281548614
5791,21.20089020645853,Incoming,36-45,78.9921392232011
5792,29.684614660489807,Incoming,36-45,51.14863183832207
5793,25.44773006916524,Outgoing,18-25,70.76168160575698
5794,9.096187607178198,Outgoing,36-45,101.23870664583058
5795,9.120927825418626,Outgoing,36-45,59.770886719647166
5796,13.250580558622156,Outgoing,36-45,30.5488463777442
5797,17.692449365143162,Outgoing,18-25,91.24335382931949
5798,17.337793798820236,Outgoing,26-35,68.25801132562842
5799,25.68196193849844,Incoming,26-35,61.1207442577608
5800,26.065793140927425,Outgoing,46-55,99.73936508094307
5801,17.039659090908568,Outgoing,56-65,90.18066983516866
5802,15.406123965473881,Outgoing,26-35,66.9914809004172
5803,20.617225026013195,Incoming,46-55,32.40684514465992
5804,24.442409240360575,Incoming,26-35,45.805020352474784
5805,20.867057669842836,Incoming,18-25,59.76801776110054
5806,13.97917937626504,Incoming,46-55,54.312524873231126
5807,12.714222968048741,Outgoing,18-25,43.154276491920506
5808,9.22577397073993,Outgoing,18-25,50.154172865947416
5809,18.35440793316677,Outgoing,46-55,81.28126040386886
5810,21.361840688237812,Outgoing,46-55,60.171986913386746
5811,22.1439163519062,Incoming,26-35,43.237820559711366
5812,25.06232258828429,Incoming,26-35,71.4477330602816
5813,27.36216720463353,Outgoing,56-65,69.01689594500746
5814,7.375240466258646,Incoming,26-35,54.09200144938115
5815,19.833337034019294,Incoming,46-55,27.27303304922427
5816,20.07481642566473,Outgoing,26-35,51.99834321159742
5817,16.482375141073984,Incoming,46-55,54.74125787867722
5818,11.201588010390058,Outgoing,56-65,77.04153160881668
5819,27.112408843157393,Incoming,46-55,37.11731570394632
5820,12.879796422667955,Outgoing,56-65,48.08386459260302
5821,1.6520179839694293,Outgoing,56-65,93.45138818314422
5822,17.14050599577164,Outgoing,56-65,49.049670219681076
5823,15.334954331799686,Outgoing,18-25,54.28277359876606
5824,30.00388090969429,Outgoing,36-45,100.64899825089097
5825,20.42785767935625,Incoming,46-55,32.63286641471518
5826,14.863160772181374,Outgoing,26-35,87.90267429991555
5827,15.62201436724848,Outgoing,36-45,45.4420576538744
5828,15.541175445135742,Incoming,36-45,60.42810844882351
5829,32.519933621943686,Incoming,18-25,62.30947472804801
5830,21.728387076964907,Incoming,46-55,49.17975776714897
5831,7.149878794081927,Incoming,46-55,31.46563646024352
5832,15.288920363293105,Outgoing,26-35,38.48564342072407
5833,16.83457286399644,Outgoing,18-25,49.90890389411626
5834,9.247022575750119,Incoming,36-45,35.45282625495282
5835,4.519311799270371,Incoming,46-55,54.867784964243434
5836,21.16894367250791,Incoming,18-25,36.039668432366454
5837,11.367569029834673,Outgoing,56-65,32.53873459799071
5838,25.741401329919874,Outgoing,46-55,15.420071148632317
5839,17.05736102825484,Incoming,36-45,97.11649941380313
5840,13.680118258167852,Incoming,56-65,52.541209372420234
5841,0.0828644489808319,Outgoing,56-65,38.156977813817164
5842,25.556224947395524,Outgoing,56-65,30.504136811674154
5843,19.054687828517114,Incoming,36-45,41.36748420566384
5844,13.862636968278464,Outgoing,18-25,8.420537139076501
5845,10.767960286938582,Incoming,46-55,39.98350924461744
5846,28.193638463218786,Incoming,18-25,72.71729963729321
5847,9.550462095290008,Incoming,36-45,38.84346490308595
5848,14.419467791881436,Outgoing,26-35,70.44477542575947
5849,20.98821571439944,Outgoing,46-55,77.90216105550172
5850,27.155366480163618,Outgoing,46-55,71.09636565117124
5851,15.48576205073554,Incoming,26-35,55.85408235725018
5852,11.856281180372203,Incoming,56-65,84.37720421008738
5853,16.25282554011277,Incoming,46-55,83.10164882531532
5854,23.33129464070135,Incoming,46-55,37.32867139340554
5855,24.90576419684242,Incoming,46-55,33.34813435672604
5856,7.373885956682329,Incoming,36-45,43.98161653836729
5857,17.804580842639066,Incoming,26-35,47.230864627293755
5858,6.960142137270207,Incoming,46-55,84.29530830154908
5859,23.189520196840906,Outgoing,26-35,74.9607003509974
5860,19.95668730408207,Incoming,56-65,58.378926278997675
5861,10.551700583344893,Incoming,46-55,59.281157536362706
5862,27.739018990358147,Incoming,18-25,27.733371863604674
5863,19.34509436005171,Outgoing,18-25,82.49002442554365
5864,18.5763473632664,Outgoing,18-25,59.46388192775159
5865,15.746219623578284,Incoming,18-25,28.798906226197904
5866,16.943734459657403,Outgoing,36-45,12.896945654223188
5867,14.329622490040483,Incoming,56-65,23.21828732599599
5868,11.811540526486224,Outgoing,46-55,56.84245701204945
5869,25.603914113237757,Outgoing,56-65,0.0
5870,13.550801872340225,Incoming,18-25,25.788490082526668
5871,13.315143735877944,Outgoing,56-65,67.01516031855294
5872,16.094941368957823,Incoming,56-65,44.082258133529265
5873,26.97160136598366,Incoming,36-45,10.617940173034391
5874,24.91816125588119,Outgoing,18-25,39.216989795194024
5875,14.236061413027592,Outgoing,26-35,52.55867003785009
5876,25.58749797891074,Incoming,56-65,78.48321956604632
5877,17.756841192998372,Incoming,56-65,66.36149787562621
5878,11.096023123943754,Incoming,18-25,65.46536209741456
5879,13.667094563976155,Incoming,36-45,72.99156450824009
5880,26.612777084986092,Outgoing,46-55,13.133380600569069
5881,31.579916844983792,Outgoing,18-25,86.11259407640622
5882,19.238717311272417,Incoming,46-55,86.17867946601672
5883,13.034239868218869,Incoming,26-35,39.6973550809048
5884,16.125577726282373,Incoming,46-55,0.0
5885,11.662890726427555,Incoming,56-65,88.2366589811947
5886,12.682656347537254,Incoming,36-45,0.0
5887,11.994665415422265,Incoming,26-35,64.4598564283194
5888,16.4445937675094,Incoming,36-45,43.72758548222871
5889,17.844767255205486,Outgoing,36-45,39.963345647002384
5890,15.962872015227475,Outgoing,46-55,44.19680120944396
5891,15.450739458349005,Incoming,36-45,58.316354604780685
5892,22.323441364539853,Outgoing,26-35,1.3992465232274682
5893,15.395537525521874,Incoming,36-45,50.23220263000543
5894,15.844889325563859,Outgoing,26-35,19.30224676415461
5895,15.764078102817257,Incoming,56-65,42.40192698652782
5896,27.80301413065888,Incoming,56-65,59.04807550224058
5897,13.561497626219772,Incoming,46-55,76.9015149418799
5898,21.174072748590746,Outgoing,18-25,36.624532606426236
5899,11.761356142437773,Outgoing,56-65,99.75789327421117
5900,19.44961381997684,Outgoing,18-25,32.66204393468317
5901,20.823632342518362,Incoming,26-35,33.306434539036196
5902,24.589815007619173,Outgoing,18-25,80.71320713712912
5903,14.310122814952045,Incoming,36-45,48.80617200528003
5904,9.20226204622373,Incoming,26-35,59.50783076559702
5905,11.512102737175976,Incoming,36-45,42.77415295313329
5906,23.7517910119567,Outgoing,18-25,45.655090762097984
5907,31.572261287406707,Outgoing,36-45,63.74329771088745
5908,22.84117388408903,Outgoing,26-35,86.77889622942698
5909,8.165023991481538,Outgoing,36-45,58.504710322854784
5910,22.604570167789863,Outgoing,18-25,65.71906016574981
5911,10.39346236284921,Outgoing,36-45,79.540922954645
5912,14.556001680081325,Incoming,36-45,43.37143422142759
5913,18.31061753805706,Incoming,46-55,30.51891541876674
5914,19.48758198829675,Outgoing,26-35,29.394621302759283
5915,17.458094662698517,Incoming,46-55,32.84966419919341
5916,12.792214970652884,Incoming,18-25,28.901859340826263
5917,24.41970785272034,Incoming,56-65,82.49387371897627
5918,13.307035165719181,Outgoing,18-25,7.892642760468732
5919,25.781589217533924,Outgoing,18-25,69.76922218081424
5920,7.484340764472332,Outgoing,18-25,24.37223686572324
5921,18.50871239361096,Incoming,18-25,99.7813400782201
5922,8.416943257379277,Outgoing,46-55,65.0630217563901
5923,11.161421576051541,Incoming,18-25,33.09565253008864
5924,13.408914537466075,Outgoing,36-45,41.4587540203969
5925,27.64423818311682,Incoming,18-25,52.904045416186534
5926,26.156172662716287,Outgoing,56-65,70.89101802041151
5927,23.119741337900372,Incoming,26-35,63.398168915233256
5928,17.23300025151806,Incoming,46-55,54.66303639481722
5929,18.316412645599403,Incoming,46-55,37.32778818509769
5930,25.865354132819494,Outgoing,46-55,47.753961842845754
5931,21.90913700344759,Outgoing,46-55,88.54779028911565
5932,17.126058963595295,Incoming,18-25,108.20030673690846
5933,27.40670106011396,Outgoing,56-65,82.56589333416355
5934,22.701706753144602,Outgoing,18-25,31.096877673430072
5935,18.696939060873127,Outgoing,26-35,90.81713749525025
5936,13.787162538260631,Outgoing,26-35,46.73313111645277
5937,13.15530422694891,Incoming,18-25,55.08049853008704
5938,14.646772513598043,Incoming,18-25,23.443870397752608
5939,20.198936200333897,Incoming,18-25,57.83977736551878
5940,22.850479711529644,Incoming,56-65,35.372632078444255
5941,6.889957081142747,Incoming,46-55,89.38928444601203
5942,3.3738092564413957,Incoming,26-35,118.60535879343351
5943,10.339571353855074,Incoming,26-35,54.95997640415684
5944,14.146263706372576,Outgoing,46-55,66.9292082073904
5945,25.371630404593354,Incoming,46-55,47.307028294113294
5946,15.037072824117685,Incoming,26-35,57.99910939988468
5947,18.783413442803248,Incoming,26-35,40.21798746614931
5948,19.9253315839137,Outgoing,56-65,62.783036954626404
5949,9.835003978802863,Outgoing,26-35,65.04511630984722
5950,27.21922182314789,Incoming,18-25,62.469870180498894
5951,12.346358798140564,Incoming,18-25,73.66596030825976
5952,27.918540191763963,Outgoing,46-55,45.890780120633366
5953,16.116767989753992,Outgoing,46-55,122.2460580123845
5954,14.637476916708255,Incoming,18-25,38.68713870260622
5955,9.22447571440589,Incoming,46-55,38.42577143358185
5956,18.380997038390063,Incoming,18-25,0.0
5957,32.78067675825157,Incoming,56-65,73.97113287594189
5958,19.89511803281402,Incoming,46-55,0.0
5959,18.893058103642332,Incoming,36-45,46.457759190281635
5960,12.333774619475893,Incoming,26-35,36.197687651403676
5961,21.143886240282463,Outgoing,18-25,19.032737796979724
5962,18.103324649860646,Incoming,26-35,56.600798491428584
5963,16.560158676809692,Outgoing,26-35,99.17990701694923
5964,20.463563490299567,Outgoing,46-55,73.24899327725669
5965,4.289078148260751,Outgoing,26-35,35.9268508681708
5966,16.296328553233753,Incoming,36-45,104.75359795487712
5967,8.62080508416907,Outgoing,46-55,36.67890706417097
5968,17.202289488239604,Outgoing,18-25,82.33979691780456
5969,11.930604370566517,Incoming,26-35,11.558649645080514
5970,12.409121046071572,Incoming,26-35,49.19325716381966
5971,7.665911020500097,Incoming,56-65,25.283524247764944
5972,24.809654798727745,Incoming,18-25,106.93662339138652
5973,12.25577451212485,Incoming,56-65,37.69268779074916
5974,12.63032963456372,Incoming,18-25,29.47531807562792
5975,27.714305498206926,Incoming,26-35,66.62854457013435
5976,20.975702029366087,Incoming,26-35,48.75909974342874
5977,2.757525333916126,Incoming,36-45,108.67383429009584
5978,26.697521202052705,Incoming,46-55,62.71912921320058
5979,28.53523449189512,Outgoing,36-45,56.63400451523234
5980,27.880632617794433,Incoming,18-25,73.01051015958251
5981,21.677324701077914,Outgoing,18-25,49.45499254433635
5982,9.288031680482916,Outgoing,18-25,60.949349399614746
5983,16.655421448562656,Incoming,18-25,34.060845050533615
5984,6.860882883318721,Incoming,46-55,39.45362843790793
5985,10.93788761148551,Incoming,26-35,32.15418431004049
5986,9.223792932260915,Incoming,36-45,64.75687417482295
5987,12.610786813673366,Outgoing,26-35,38.369408464158084
5988,18.14767723148024,Incoming,56-65,74.49331130691078
5989,13.885616355841409,Outgoing,36-45,33.36111811057725
5990,13.584967712970153,Outgoing,18-25,30.825708440128516
5991,14.96373888693572,Incoming,18-25,60.96362279847339
5992,27.496308756863172,Incoming,56-65,58.4637209131875
5993,32.14628851645563,Outgoing,36-45,76.42365815965485
5994,13.84512674126567,Incoming,46-55,25.44132614253165
5995,19.3525194174787,Incoming,46-55,16.53874059428324
5996,11.111054262103476,Incoming,18-25,85.40327076728524
5997,22.373559133995556,Incoming,18-25,21.14280653744391
5998,13.664849566505799,Incoming,18-25,75.74441230116648
5999,12.02226595837142,Incoming,56-65,0.0
6000,31.011110860709877,Incoming,56-65,69.19933163044894
6001,7.50751529905876,Outgoing,26-35,54.71930075225829
6002,0.0,Incoming,56-65,65.11903004643845
6003,22.143811723043008,Outgoing,36-45,74.18485080807407
6004,14.42660112332801,Outgoing,56-65,78.68216719205219
6005,12.478023945222546,Incoming,36-45,66.62519491361618
6006,36.121613003084505,Incoming,46-55,75.87442368738654
6007,22.11158600807887,Incoming,26-35,83.07556269508636
6008,16.590401317461666,Outgoing,56-65,86.85804082516378
6009,12.044478521906113,Outgoing,46-55,67.96461143573381
6010,20.120514941821806,Incoming,36-45,31.318873767057802
6011,4.870031595639553,Incoming,26-35,48.71795227158129
6012,13.38728992719739,Incoming,46-55,52.51943695295499
6013,16.74030721141543,Incoming,36-45,38.0053186064093
6014,18.49444282187855,Outgoing,26-35,26.34212187816637
6015,16.002980642441234,Outgoing,18-25,78.1305746727331
6016,12.147521293897725,Outgoing,56-65,62.5071349996968
6017,23.444635019630766,Outgoing,18-25,38.280467801310124
6018,5.438425050606144,Outgoing,18-25,55.94242130939348
6019,15.054532895894342,Incoming,18-25,62.51996267091356
6020,13.374486063753077,Outgoing,46-55,26.16076483714211
6021,24.08290170029866,Incoming,18-25,35.04245937578122
6022,13.787818339694446,Outgoing,18-25,47.14955476094444
6023,20.063644897441172,Outgoing,46-55,51.12743417018447
6024,19.331327573115885,Incoming,56-65,15.121894875936924
6025,4.154171605250161,Outgoing,26-35,73.64854094814507
6026,16.54046830563262,Incoming,26-35,55.78021162757217
6027,4.800849247576732,Incoming,56-65,48.79235600974077
6028,19.458996529179625,Incoming,46-55,37.13044560120528
6029,11.887749262159815,Incoming,18-25,29.667711032707018
6030,25.306687037945782,Outgoing,26-35,55.39624392330369
6031,15.734623300854269,Outgoing,56-65,58.94020419984986
6032,11.609605884570353,Incoming,56-65,104.23967423625152
6033,25.399012063364417,Incoming,18-25,106.48601062830667
6034,10.896768847041528,Outgoing,56-65,41.644271067702356
6035,23.26286542943348,Outgoing,46-55,31.032034887308917
6036,20.27270071812693,Incoming,46-55,23.34780391876602
6037,14.441978641802768,Incoming,26-35,57.19423365209262
6038,7.6481553614045055,Incoming,36-45,23.805559616629573
6039,25.6916377927214,Incoming,56-65,20.51254843702184
6040,20.503248401515517,Outgoing,46-55,36.64011855255483
6041,11.596363854678815,Incoming,18-25,39.755394930307794
6042,18.71223979216213,Outgoing,18-25,36.49165329634907
6043,24.0431332911274,Incoming,36-45,14.561144474198926
6044,17.78413155937821,Incoming,36-45,52.726133554022866
6045,18.668791828571678,Outgoing,36-45,52.27625343459971
6046,24.224026206628196,Outgoing,18-25,88.44300328286664
6047,27.760839420122235,Outgoing,56-65,23.94775408422885
6048,16.162805775267394,Outgoing,46-55,68.16366673922109
6049,7.637899942701134,Incoming,18-25,99.62212231983595
6050,7.8819658049676775,Incoming,46-55,18.585939562623004
6051,12.16305031012076,Incoming,36-45,27.73819913122705
6052,10.455759315067112,Incoming,26-35,23.552210669440285
6053,5.222717727295208,Outgoing,56-65,66.17501544074942
6054,29.934775021920842,Incoming,36-45,65.18882261988706
6055,20.696694835934334,Outgoing,36-45,78.83001650450828
6056,13.333416822155062,Incoming,46-55,56.9802261991454
6057,16.77238210325615,Incoming,18-25,100.02228050898714
6058,4.495206387475907,Outgoing,26-35,68.53751744670858
6059,25.101253285361196,Incoming,56-65,86.46476674517113
6060,3.3527272591939923,Incoming,26-35,58.87507611240161
6061,20.570194471509843,Outgoing,36-45,45.35596673406682
6062,4.131044916761898,Outgoing,26-35,50.57965222981417
6063,14.10194333416518,Outgoing,56-65,89.30529917535
6064,25.69882210589624,Incoming,36-45,74.86083206387579
6065,5.562335358507616,Outgoing,56-65,73.33675080955068
6066,15.959037698469523,Outgoing,26-35,79.80824806708581
6067,21.39439473009031,Incoming,36-45,61.603659328752116
6068,20.249186502410698,Outgoing,36-45,125.39055610929984
6069,17.491301998448538,Incoming,56-65,49.39275448317248
6070,20.47034458636739,Outgoing,18-25,57.72391558510245
6071,12.724232310769978,Incoming,36-45,43.78351470477946
6072,30.52957098733098,Outgoing,56-65,67.47096299259213
6073,5.725675029757152,Outgoing,56-65,11.029938520617037
6074,25.134495210301424,Outgoing,56-65,0.0
6075,18.326461757484612,Outgoing,18-25,38.8324468195574
6076,21.319764619550448,Incoming,46-55,69.59374313260423
6077,22.561822123086177,Outgoing,36-45,80.66467160224387
6078,20.8894002242427,Incoming,26-35,23.49107077021006
6079,11.322847676087202,Incoming,56-65,13.348368909455814
6080,14.99611217357853,Incoming,26-35,36.936637684602026
6081,6.838872330588179,Outgoing,56-65,36.49710672961216
6082,14.91052991792004,Outgoing,56-65,60.4342762461055
6083,19.2576329636591,Outgoing,36-45,58.13205480509205
6084,21.249897927496924,Outgoing,18-25,91.67196259176175
6085,19.740040414959832,Incoming,18-25,44.65466766022646
6086,4.714371809989059,Incoming,26-35,21.755795734750095
6087,13.064782473054903,Incoming,46-55,62.62917084848217
6088,12.364253574427307,Outgoing,18-25,30.85734050486303
6089,7.828824467296492,Incoming,18-25,31.24676158835794
6090,11.148466192273679,Incoming,46-55,97.45872000119873
6091,17.008954262586567,Incoming,18-25,78.26412528346516
6092,26.896519645448993,Incoming,36-45,44.3378411303088
6093,10.32854969553703,Incoming,36-45,100.55378451506127
6094,9.097948954960113,Outgoing,26-35,75.74730897333109
6095,12.803692894488123,Incoming,26-35,64.70653496272975
6096,19.362264709602776,Incoming,26-35,38.051710950510866
6097,25.5659552325098,Incoming,36-45,3.537704413189452
6098,16.394437646170214,Incoming,26-35,33.621293219505574
6099,6.878848778335922,Incoming,26-35,42.71743518255698
6100,8.368420202039648,Outgoing,36-45,25.08053267033113
6101,18.317969720619608,Incoming,46-55,58.0940373075539
6102,23.966780762732395,Outgoing,26-35,4.042105429812523
6103,29.710193473888978,Outgoing,18-25,88.26086770524434
6104,8.72319415568085,Outgoing,36-45,43.56674015694249
6105,17.978420668990232,Outgoing,46-55,73.48099775605189
6106,9.791084739283605,Outgoing,18-25,73.18420080507049
6107,10.709613270907614,Incoming,18-25,24.142695329488674
6108,10.116817874076112,Incoming,56-65,11.47954090041081
6109,14.66017184657826,Outgoing,46-55,38.99860557472171
6110,10.824046398192706,Outgoing,56-65,64.38712862967115
6111,34.35192239853427,Outgoing,36-45,58.41658105438643
6112,13.782269517000294,Outgoing,46-55,84.14234733182509
6113,23.914446776016447,Incoming,56-65,64.80850569234433
6114,12.383306277556411,Incoming,36-45,66.64398184200287
6115,32.6326837090776,Outgoing,26-35,34.78701084626766
6116,19.373454869931802,Incoming,18-25,48.62741821911478
6117,22.858522106696157,Outgoing,36-45,49.29582792478784
6118,12.862457432758433,Incoming,46-55,70.44768821613272
6119,23.835084235716632,Outgoing,18-25,73.82591330270932
6120,19.344223180725425,Incoming,18-25,49.18912920784587
6121,14.34715717887357,Incoming,36-45,50.00892698288064
6122,9.440759944992582,Outgoing,26-35,63.78559560863846
6123,15.337195423212975,Outgoing,36-45,103.31947846441027
6124,14.737995649642727,Incoming,56-65,11.519900563689632
6125,23.08319793610498,Outgoing,56-65,31.903025408409462
6126,15.374257940816362,Outgoing,56-65,32.9209589889398
6127,3.549194077008602,Incoming,46-55,22.100039651660076
6128,21.523260339522267,Outgoing,36-45,35.11198794827423
6129,26.052166073568042,Outgoing,18-25,64.42289473596841
6130,5.337527604800915,Incoming,46-55,78.64513313668196
6131,29.63311429377238,Outgoing,56-65,60.754895038331426
6132,26.77656262207346,Incoming,46-55,60.25150823524153
6133,12.583835344069204,Incoming,18-25,32.02939652683202
6134,9.179882752276477,Outgoing,46-55,0.0
6135,24.370842198476517,Outgoing,26-35,64.37037348779052
6136,7.412455743233526,Outgoing,56-65,88.34457174650045
6137,12.321615952478155,Incoming,36-45,78.96139940756025
6138,7.794091809455999,Outgoing,56-65,52.640980957204626
6139,17.04135466636634,Incoming,56-65,56.93477662988967
6140,27.256296003604895,Outgoing,36-45,90.09756055055175
6141,19.62441784045929,Incoming,36-45,37.598288557642405
6142,24.126521491059773,Outgoing,18-25,43.67700700720754
6143,14.537382671257213,Incoming,18-25,9.99391780436521
6144,17.68111980553292,Outgoing,26-35,66.62954200059949
6145,8.414935647453289,Outgoing,46-55,42.50399009651861
6146,16.321798500231793,Incoming,46-55,47.525979232261996
6147,11.778209232404201,Incoming,46-55,72.05103790116581
6148,15.878107911366097,Incoming,56-65,36.206172396797626
6149,15.396915491674214,Incoming,56-65,67.44357842502457
6150,14.798920853901894,Incoming,36-45,68.7384652288018
6151,31.75289899951121,Incoming,26-35,45.98056957689006
6152,29.372812568983484,Outgoing,26-35,75.9818137576492
6153,26.912996670792197,Incoming,46-55,52.42365708635904
6154,29.5654127724808,Outgoing,36-45,72.88527018610654
6155,26.93511854494507,Incoming,46-55,39.59375466520319
6156,16.843358661228788,Incoming,56-65,69.62798481907487
6157,16.125632764725683,Incoming,36-45,46.12793638822261
6158,18.64780175364406,Incoming,46-55,63.382156458402115
6159,15.525205568992106,Incoming,26-35,63.832875766716796
6160,9.719682329972837,Outgoing,18-25,45.033445716062054
6161,19.0762367888291,Outgoing,56-65,44.29991506487
6162,6.037152415126684,Incoming,46-55,49.69497612224478
6163,17.96349148319452,Outgoing,36-45,56.793167456643346
6164,10.036589804466988,Outgoing,36-45,69.34605448149536
6165,16.432727907405095,Incoming,46-55,60.93369235972371
6166,18.338424097773945,Incoming,26-35,0.0
6167,14.530025700180268,Incoming,46-55,76.38675382840394
6168,5.516423959905417,Outgoing,56-65,65.07940549263478
6169,8.683868165853381,Incoming,36-45,84.44618818213851
6170,20.207705351760353,Outgoing,56-65,76.21599360458265
6171,13.09790464307179,Outgoing,18-25,44.42901189107771
6172,20.925948269490775,Incoming,26-35,25.829199072255467
6173,17.06790904142098,Outgoing,46-55,100.17014160610013
6174,15.615176762226659,Outgoing,46-55,87.08259653263698
6175,19.433505116850693,Incoming,26-35,73.65867872504072
6176,12.275720496736335,Incoming,36-45,35.09674911023701
6177,19.802764426511594,Incoming,46-55,22.443179686044928
6178,14.063450422637487,Outgoing,26-35,44.13645520071549
6179,34.75399891327605,Incoming,46-55,76.49595973465827
6180,9.06245068004741,Incoming,36-45,0.0
6181,14.499259589551698,Outgoing,26-35,36.83805460635388
6182,14.781651021332118,Outgoing,36-45,121.94621535291469
6183,7.53694107257391,Incoming,46-55,46.09376166023892
6184,22.080688123689683,Outgoing,26-35,55.93665402604013
6185,13.99893143243592,Incoming,18-25,54.35357076646968
6186,0.3415524482740615,Outgoing,46-55,98.11009112796506
6187,21.865900000817334,Outgoing,26-35,46.927569671144056
6188,12.546818530530008,Outgoing,18-25,10.087423833857322
6189,16.265690039561633,Incoming,26-35,80.76380445695423
6190,21.73775805899101,Outgoing,56-65,28.272208378738263
6191,14.447053904845198,Outgoing,56-65,17.68973543149042
6192,14.389723524153892,Outgoing,26-35,93.15270825189266
6193,34.25291389025515,Incoming,26-35,73.58267062128883
6194,1.9237797630555384,Outgoing,56-65,45.86892538438765
6195,7.998241593593885,Incoming,46-55,83.86880665939489
6196,9.355573455521888,Incoming,56-65,79.38116537510378
6197,29.523159186363067,Incoming,56-65,37.93798185503084
6198,12.487706857705657,Incoming,56-65,59.76411559895219
6199,18.681462123919694,Incoming,36-45,52.32831072723366
6200,13.681452579543734,Outgoing,46-55,38.37513864610618
6201,21.222402396316213,Outgoing,36-45,56.10224183253909
6202,16.911005166019546,Incoming,46-55,74.20485455470215
6203,18.771694373397004,Incoming,36-45,31.6374970954701
6204,26.010724599122263,Outgoing,36-45,75.57353288109549
6205,20.081887527942754,Outgoing,26-35,8.564812395339189
6206,11.854528357806167,Incoming,56-65,60.492996211463364
6207,19.184469343620027,Incoming,26-35,36.58900842167325
6208,33.930569238435204,Incoming,26-35,94.44334921696188
6209,20.954793283026305,Incoming,26-35,14.705726608056203
6210,18.063367584853015,Outgoing,18-25,49.01388019100317
6211,7.406129330675094,Incoming,46-55,34.189614841304476
6212,22.07092971465468,Incoming,26-35,40.81092683770385
6213,23.105588161272035,Incoming,26-35,26.552900349643885
6214,19.189062027511103,Outgoing,18-25,59.31098455077671
6215,17.798658833656585,Incoming,18-25,60.68004575954288
6216,36.827777768217544,Incoming,56-65,11.77737290891568
6217,22.987994243870844,Outgoing,26-35,70.58329445438842
6218,25.680197832900745,Incoming,46-55,15.351597069191527
6219,17.46817508095275,Incoming,26-35,55.7315119002044
6220,16.07883907373361,Outgoing,56-65,99.05182577121269
6221,21.424693543914987,Incoming,26-35,33.49924531214521
6222,16.072199964579482,Incoming,18-25,47.525655326950535
6223,16.646962107253316,Outgoing,18-25,35.28027092341004
6224,20.242439773120534,Incoming,56-65,38.22784027483818
6225,13.41033108067868,Incoming,56-65,62.75963590963146
6226,18.54286450541732,Incoming,18-25,95.33171879938918
6227,17.560589025682358,Incoming,18-25,54.12279790204148
6228,23.769179462178233,Outgoing,26-35,84.81837265809901
6229,12.720799632935485,Incoming,56-65,36.86149546634917
6230,3.0004766630577784,Outgoing,26-35,82.71102788634904
6231,14.825555559001272,Incoming,18-25,96.5690340859012
6232,19.781002159073232,Incoming,46-55,85.4612958418971
6233,23.748752200121658,Incoming,56-65,73.24093322979581
6234,12.150098980597292,Incoming,26-35,70.79239298648099
6235,20.79469901750023,Incoming,56-65,36.03409532432642
6236,24.946080559326226,Outgoing,46-55,18.12207851925912
6237,22.258754641738427,Incoming,36-45,71.62264110412693
6238,11.46555427587976,Incoming,18-25,35.35708983146653
6239,12.217415376138423,Outgoing,46-55,37.32743760644007
6240,20.045024147722515,Outgoing,36-45,17.82079841647751
6241,28.3773821848757,Incoming,26-35,40.641075186870694
6242,17.09915611567695,Outgoing,46-55,82.16108673705169
6243,15.842705964692982,Incoming,36-45,78.90650198895727
6244,7.412677744209587,Incoming,46-55,22.029692910938117
6245,14.449991841230597,Incoming,36-45,30.83349154045219
6246,11.993332922575485,Outgoing,26-35,9.993060572699278
6247,17.190395619280366,Incoming,26-35,64.13039210834668
6248,6.410232049453825,Outgoing,26-35,59.681986963456815
6249,14.699866819244034,Outgoing,26-35,61.81787391959442
6250,9.937459579671696,Outgoing,26-35,43.91607266539692
6251,23.58160514087194,Incoming,36-45,71.4303966553121
6252,10.98579349486462,Incoming,26-35,47.73519146561468
6253,12.9935553364518,Incoming,46-55,78.93566607386516
6254,18.97488568168226,Outgoing,46-55,27.61696717724388
6255,13.823990957472528,Outgoing,26-35,76.74604378682997
6256,33.51616835740427,Incoming,46-55,65.82270500231954
6257,23.513606100955954,Outgoing,26-35,71.4995336591685
6258,17.12044604819953,Outgoing,46-55,46.87949394784643
6259,19.576709698129036,Outgoing,56-65,98.85338776969911
6260,0.5120376865508973,Outgoing,18-25,37.12864503070816
6261,25.622076215973472,Outgoing,46-55,112.0262359347415
6262,20.58327668837019,Incoming,46-55,66.17094756553627
6263,16.487895239508042,Incoming,18-25,83.64334175866612
6264,20.960947779280946,Incoming,56-65,91.372976083551
6265,21.814944706899645,Incoming,18-25,74.48020087910334
6266,14.085392378646256,Incoming,46-55,101.9029529358517
6267,19.661134288132256,Outgoing,26-35,78.67929379326618
6268,24.3410717904069,Outgoing,56-65,73.34949387687475
6269,20.184284202415505,Incoming,46-55,66.7750715144078
6270,15.231758089338626,Incoming,26-35,64.59076243401812
6271,19.07655533160507,Incoming,26-35,82.99665877903749
6272,26.67567344535844,Incoming,56-65,34.085946075691695
6273,22.487831587108158,Outgoing,46-55,51.22038290282195
6274,8.858529920095704,Incoming,36-45,67.73812859248363
6275,21.10678669948695,Outgoing,26-35,36.8681857731262
6276,20.179105336342992,Incoming,18-25,79.14023300637827
6277,25.148794665980986,Outgoing,36-45,49.72643944107547
6278,17.229736590508605,Incoming,18-25,23.064105405854008
6279,14.414617960209203,Outgoing,56-65,39.87781380757255
6280,7.422846298801405,Incoming,26-35,79.03306169185268
6281,12.137839151060987,Outgoing,26-35,28.941762755260072
6282,25.45561898826606,Incoming,56-65,30.96527858802709
6283,18.38569540689426,Incoming,26-35,67.97731893300003
6284,16.301485306011166,Outgoing,36-45,22.077660014393167
6285,26.06936647814789,Outgoing,36-45,69.16913089180503
6286,24.627217271421898,Incoming,56-65,3.5120951444755732
6287,11.849781124603933,Incoming,46-55,66.87613687530819
6288,25.40697433538434,Outgoing,26-35,52.66875438965646
6289,5.389932785246039,Outgoing,36-45,95.85543772388758
6290,20.21681459330296,Outgoing,18-25,6.258808632684627
6291,19.38915878175707,Incoming,26-35,38.84590794890978
6292,25.048473388469187,Outgoing,36-45,67.94590435476363
6293,19.667081733718547,Incoming,36-45,53.79619611178972
6294,15.288078608378928,Outgoing,36-45,42.51981903217228
6295,15.841060812649433,Outgoing,46-55,10.788210990567158
6296,35.852742907203,Incoming,56-65,65.51443192153104
6297,17.578483135871178,Incoming,46-55,111.61265978854924
6298,21.179529843632874,Outgoing,18-25,36.567365452747296
6299,2.8518676802413534,Incoming,18-25,56.8901827613828
6300,11.208501712917231,Incoming,56-65,63.78952038192558
6301,20.631376312417874,Incoming,56-65,45.00730445121032
6302,5.698342335350263,Outgoing,36-45,53.9296670887939
6303,20.84579183567076,Incoming,18-25,29.102516498527045
6304,11.924122519075851,Incoming,36-45,20.336176162806716
6305,9.76304083031167,Outgoing,56-65,92.58309801981142
6306,11.898146224602414,Outgoing,18-25,51.929187244666124
6307,27.69277200701053,Incoming,36-45,68.72021614689754
6308,19.333925450431952,Outgoing,26-35,65.96260669417757
6309,10.626945355743523,Incoming,26-35,31.146981239341482
6310,22.427378966156752,Incoming,36-45,22.374690959693027
6311,22.808168408643102,Outgoing,46-55,39.57801317819178
6312,14.330843294381516,Outgoing,36-45,60.55750547183787
6313,23.71421537566727,Incoming,18-25,34.31732590649177
6314,24.04724744918765,Incoming,56-65,43.30638852576078
6315,22.959323771427126,Outgoing,36-45,4.763183106241783
6316,12.2837357673266,Outgoing,18-25,54.025411122449626
6317,8.746636750569248,Outgoing,18-25,56.8899924798052
6318,5.149928730593263,Incoming,26-35,54.90257279766958
6319,12.411397525967164,Outgoing,36-45,29.79122124025206
6320,14.425323291412555,Incoming,46-55,30.34400619067733
6321,14.9949473971763,Incoming,46-55,27.70829577454415
6322,16.669575354739223,Outgoing,56-65,44.384793611976036
6323,29.130919844470682,Outgoing,56-65,37.18993096553336
6324,14.622959787378983,Incoming,26-35,90.27656246911083
6325,16.658581183872283,Outgoing,36-45,100.12624656054876
6326,4.276857127352979,Incoming,56-65,77.62109895342901
6327,32.595800251766285,Outgoing,36-45,57.46174059330479
6328,7.788648195134222,Incoming,46-55,47.05836740445928
6329,12.052017068574505,Incoming,18-25,33.96461376550637
6330,21.870054328091157,Incoming,46-55,56.652443496197286
6331,18.72334706752722,Incoming,26-35,50.92383279285134
6332,28.502303892093494,Outgoing,36-45,29.145016998359957
6333,22.040095590092555,Incoming,18-25,35.21646698413776
6334,16.43101164133498,Incoming,18-25,6.354042702330879
6335,24.30858708191051,Outgoing,26-35,29.59448164900279
6336,25.12915562107861,Incoming,18-25,64.96261040077252
6337,12.378888670325036,Outgoing,36-45,80.82415740761661
6338,23.741205703149674,Incoming,46-55,68.18656827154547
6339,15.44417186111113,Outgoing,36-45,42.418621376283845
6340,16.27565464690148,Outgoing,56-65,13.401582117696968
6341,18.00053298120234,Incoming,18-25,25.095671077628996
6342,14.33453389361473,Incoming,18-25,66.03391142544348
6343,13.957861965217914,Outgoing,36-45,65.17109680598305
6344,23.893045937740844,Outgoing,26-35,38.73678230969062
6345,6.297427662549419,Incoming,36-45,44.850952502759164
6346,9.568611381785686,Incoming,46-55,103.1469310058513
6347,21.723137881773443,Incoming,26-35,10.957874469319322
6348,16.48970378588591,Incoming,18-25,55.25313311320094
6349,23.940588564159484,Outgoing,18-25,24.645180193017303
6350,19.5055259468642,Outgoing,26-35,26.179907387475357
6351,7.664067386694434,Outgoing,26-35,65.42845274807749
6352,17.439840934943103,Outgoing,26-35,97.41900450543784
6353,20.741834607624515,Incoming,18-25,70.44610208357088
6354,18.638277609733244,Outgoing,18-25,94.07447043781019
6355,13.722080784607854,Incoming,18-25,6.699633617442345
6356,15.082417759158588,Incoming,18-25,67.28555587912382
6357,13.079403909674712,Incoming,18-25,77.64298289406042
6358,7.723620428791737,Incoming,36-45,48.89009071362211
6359,6.76082304606585,Incoming,36-45,75.76674132948976
6360,19.73014669266058,Outgoing,36-45,119.47759184256466
6361,10.899791441297678,Outgoing,26-35,58.75045937783205
6362,21.029188992164414,Outgoing,18-25,45.19269479070979
6363,12.834527587839288,Incoming,36-45,83.3997090716512
6364,7.80795989299536,Outgoing,26-35,82.70867748543853
6365,14.144394553428164,Incoming,46-55,48.25488308766503
6366,31.66062480692637,Outgoing,56-65,41.18227355595008
6367,16.330724545718784,Outgoing,46-55,82.67011976185196
6368,21.52106667832562,Incoming,46-55,44.08660153505568
6369,18.18162666946854,Incoming,56-65,53.649104665534864
6370,7.16361374683477,Outgoing,26-35,62.61665952194337
6371,27.14274272216219,Incoming,56-65,50.35101338779187
6372,15.265247331232457,Incoming,26-35,55.5122171021336
6373,7.826412046969137,Incoming,46-55,34.362297461164445
6374,13.41436544089666,Outgoing,56-65,69.07206635368294
6375,15.55629133518061,Outgoing,46-55,44.87479837269176
6376,22.24635666450858,Outgoing,56-65,93.32392443386132
6377,12.234657735728039,Incoming,56-65,57.94728771382694
6378,35.34241919988752,Incoming,18-25,80.7335396889704
6379,10.43981712243975,Incoming,36-45,70.72554650307632
6380,21.2839647356172,Incoming,36-45,83.02096485942425
6381,3.1821908101187155,Incoming,46-55,43.80466558893714
6382,16.134109336184903,Outgoing,46-55,25.397926769372926
6383,19.570639955254805,Outgoing,46-55,32.545337323274325
6384,9.162917223241664,Outgoing,18-25,30.701968048129405
6385,27.49331836729169,Incoming,18-25,34.548037238966316
6386,20.0413365582892,Outgoing,46-55,25.631309575399303
6387,14.776516746075009,Outgoing,18-25,52.10220966737508
6388,19.965742511395828,Outgoing,56-65,73.675710982087
6389,12.84680086644252,Incoming,56-65,22.682755164318387
6390,25.759659316853032,Incoming,56-65,38.17986608540336
6391,24.10709021275523,Outgoing,36-45,80.5740958093094
6392,19.61373046975241,Outgoing,56-65,16.314741363592375
6393,21.281844332485463,Outgoing,36-45,54.98329150885923
6394,6.659626529291472,Outgoing,56-65,69.73027776550376
6395,27.268615747211257,Incoming,46-55,107.15470702230513
6396,16.304495251142892,Outgoing,36-45,0.0
6397,24.17531954598271,Incoming,18-25,22.05744306588017
6398,22.24889556467288,Outgoing,36-45,62.31647837394506
6399,24.0680033728071,Incoming,26-35,45.657391928664524
6400,9.66565934818732,Incoming,36-45,0.0
6401,10.556504603788621,Incoming,56-65,43.87169584818857
6402,32.737923381744,Outgoing,56-65,32.33005679328002
6403,6.364605485553502,Incoming,56-65,13.774876886875397
6404,9.316727525439042,Incoming,18-25,45.48827476611497
6405,17.302707976187115,Outgoing,46-55,21.864200724123556
6406,17.31485809130027,Outgoing,36-45,33.36215003828918
6407,13.219873460072677,Incoming,18-25,87.47519438459321
6408,21.312552103434903,Incoming,26-35,101.61296096937662
6409,23.314584063203505,Outgoing,36-45,32.443366319637164
6410,16.872826569638406,Outgoing,56-65,57.891577472915806
6411,15.120570982181222,Incoming,18-25,70.57874672812945
6412,16.844164672693974,Outgoing,18-25,33.84867200636238
6413,13.51847445617907,Outgoing,36-45,30.75060714594245
6414,5.112341404678052,Incoming,18-25,70.90478597088179
6415,19.10647105905282,Outgoing,18-25,49.27865701490374
6416,22.360849996236286,Incoming,18-25,49.611653719456484
6417,15.922509051732654,Outgoing,36-45,25.753110293059457
6418,1.1444527266610187,Outgoing,56-65,29.4283631444262
6419,12.997994682747734,Outgoing,18-25,56.56919868087187
6420,23.340054503075507,Outgoing,18-25,44.09955710918307
6421,6.932260412242336,Outgoing,46-55,57.29581262035199
6422,21.871188154726042,Outgoing,26-35,78.51734737496668
6423,13.882087101411592,Incoming,46-55,58.708876973624136
6424,16.868573945275415,Outgoing,56-65,38.749206758953406
6425,12.1987034245129,Incoming,46-55,77.63883051049336
6426,9.050922432674371,Outgoing,36-45,54.16305330435762
6427,27.0397252778926,Outgoing,46-55,87.7703705675421
6428,22.710873228000434,Outgoing,36-45,37.2116306739602
6429,21.51304720651428,Outgoing,46-55,52.11257490547091
6430,23.359888375413387,Outgoing,46-55,46.474965556349765
6431,20.519004106117478,Outgoing,26-35,57.62111722334974
6432,23.60891879046164,Incoming,36-45,60.779811560404724
6433,12.352694778137096,Incoming,56-65,54.80339719693158
6434,26.643808210953317,Outgoing,18-25,75.14953495828074
6435,26.019017416761308,Incoming,56-65,65.21079229847773
6436,19.663373772625576,Outgoing,46-55,116.10757426320846
6437,14.984038164804659,Incoming,56-65,120.11402278102712
6438,8.43529546945182,Incoming,46-55,37.40827420207519
6439,18.60060441942936,Outgoing,46-55,41.80479611761545
6440,28.794406257676453,Incoming,18-25,22.856658352251507
6441,8.874139786543013,Outgoing,26-35,95.33306017234116
6442,24.12652603967924,Outgoing,26-35,43.98877084750268
6443,13.699927882654103,Incoming,18-25,61.31070419527172
6444,14.29731550629305,Outgoing,56-65,24.801081564166704
6445,8.77178706115992,Incoming,36-45,58.036595906731016
6446,11.7325495140312,Outgoing,18-25,10.827446896635657
6447,21.527474598928027,Incoming,46-55,84.8475139140036
6448,22.39789298129738,Incoming,26-35,100.83539448356665
6449,18.651006567536236,Incoming,26-35,72.45879758620772
6450,13.494309946681033,Outgoing,56-65,31.275794741618565
6451,9.275099584374328,Incoming,36-45,68.85509841816102
6452,17.43230926767158,Incoming,18-25,59.932244687359706
6453,14.445319870483676,Outgoing,46-55,89.742930057418
6454,18.47826995706201,Incoming,46-55,76.15440124223785
6455,14.75133610125768,Incoming,36-45,28.148733450375484
6456,14.93034649320176,Outgoing,56-65,84.05870669382232
6457,18.11272480278724,Incoming,36-45,52.98210531713938
6458,19.465347252506056,Incoming,56-65,87.90095796571613
6459,25.567449030684145,Outgoing,56-65,15.869407994503113
6460,14.641081661477152,Outgoing,18-25,68.16245594869467
6461,20.818461619365934,Outgoing,18-25,47.63425837987977
6462,29.625354413224525,Incoming,46-55,57.388332422671766
6463,21.004534269592938,Outgoing,26-35,38.03434638702215
6464,25.149756954954853,Outgoing,56-65,67.52501670662704
6465,12.655608625118933,Outgoing,46-55,31.595439225848942
6466,11.957510517561598,Incoming,26-35,15.872169879946917
6467,15.884381101305438,Outgoing,46-55,36.24705583371167
6468,16.629420803503827,Outgoing,56-65,36.51044720754231
6469,24.495771619811613,Outgoing,26-35,47.13116302237052
6470,11.892212355730518,Incoming,36-45,72.81819618649112
6471,16.379604628616892,Outgoing,18-25,31.666822295402525
6472,24.523776729092468,Outgoing,18-25,74.74936187419075
6473,18.508805083790726,Incoming,26-35,69.4979780131385
6474,16.924281207867924,Incoming,26-35,80.2077345460617
6475,18.669483350268514,Outgoing,56-65,45.801511315666716
6476,9.107132489423961,Outgoing,26-35,93.97723408625794
6477,8.993728200306277,Incoming,18-25,47.55637632058148
6478,5.882503738564743,Outgoing,56-65,77.42551108926429
6479,18.446772511587223,Outgoing,46-55,96.8386215438046
6480,23.431983248901116,Incoming,18-25,85.13668950065838
6481,22.359105392227093,Outgoing,36-45,52.11188304561102
6482,25.00539594795371,Incoming,56-65,27.267345439861693
6483,27.179555533377123,Incoming,36-45,31.067417915027
6484,18.01253169141714,Outgoing,26-35,30.25894622925513
6485,16.54774597558516,Incoming,46-55,37.82202999437095
6486,27.33175286389722,Incoming,26-35,54.13668748054302
6487,12.092893623260391,Outgoing,18-25,71.08957361821967
6488,8.750271657317263,Outgoing,46-55,74.486338546944
6489,14.627843832016287,Incoming,18-25,79.03548913500276
6490,13.80979683466049,Incoming,46-55,77.53657494005982
6491,17.338287220747148,Outgoing,36-45,51.92443488756844
6492,11.049862161998163,Outgoing,18-25,71.27599800192868
6493,19.588132013343326,Incoming,18-25,48.36297307915404
6494,13.016215717266618,Outgoing,26-35,62.59983161930154
6495,25.59742678449111,Incoming,56-65,49.30983962510818
6496,8.638041475922051,Outgoing,18-25,54.4353127084578
6497,16.023690287635283,Incoming,46-55,46.376162691731
6498,14.655599958957419,Incoming,26-35,10.508707364249894
6499,18.616229458693276,Incoming,56-65,48.26005509500203
6500,23.48693137978695,Outgoing,18-25,70.07027888496765
6501,18.8634763447226,Incoming,36-45,78.73663942079173
6502,16.099861611541503,Outgoing,26-35,67.25391141530808
6503,21.83878526435706,Outgoing,36-45,31.08501455401085
6504,22.901173385913058,Incoming,46-55,42.458002851378524
6505,18.8843985769304,Outgoing,26-35,14.885158043445507
6506,19.71314279114547,Outgoing,26-35,71.96644083390034
6507,21.526448824069295,Incoming,26-35,32.697570181803734
6508,5.4925129190552475,Incoming,56-65,64.30758876748992
6509,14.544363519804804,Outgoing,56-65,66.21621565086937
6510,19.633637518460645,Incoming,18-25,32.786953109610664
6511,14.958747613579376,Incoming,36-45,61.77991240593926
6512,14.982971772532673,Incoming,18-25,100.26474987744844
6513,19.624310799599538,Outgoing,36-45,46.238169282272466
6514,19.783514818108014,Incoming,18-25,82.11342493314112
6515,20.269415481996205,Outgoing,26-35,61.65823255206101
6516,11.454435767957861,Incoming,26-35,62.645098157263945
6517,7.075376476120725,Outgoing,36-45,52.712244409945754
6518,22.63070747646757,Incoming,26-35,78.31670531425516
6519,11.803091447580504,Incoming,18-25,51.06968504655612
6520,11.319322506094068,Outgoing,56-65,70.00864567753939
6521,10.68773932211583,Incoming,46-55,78.36610631591772
6522,25.057210989348775,Incoming,18-25,80.38378100465118
6523,18.484187684605242,Incoming,36-45,69.10432865550251
6524,19.39766378869174,Incoming,26-35,73.98640695169807
6525,21.82685828259228,Outgoing,46-55,55.739955810751354
6526,16.703406287091173,Incoming,46-55,44.38501304269205
6527,24.08881923865996,Outgoing,26-35,63.24923698637068
6528,8.622377908143093,Outgoing,18-25,63.483871036346486
6529,9.400750959721956,Outgoing,26-35,63.362852694074924
6530,9.01461374033773,Incoming,56-65,82.87162163153641
6531,19.951679482992333,Incoming,36-45,55.853487970679
6532,20.54492387339083,Outgoing,26-35,21.174652176158183
6533,13.691925743005477,Outgoing,18-25,4.123376283525644
6534,15.372931558478575,Outgoing,56-65,59.706931671905046
6535,25.876494205566622,Incoming,56-65,80.6850998543235
6536,12.13894662832835,Outgoing,18-25,49.76184875950621
6537,19.068029538773,Incoming,36-45,101.96448497364896
6538,12.199988902860913,Outgoing,46-55,59.11231737340931
6539,24.671820274581187,Incoming,56-65,115.12363399700419
6540,21.398983289908674,Outgoing,18-25,52.85624960121713
6541,7.20755001796789,Incoming,56-65,94.56181201258664
6542,15.17439279246438,Incoming,46-55,44.79228056225966
6543,2.4469524625595547,Incoming,18-25,81.82500723079093
6544,23.30318906707581,Outgoing,56-65,69.97796710884168
6545,31.331162656450047,Incoming,18-25,63.971604608846846
6546,1.73691215999615,Outgoing,18-25,63.863687908530174
6547,7.010309163440667,Incoming,46-55,90.73315319128946
6548,18.17124058498897,Incoming,18-25,51.03427069007362
6549,16.870788327973827,Incoming,36-45,58.1796035335127
6550,14.124083797364154,Incoming,56-65,123.73105039894199
6551,4.836659879242063,Outgoing,26-35,69.03968664679286
6552,19.2641278098259,Incoming,36-45,86.30058064890689
6553,23.21259696362885,Outgoing,36-45,49.33244690675493
6554,36.92889814127962,Incoming,18-25,42.08037685684995
6555,26.151015454957747,Incoming,36-45,74.73010255275176
6556,7.90898805641134,Outgoing,36-45,60.9655674211685
6557,16.916760121867622,Outgoing,36-45,50.478977711758134
6558,21.144544050141008,Outgoing,18-25,13.270596512441415
6559,12.182169867336926,Outgoing,36-45,10.732853548216227
6560,22.46008401080023,Outgoing,26-35,6.910110462326422
6561,21.923644529558544,Outgoing,36-45,63.94596910416186
6562,25.66151801015083,Outgoing,18-25,28.548552672831768
6563,22.615699272872636,Outgoing,18-25,11.82192506258857
6564,18.99600555075431,Incoming,46-55,33.31368628032857
6565,12.534477770937801,Outgoing,46-55,7.441465120602672
6566,7.948449838547898,Incoming,26-35,39.823635168352695
6567,18.533112967077663,Outgoing,56-65,38.58513106492469
6568,14.173161358027542,Outgoing,46-55,67.69329017770539
6569,14.849619336287999,Outgoing,36-45,59.083667466064114
6570,24.85253343503558,Outgoing,18-25,42.972575145845305
6571,26.582468096641023,Incoming,46-55,71.50227710118548
6572,8.352433686226872,Outgoing,18-25,23.985525913592888
6573,15.526985758593684,Outgoing,36-45,43.08684038157302
6574,13.967563807924032,Outgoing,18-25,35.30190570863744
6575,19.2043604940187,Outgoing,18-25,53.547877541493506
6576,1.1360561771668696,Outgoing,46-55,3.258785932970369
6577,6.774134104700536,Outgoing,18-25,112.08003057324373
6578,16.17753546873116,Incoming,36-45,63.83575570291652
6579,22.50280643013721,Outgoing,26-35,64.66803800297382
6580,17.527035162175018,Incoming,18-25,4.171439219981536
6581,21.700549511403914,Incoming,18-25,60.51516772543755
6582,18.381158643808906,Outgoing,36-45,49.40867940422951
6583,25.934027016208802,Outgoing,56-65,82.94813369238742
6584,27.401212841825263,Outgoing,36-45,47.778229915580695
6585,11.676759789841546,Incoming,46-55,46.15159311856419
6586,23.185517378512863,Outgoing,46-55,53.60681332626166
6587,20.556836839269383,Incoming,26-35,89.6229213433119
6588,34.5326770155843,Outgoing,18-25,15.662543088952134
6589,11.415154866901181,Outgoing,26-35,11.465650055628814
6590,16.18285128277727,Incoming,26-35,0.0
6591,9.774084566788927,Outgoing,18-25,82.02677613223645
6592,10.189446375285993,Outgoing,18-25,79.08732543670165
6593,19.698948151515708,Outgoing,36-45,24.807616079253155
6594,18.438803943773777,Incoming,26-35,19.42501920719357
6595,20.79015765735725,Incoming,26-35,78.96590053557003
6596,20.63827609214346,Incoming,46-55,18.854133866773935
6597,15.350528730229122,Incoming,26-35,47.83003578169505
6598,15.30222651911286,Outgoing,36-45,41.25124181225677
6599,10.204408872696597,Incoming,56-65,136.3171950181374
6600,12.091919870007837,Incoming,26-35,50.87717478449186
6601,16.602387564094414,Outgoing,36-45,86.8497595931257
6602,18.379207492894565,Incoming,36-45,66.50949152119448
6603,21.97551524112012,Outgoing,56-65,43.17635573739655
6604,21.262024618545215,Outgoing,36-45,40.52002500841162
6605,27.89953735896013,Incoming,46-55,56.95062422898085
6606,10.191183352517017,Outgoing,56-65,57.19303276531523
6607,15.371902125491513,Incoming,46-55,42.362845240765736
6608,10.8028681066156,Outgoing,26-35,68.94632488542719
6609,25.941009485534494,Incoming,26-35,55.92620746712356
6610,13.482682782625037,Incoming,36-45,37.52622523219871
6611,25.085192167112453,Outgoing,36-45,45.98080389222382
6612,27.169502936082417,Incoming,56-65,67.71505982909717
6613,19.894058744225475,Incoming,26-35,28.538113346051837
6614,19.05141179407521,Incoming,18-25,28.51292063710268
6615,17.27051601839206,Incoming,36-45,23.02003682299614
6616,14.78025774683504,Outgoing,56-65,45.96351140882585
6617,13.938306653203542,Incoming,36-45,48.77087183703577
6618,15.968082933999845,Outgoing,56-65,27.21551677494923
6619,29.770648733353696,Outgoing,26-35,54.98078900452377
6620,9.707013495236737,Outgoing,36-45,55.18694771773889
6621,18.432264566431932,Incoming,36-45,78.22222106607047
6622,21.9791417493118,Outgoing,18-25,77.42333822462642
6623,15.009369110603508,Incoming,26-35,4.993853324420456
6624,19.91257659869105,Outgoing,56-65,62.200910312953596
6625,6.46778731121592,Outgoing,18-25,5.746210263942153
6626,26.27530202420626,Incoming,56-65,69.22404118038371
6627,24.918040980087632,Outgoing,36-45,68.7121928534558
6628,16.311018704384455,Incoming,46-55,29.901273925012905
6629,10.841148942864521,Incoming,36-45,63.41580278309145
6630,22.550287033108354,Incoming,26-35,29.145814855708924
6631,8.96316373588556,Outgoing,56-65,51.66806950101192
6632,9.96763153863279,Incoming,18-25,56.983252370113966
6633,16.624733562519218,Incoming,36-45,48.3860556737858
6634,27.62629096891611,Incoming,56-65,73.54620797056634
6635,21.48407299154723,Outgoing,18-25,35.390207552665274
6636,12.471033810075003,Incoming,36-45,67.52891906380214
6637,5.225314409391482,Incoming,46-55,24.23539981286918
6638,17.2906428954227,Outgoing,46-55,2.2837988376127143
6639,18.759952501311183,Outgoing,36-45,12.133870745386375
6640,16.490539428878378,Incoming,26-35,30.233302794811635
6641,29.64474176162173,Incoming,46-55,71.36976574234893
6642,16.07651177274088,Incoming,56-65,68.67396197907563
6643,1.0251573807696133,Incoming,26-35,49.47706615277594
6644,14.15002309276528,Incoming,26-35,2.6872738173143134
6645,20.182512049832003,Outgoing,36-45,100.55456597342095
6646,19.70828116126381,Outgoing,56-65,16.886228240174077
6647,15.763251996354786,Incoming,56-65,63.93015328009564
6648,14.604472697490246,Incoming,18-25,44.7830164929197
6649,3.0026398064123594,Incoming,46-55,65.05137270773307
6650,17.600395293550736,Incoming,46-55,88.01936992156243
6651,14.629640567447263,Outgoing,26-35,59.68161845171248
6652,18.744749174304214,Incoming,26-35,72.74822738560366
6653,20.439024918142035,Incoming,36-45,131.86681058427965
6654,25.687478604312485,Outgoing,56-65,80.38273009657149
6655,10.311044290802924,Incoming,46-55,14.261830013272956
6656,7.942124918389995,Outgoing,18-25,0.0
6657,12.982232882129196,Incoming,46-55,68.32272674116784
6658,11.85084728460585,Incoming,46-55,43.40092299062391
6659,11.222132976986057,Outgoing,46-55,74.94397467004175
6660,27.11434508607777,Incoming,26-35,0.0
6661,18.03891110076806,Incoming,56-65,84.14779396337751
6662,30.80675423839657,Incoming,56-65,52.45776378762494
6663,16.97850703882666,Outgoing,46-55,107.23879833117294
6664,8.79686485653827,Outgoing,56-65,54.91279354163656
6665,11.342777910615613,Incoming,36-45,68.38185956942228
6666,24.171187429307707,Outgoing,26-35,45.55098278688921
6667,9.063037841276333,Incoming,26-35,43.62278269466032
6668,20.90513650984715,Outgoing,56-65,62.325033803949516
6669,14.502732295931375,Incoming,46-55,47.27847516098245
6670,10.491220991346674,Outgoing,46-55,40.208799370235596
6671,26.705638125037567,Incoming,46-55,64.24450322081191
6672,12.88003774575986,Incoming,56-65,40.604544382041844
6673,11.207002827797428,Outgoing,46-55,65.05954580720645
6674,16.447748443130237,Incoming,56-65,15.722229329796562
6675,13.442336150106946,Outgoing,18-25,55.227430893709986
6676,32.50490130419908,Outgoing,56-65,50.24860309414565
6677,24.422501053629055,Incoming,36-45,0.0
6678,12.865153042813859,Incoming,46-55,24.31120952379749
6679,13.67264022119098,Outgoing,46-55,0.0
6680,2.86386207452583,Incoming,26-35,57.54796683478077
6681,17.961825557640115,Incoming,56-65,35.06979542882233
6682,11.77058459942835,Incoming,18-25,46.92921706512655
6683,17.616079675119536,Outgoing,46-55,88.2793704091512
6684,3.236081335670388,Outgoing,26-35,54.9839955781187
6685,16.812705648077408,Incoming,56-65,62.29758328465466
6686,28.890699143634457,Outgoing,26-35,42.90522754698762
6687,17.37898812862629,Outgoing,18-25,36.63653520299171
6688,11.577224690646212,Outgoing,56-65,19.08944269082223
6689,16.856732925631224,Incoming,46-55,73.03946764260982
6690,16.550258846697396,Incoming,56-65,93.60370604227367
6691,32.34283198529404,Incoming,46-55,84.2714107030776
6692,14.670106495455194,Incoming,36-45,25.30725633936512
6693,8.576946877440001,Outgoing,46-55,86.40385175844501
6694,17.150207219592065,Outgoing,26-35,50.95902208124011
6695,18.368732664875093,Incoming,18-25,91.78589577796471
6696,20.93607176447909,Incoming,56-65,64.63699977077964
6697,22.290332951619703,Outgoing,36-45,62.845759595512995
6698,30.68868259856857,Incoming,36-45,63.514928673107285
6699,12.83035408829223,Incoming,36-45,12.652917513557071
6700,12.194151790752707,Incoming,26-35,23.41387125042488
6701,4.0210446599174645,Incoming,46-55,39.34697400223927
6702,21.631576367010062,Incoming,36-45,45.88895710150534
6703,10.788799441925992,Incoming,18-25,57.925851743522706
6704,23.24234995940234,Outgoing,18-25,43.43638304525658
6705,13.558555604899082,Outgoing,56-65,42.35325568427983
6706,29.081705802322574,Incoming,18-25,85.99414595806365
6707,6.965451777139521,Incoming,46-55,88.78590222809697
6708,24.16047852346886,Outgoing,46-55,70.13385794672674
6709,23.326897939689506,Outgoing,36-45,36.88490656185674
6710,20.686035069249535,Incoming,46-55,65.47523599347792
6711,9.179154107087221,Incoming,46-55,87.01178364083313
6712,20.718055742159876,Incoming,36-45,48.851899399521926
6713,17.888123185576937,Outgoing,56-65,88.56257682094076
6714,4.188206527111342,Incoming,46-55,103.38758358294909
6715,27.907910928142634,Incoming,46-55,79.39597481418173
6716,14.58072008858106,Outgoing,26-35,70.4982397042996
6717,27.368523872170698,Outgoing,56-65,63.67370182442191
6718,16.526369849286116,Incoming,36-45,70.84962810578762
6719,23.87628244309117,Incoming,26-35,65.46102766022261
6720,10.983324217818026,Outgoing,26-35,24.398966018931453
6721,18.501044680299387,Incoming,56-65,88.26024369078827
6722,18.00759395189374,Incoming,46-55,57.1417552380413
6723,14.73479280825157,Outgoing,36-45,115.93779556722924
6724,10.915440302597332,Incoming,56-65,124.15802540229241
6725,0.0,Outgoing,26-35,48.72523528698116
6726,11.079684140544902,Incoming,18-25,60.116194973192016
6727,21.903563795030134,Outgoing,36-45,44.242784938541746
6728,7.233393157768857,Outgoing,18-25,31.168165281287582
6729,8.683064521199668,Outgoing,46-55,53.563304495199375
6730,6.955960341447053,Outgoing,56-65,55.81807466526029
6731,18.462216814173892,Incoming,46-55,22.404559454594143
6732,10.746153904347194,Outgoing,56-65,27.035976085282076
6733,25.54240084040096,Incoming,26-35,0.0
6734,22.14233794983492,Outgoing,46-55,25.78246873218785
6735,18.40086844765674,Outgoing,18-25,76.1296152266899
6736,19.127647666030974,Outgoing,26-35,91.08044228959315
6737,11.659363491452087,Incoming,56-65,5.719069053757764
6738,11.661151618036797,Outgoing,26-35,21.496825465183406
6739,21.97718582607409,Incoming,18-25,85.67142313384454
6740,23.393744165459292,Outgoing,36-45,33.65961618892834
6741,21.915836603394823,Incoming,56-65,43.46976248009361
6742,13.705921405036209,Incoming,36-45,37.81192806096645
6743,14.260745457358015,Incoming,26-35,77.92363919718217
6744,10.477702527364796,Incoming,46-55,96.84197792188668
6745,22.3777768608052,Incoming,56-65,56.841326793619004
6746,3.269811065717896,Incoming,26-35,44.024936320246795
6747,1.570345866000748,Outgoing,56-65,49.47033924330488
6748,2.9659843928440885,Incoming,18-25,77.29614635402541
6749,2.0011750211396926,Outgoing,26-35,68.12919805410243
6750,26.499986310487017,Outgoing,46-55,48.73482939218294
6751,22.507637544991915,Incoming,56-65,53.90784319753146
6752,8.609823788218621,Incoming,46-55,37.053228047291825
6753,16.258469653187877,Outgoing,46-55,38.28413921060968
6754,27.260532616938555,Outgoing,18-25,20.03926803267879
6755,20.501390346386962,Incoming,36-45,83.6407535217651
6756,31.80063387579564,Outgoing,26-35,0.0
6757,16.200137061350272,Outgoing,36-45,61.972495529281034
6758,12.413887375392044,Incoming,36-45,54.33212195411983
6759,9.432235833190202,Outgoing,18-25,52.65015324997184
6760,17.165512590596116,Incoming,46-55,39.693214144859276
6761,23.55245074110877,Incoming,46-55,47.65270105982556
6762,17.69387523288503,Outgoing,26-35,98.99942318242788
6763,14.4926350024989,Outgoing,18-25,56.82794246736833
6764,25.795643047220487,Outgoing,56-65,59.03823305174829
6765,20.70224467293103,Incoming,46-55,59.83016434011804
6766,16.205944523660644,Outgoing,26-35,37.462321497071024
6767,11.633861085884382,Outgoing,56-65,40.80070134889642
6768,15.218900459277437,Incoming,36-45,68.18047185324687
6769,20.30923055929834,Outgoing,18-25,33.987204899813214
6770,11.537557867194362,Outgoing,56-65,52.583571901820235
6771,8.364429428627552,Incoming,46-55,84.0390205095899
6772,13.638941203788221,Incoming,26-35,38.241207618773984
6773,16.65553215545583,Outgoing,26-35,52.25648696537742
6774,26.54303115616044,Incoming,18-25,48.061514498002
6775,8.879738410962364,Outgoing,36-45,67.56101758200104
6776,18.587236678529944,Incoming,46-55,58.633472627012345
6777,15.05699968684938,Incoming,36-45,37.90165259833985
6778,15.404414498540907,Incoming,18-25,41.67870879613718
6779,27.775564120189795,Outgoing,18-25,38.995142375483596
6780,17.568484961277573,Incoming,36-45,36.97998933988009
6781,10.605115617989549,Incoming,56-65,11.145817790749497
6782,23.221227050819238,Incoming,56-65,59.52631524500214
6783,22.706684783148038,Incoming,18-25,38.26840555848402
6784,9.991802216548706,Outgoing,56-65,67.09085754237869
6785,8.649442892190686,Incoming,56-65,57.11427872805295
6786,19.873638072949493,Outgoing,26-35,45.56019256746903
6787,16.769217568808642,Outgoing,36-45,43.51805818862434
6788,13.705921067037506,Incoming,26-35,21.988101772245543
6789,24.39408955591859,Outgoing,26-35,58.23255856757935
6790,12.854035127749695,Incoming,18-25,52.92108081273635
6791,19.950940317523713,Outgoing,18-25,39.41938218681841
6792,25.222510575655516,Incoming,18-25,5.433733385567095
6793,14.626083978962702,Outgoing,26-35,49.85529767439533
6794,4.196308856895429,Outgoing,46-55,51.71406170182241
6795,14.178525516236055,Incoming,26-35,82.55131815060841
6796,18.324986191028067,Incoming,26-35,55.93824128256151
6797,24.021041599339654,Outgoing,26-35,84.7756670958749
6798,13.351875168348709,Outgoing,56-65,39.28195251366465
6799,29.061654125242498,Incoming,56-65,48.35963278601824
6800,7.9082433488638095,Outgoing,18-25,29.803678288573046
6801,18.14900565183125,Outgoing,26-35,48.37046016307144
6802,15.325858764035566,Outgoing,26-35,75.66792441407604
6803,26.429636251979854,Incoming,18-25,76.38300809069723
6804,6.684469734526406,Outgoing,36-45,60.54919936388097
6805,19.979443306951463,Incoming,46-55,21.365710940383913
6806,15.290378576737023,Incoming,46-55,19.87018774739446
6807,27.703986647801933,Outgoing,36-45,48.78476172155864
6808,11.200089231441929,Incoming,18-25,38.035590169657766
6809,19.907227837461058,Incoming,36-45,71.5781777737412
6810,11.13265921693506,Incoming,46-55,66.84136502955678
6811,18.316435241959944,Incoming,36-45,63.61898912143964
6812,14.414445890884593,Incoming,26-35,40.707661969310244
6813,14.303391713198026,Incoming,56-65,58.68717849492937
6814,3.087952866605466,Incoming,26-35,63.349641730122215
6815,19.902088450506678,Incoming,46-55,46.41861237405432
6816,9.42432604133705,Outgoing,56-65,49.01079446435586
6817,9.18324269463676,Incoming,56-65,62.58388127772844
6818,6.113016161088579,Outgoing,36-45,27.629850567390207
6819,9.60765449120709,Incoming,26-35,40.54090870080606
6820,20.5033583643043,Incoming,36-45,38.54533323587064
6821,20.15821301940486,Outgoing,46-55,79.61944505496115
6822,21.645976723788603,Outgoing,56-65,41.69318092593302
6823,9.811133750086324,Outgoing,36-45,55.69091474250955
6824,18.503471379009067,Outgoing,56-65,71.14466576331813
6825,12.692315268971154,Outgoing,26-35,36.03372341266744
6826,23.68310781836821,Outgoing,46-55,76.89909599393857
6827,19.982097683910116,Incoming,26-35,79.03938520723806
6828,12.404371713004714,Outgoing,36-45,1.902383080372644
6829,24.28402874722766,Incoming,36-45,63.90960095154995
6830,20.551410384489273,Outgoing,18-25,80.86152004318471
6831,7.290980211603227,Outgoing,26-35,45.38971610518351
6832,5.299344730678969,Incoming,46-55,68.50261792023889
6833,7.566199256313675,Incoming,56-65,21.88800310112361
6834,28.544272015686467,Outgoing,18-25,15.382741774392137
6835,9.891761617744987,Incoming,46-55,44.39804995996992
6836,30.13298145377275,Outgoing,26-35,30.607398389470177
6837,9.52876991861925,Outgoing,56-65,63.90863518698885
6838,8.782944613058591,Incoming,46-55,63.10035821847201
6839,23.159667367442836,Outgoing,18-25,99.05816760239892
6840,23.478663176317053,Incoming,56-65,74.94072638552731
6841,20.890776215435334,Incoming,26-35,40.05595714339877
6842,21.732772056541513,Incoming,56-65,56.13369510368855
6843,11.388647572491665,Outgoing,26-35,60.43618800190846
6844,22.831022368364547,Outgoing,36-45,68.19726648058757
6845,18.679976702030213,Incoming,36-45,2.6838955599824246
6846,14.443072272912753,Outgoing,26-35,43.67449935729366
6847,17.662339284493374,Outgoing,46-55,81.05586001550611
6848,24.42452072704495,Incoming,18-25,64.86646325142635
6849,19.742954220704718,Incoming,36-45,55.98777502711569
6850,1.8953853510975698,Outgoing,46-55,42.02276990861353
6851,23.23859509904314,Incoming,56-65,51.71153702819809
6852,22.702470994237842,Outgoing,36-45,56.041612514944056
6853,14.34654724251612,Outgoing,46-55,32.23391025715196
6854,17.81723805253386,Incoming,18-25,61.68666978906186
6855,17.789178258115324,Incoming,56-65,56.75415219375152
6856,3.143782968162622,Outgoing,36-45,44.55251464612104
6857,14.188307836341234,Outgoing,36-45,44.485564727111914
6858,14.459160454371645,Outgoing,18-25,23.85620451571688
6859,15.888911918026931,Incoming,26-35,82.71769230537686
6860,13.319065652926488,Incoming,36-45,67.40368308977432
6861,21.639892384563673,Incoming,26-35,62.18989892747284
6862,11.336097710047401,Incoming,18-25,68.44847236564912
6863,23.37054016216487,Outgoing,18-25,0.0
6864,21.310194583779698,Outgoing,46-55,97.40193419960814
6865,26.52292871461114,Outgoing,36-45,0.0
6866,29.136593238959378,Outgoing,56-65,77.2470849738261
6867,29.183162749908913,Incoming,56-65,57.33955976353294
6868,8.7006742494238,Incoming,18-25,28.377134636592984
6869,19.4093008491659,Incoming,56-65,57.60934153682217
6870,11.975496205806138,Outgoing,56-65,67.15381956083786
6871,39.962097127823824,Outgoing,56-65,42.39594964869739
6872,21.29849951289353,Incoming,46-55,85.02404153146526
6873,26.914183927856556,Outgoing,46-55,17.256752226787107
6874,20.04758652448942,Outgoing,18-25,28.421207212197565
6875,0.0,Outgoing,56-65,23.36013566165648
6876,11.51504477868643,Outgoing,18-25,19.207034115997843
6877,12.200919415195845,Outgoing,18-25,59.15568176484699
6878,14.269053057054617,Incoming,18-25,95.10677546606641
6879,19.516978101774008,Incoming,46-55,76.25861354560661
6880,20.509329070900556,Outgoing,46-55,47.354902872811294
6881,0.0,Outgoing,36-45,89.72665229239973
6882,15.34156305076756,Outgoing,56-65,80.76168660475525
6883,13.598867150300386,Incoming,26-35,38.22166775072937
6884,26.667268265917443,Outgoing,46-55,47.64620842775617
6885,21.14571222856302,Outgoing,26-35,62.2386511351754
6886,15.718457343173377,Outgoing,56-65,35.453458633692364
6887,18.56576576703877,Outgoing,56-65,30.22402587135807
6888,5.190838735968912,Incoming,46-55,73.44838875767391
6889,21.62946431382265,Outgoing,26-35,79.25015729600415
6890,14.231227555850595,Incoming,18-25,29.50084698627968
6891,11.348348590667701,Outgoing,18-25,64.09886654552102
6892,26.1996228788538,Outgoing,46-55,63.688460490591886
6893,18.91506575874315,Outgoing,26-35,27.413370000315698
6894,12.341983488735131,Outgoing,46-55,63.08369427324095
6895,12.769247976253641,Outgoing,18-25,67.93875599798822
6896,19.561344377483458,Outgoing,56-65,69.1240092893974
6897,19.017199075317734,Incoming,46-55,47.64244209345299
6898,17.205975359971113,Outgoing,18-25,62.20757173092176
6899,8.57650527982832,Incoming,56-65,59.265725086439076
6900,9.611751859235167,Incoming,46-55,56.70870142018149
6901,11.761802152836193,Outgoing,46-55,76.69462360088946
6902,15.62697498473085,Incoming,18-25,30.581598049483343
6903,16.71082255824512,Outgoing,18-25,33.31131693294145
6904,15.880202819855835,Outgoing,56-65,27.89442157033052
6905,16.200285272506616,Outgoing,36-45,79.22894997111601
6906,30.16871918544749,Outgoing,56-65,54.0962516942987
6907,22.944750606152198,Incoming,46-55,38.953887545238885
6908,25.317517295837657,Incoming,46-55,86.13497513138263
6909,20.24984794094786,Outgoing,46-55,48.58476527636959
6910,17.506818706213735,Incoming,18-25,0.02558866049965758
6911,19.869707677299488,Outgoing,46-55,38.28284346120412
6912,18.58074120830808,Outgoing,46-55,56.81701359355358
6913,22.65584746028087,Incoming,56-65,63.68894458525982
6914,10.174016733460963,Outgoing,18-25,37.48231892285217
6915,22.07322966231499,Incoming,56-65,43.76523164369759
6916,18.169410681441114,Incoming,36-45,42.0531590834358
6917,4.350390736456028,Outgoing,56-65,70.14823799239662
6918,17.60005180641765,Incoming,56-65,87.7136304988165
6919,7.856475393775714,Incoming,36-45,35.91785634047149
6920,13.25501628629765,Outgoing,56-65,89.46573018790133
6921,15.88566538171541,Incoming,46-55,58.72600676298042
6922,6.450286918108295,Incoming,46-55,50.278360212808444
6923,16.623811719656448,Incoming,26-35,46.80763529838194
6924,17.479276539493558,Incoming,18-25,29.889509979638348
6925,22.285516122578194,Outgoing,46-55,32.7413824218649
6926,13.823642548010568,Outgoing,18-25,28.993788103620755
6927,18.921325030236424,Incoming,56-65,26.512890872694868
6928,16.332110756203324,Incoming,26-35,63.64478011289256
6929,14.072104846588495,Outgoing,46-55,106.26790087571419
6930,5.305958934017413,Outgoing,56-65,34.99160555654505
6931,16.218797848693516,Incoming,26-35,46.81789849418258
6932,22.21158748181752,Incoming,56-65,78.44045263428681
6933,10.463982465904184,Outgoing,18-25,28.63569385813103
6934,15.475512970912085,Incoming,56-65,18.82924702691409
6935,16.506588715006554,Incoming,56-65,5.402155536174327
6936,24.717084422472343,Incoming,56-65,55.21151329440493
6937,17.210754766992284,Incoming,26-35,37.9276211487235
6938,19.016611627191637,Outgoing,56-65,20.834141679388566
6939,16.939407670555223,Outgoing,26-35,36.91643181583872
6940,13.553859225185665,Outgoing,26-35,75.3254247797981
6941,9.058682577097429,Outgoing,36-45,42.9368865093717
6942,15.00449531816769,Outgoing,56-65,74.34589541668502
6943,19.75351513121445,Outgoing,46-55,64.31969970288718
6944,17.86153457599704,Outgoing,26-35,57.03969023807418
6945,27.35661850799908,Outgoing,56-65,52.83990688548101
6946,23.620964256320256,Outgoing,46-55,69.92977533279739
6947,25.68390530365033,Incoming,18-25,60.372198013418334
6948,2.774063732441002,Outgoing,46-55,57.87799422394146
6949,28.05533976668768,Incoming,26-35,4.504555988189146
6950,18.867681167290016,Incoming,26-35,45.22021647163164
6951,19.862478236952608,Incoming,26-35,14.26993094902975
6952,23.272191419628264,Outgoing,36-45,25.9746819766862
6953,17.149221158895386,Incoming,46-55,78.15732231425068
6954,9.507336167476774,Outgoing,56-65,49.036197603849644
6955,27.131853431907707,Outgoing,56-65,94.24200119638384
6956,11.62244557913279,Outgoing,26-35,71.0066303051891
6957,10.09997834362241,Incoming,46-55,35.73899660676314
6958,15.359893594959134,Incoming,18-25,42.614133945144154
6959,14.297972458174256,Outgoing,46-55,68.99257115667187
6960,17.02664783959688,Incoming,56-65,66.48021436257324
6961,16.31254204252798,Outgoing,26-35,76.9366371382111
6962,26.42990837298469,Incoming,46-55,0.0
6963,20.215258193365475,Incoming,36-45,13.556963672215907
6964,10.9954211460695,Incoming,26-35,37.73082844933495
6965,11.956470190796836,Outgoing,36-45,69.52966534454399
6966,14.282679466393432,Incoming,26-35,72.71440333432656
6967,14.310592966606555,Outgoing,56-65,0.0
6968,13.3967910423058,Incoming,18-25,30.880708233841354
6969,9.287805873694843,Incoming,46-55,66.86927343701805
6970,19.03281496205307,Outgoing,46-55,27.345511462274015
6971,13.810768482228307,Incoming,26-35,59.99498826267556
6972,10.3373897866847,Outgoing,18-25,64.67020521317662
6973,20.39832636564883,Outgoing,18-25,40.82587203972183
6974,22.934753991413036,Incoming,56-65,55.19265292628488
6975,15.280540315398405,Outgoing,36-45,50.03468390684498
6976,29.47040455162961,Incoming,46-55,66.13012405858586
6977,32.50864489321822,Outgoing,26-35,47.85429984892534
6978,20.478231073528928,Outgoing,18-25,7.98375786759528
6979,13.718324965639543,Incoming,46-55,67.76297751336081
6980,18.882674880637303,Outgoing,46-55,53.04465293848883
6981,8.428898543269092,Outgoing,46-55,67.58606120967043
6982,10.8969547470427,Outgoing,18-25,32.70627833963987
6983,5.221176031193696,Outgoing,56-65,47.171714414354874
6984,12.600745122489744,Incoming,46-55,41.20198757938658
6985,8.372358248661426,Incoming,18-25,76.49880040109133
6986,21.36839712340981,Incoming,18-25,70.7072389280957
6987,11.755890320867838,Outgoing,26-35,91.57463947739649
6988,18.93634904061606,Outgoing,56-65,51.07190608639242
6989,22.235345085064026,Incoming,56-65,22.656028300255883
6990,25.19939688055965,Incoming,56-65,27.87875303395508
6991,14.526028210822787,Incoming,18-25,76.82235909170652
6992,19.174462492578556,Outgoing,18-25,87.06835043269257
6993,19.397510503944535,Incoming,56-65,20.911823805677123
6994,25.90463967065527,Outgoing,18-25,41.46470831050535
6995,22.48490655358762,Outgoing,56-65,26.162585425178744
6996,26.123414921506978,Incoming,26-35,103.95671035247189
6997,5.3474397920356935,Outgoing,36-45,63.66915179253333
6998,12.350102929497044,Incoming,36-45,32.09663908659795
6999,24.222717839567487,Incoming,36-45,30.735142759816522
7000,21.064912858284774,Outgoing,36-45,90.32895629377626
7001,16.12468117994229,Outgoing,26-35,70.11080404441347
7002,13.681650816479914,Incoming,18-25,54.86455874630042
7003,22.520791812402503,Incoming,26-35,43.296856139965364
7004,3.142960499926142,Incoming,46-55,43.94469806875681
7005,22.545338297189144,Incoming,18-25,19.353615179642553
7006,17.634817862285708,Incoming,56-65,36.35520872898428
7007,13.578123376854146,Incoming,46-55,42.62133619106266
7008,20.517086313322018,Outgoing,46-55,50.63665745769497
7009,14.297656424004185,Outgoing,26-35,52.02090871973366
7010,17.20313114308109,Outgoing,46-55,78.01246895101752
7011,16.676279393767494,Incoming,26-35,35.80400152945094
7012,22.211709467884248,Outgoing,46-55,89.14280980652646
7013,18.114272748282843,Incoming,26-35,51.06668427318357
7014,3.636162442207075,Incoming,18-25,63.06625484207942
7015,7.255343382477438,Outgoing,46-55,80.29922279204479
7016,9.410836577607512,Outgoing,26-35,67.69595808694976
7017,20.19581266745007,Incoming,36-45,72.87787279413587
7018,20.89796695065928,Outgoing,36-45,39.46090919551608
7019,28.69250029327943,Incoming,46-55,50.33488556666443
7020,9.898987123227066,Outgoing,26-35,72.70754460008192
7021,26.164770789214714,Outgoing,18-25,73.27614491008136
7022,3.4348493451625366,Outgoing,46-55,58.89093080124829
7023,17.124305702437848,Outgoing,18-25,72.51226662030973
7024,18.71642380031286,Outgoing,26-35,34.12336812561566
7025,18.691131795986006,Outgoing,36-45,71.36217975530634
7026,14.832831375700675,Outgoing,26-35,77.77849247279481
7027,17.825269143023142,Incoming,18-25,54.8252183788662
7028,8.353463005552907,Outgoing,36-45,59.18010577609627
7029,23.056130407574955,Incoming,46-55,3.9452271594567137
7030,18.748533034174084,Incoming,36-45,89.41449053575742
7031,19.53563389437308,Outgoing,46-55,63.49215253934099
7032,15.046884769121434,Incoming,46-55,69.42268528990041
7033,14.704142626758163,Outgoing,36-45,63.20355069306939
7034,20.673116259156878,Outgoing,36-45,66.39206330991865
7035,28.12981694970186,Outgoing,18-25,64.60748088304351
7036,7.244582365805398,Incoming,36-45,91.80218621112184
7037,6.891508776442766,Outgoing,56-65,116.86558650950582
7038,18.863437186722464,Incoming,36-45,82.12877150505818
7039,14.674599395519781,Incoming,18-25,86.14827244861652
7040,17.868740401707456,Outgoing,56-65,43.74305670685746
7041,16.833474797804627,Outgoing,56-65,49.49746729795252
7042,21.354065574975856,Outgoing,26-35,64.10873734496371
7043,14.99685598846039,Incoming,56-65,68.39178301371184
7044,8.542517470705127,Incoming,46-55,64.35454235607898
7045,11.471022272356198,Outgoing,18-25,30.890513548500778
7046,15.876838415738527,Incoming,26-35,44.49691788033917
7047,8.215206717900216,Outgoing,36-45,45.80353697278936
7048,16.74202265274311,Outgoing,56-65,66.55480160038736
7049,17.425282590001512,Incoming,26-35,46.97696147613805
7050,14.495374800901962,Incoming,46-55,49.916501374000426
7051,18.46455493654256,Incoming,26-35,48.386228754398985
7052,5.700049933963829,Outgoing,46-55,70.66160464058957
7053,10.32770963005733,Incoming,26-35,85.03853528506126
7054,9.001107795874766,Incoming,26-35,35.03633060931038
7055,23.158997165631966,Outgoing,36-45,74.04457818601085
7056,33.14314801806444,Incoming,36-45,32.36367360834011
7057,10.834262940194078,Incoming,36-45,71.28040148649485
7058,15.353304341227942,Incoming,26-35,23.34247766097571
7059,12.14599530169163,Incoming,56-65,89.53930200794805
7060,18.548576685655604,Incoming,26-35,48.16227648346566
7061,12.741139454058914,Outgoing,36-45,60.39060641461242
7062,18.97945913723031,Outgoing,26-35,57.85039216115859
7063,21.655186317051108,Outgoing,56-65,88.97253389356068
7064,8.433225434764697,Outgoing,46-55,38.51996098755393
7065,18.900600208674778,Outgoing,18-25,53.63808253518822
7066,4.441607837466673,Incoming,36-45,58.9008027425946
7067,15.204262248916827,Incoming,26-35,79.35614600603346
7068,14.734237021634613,Outgoing,56-65,35.98988164668928
7069,15.396040646394354,Incoming,36-45,1.6194780138685019
7070,14.815576805261491,Incoming,36-45,26.30590417470869
7071,13.535510156035281,Incoming,46-55,73.10732426199786
7072,15.139524751235804,Outgoing,18-25,56.89635428317076
7073,18.666963842437948,Outgoing,26-35,53.255909812902274
7074,18.86380045171424,Incoming,26-35,33.84828536075406
7075,17.806395412897427,Outgoing,36-45,56.738495942587704
7076,12.984818034474669,Outgoing,56-65,67.72811760896843
7077,24.56235653778348,Incoming,36-45,52.04124391747608
7078,27.6774855856074,Outgoing,46-55,87.41874229184984
7079,7.981099794683237,Incoming,18-25,76.10103532182262
7080,18.14988409164944,Outgoing,46-55,51.70070120354711
7081,13.723006472328553,Incoming,56-65,72.26188089198115
7082,23.479186370264998,Incoming,26-35,56.72225592792219
7083,16.911840591540443,Outgoing,56-65,62.68041469634654
7084,17.372245635321953,Incoming,46-55,49.21354433504139
7085,20.464774763740106,Incoming,26-35,59.47566774300455
7086,14.91722729028821,Outgoing,18-25,17.811628442819718
7087,28.742367541786003,Incoming,36-45,35.05810405828893
7088,20.568178098215853,Outgoing,18-25,84.53172485084909
7089,23.521252464823807,Outgoing,36-45,46.96127944988756
7090,15.456110828251077,Outgoing,18-25,28.659193749243762
7091,16.14001036889844,Outgoing,26-35,96.4383789608157
7092,22.681374016948034,Outgoing,26-35,47.57014665887524
7093,21.978275877817097,Incoming,26-35,68.37525618138287
7094,8.25932027367161,Incoming,36-45,42.21033141626903
7095,17.893428175379732,Outgoing,26-35,78.0999723528577
7096,20.316865618964982,Incoming,56-65,55.1246312368579
7097,16.08789562502312,Outgoing,36-45,13.114734280567731
7098,19.65249295978328,Incoming,26-35,106.84757855903537
7099,16.38404026508013,Outgoing,26-35,40.39627977679935
7100,1.27274339231049,Incoming,18-25,47.0925819183022
7101,7.823759920194837,Incoming,56-65,24.75235562830502
7102,23.824891039349733,Incoming,56-65,10.072713465190368
7103,15.289338247043679,Incoming,36-45,82.40488014511516
7104,18.32783696669702,Incoming,56-65,60.20047051189378
7105,16.974402379061623,Outgoing,26-35,6.620757921646323
7106,11.222911908199528,Incoming,36-45,45.57373606451466
7107,13.730450697238592,Incoming,46-55,64.45095000400693
7108,19.30264633786717,Outgoing,18-25,70.08070309813617
7109,20.016972949880255,Incoming,18-25,32.87345469870799
7110,32.31886629336221,Incoming,46-55,42.179967533031586
7111,13.655804748556715,Outgoing,36-45,38.08708786602489
7112,28.69447410828124,Incoming,46-55,45.60922322251359
7113,10.977095819696245,Incoming,56-65,60.62541789134647
7114,20.420201356217508,Outgoing,26-35,75.31190401711592
7115,18.245108336722843,Incoming,46-55,60.86007616987649
7116,16.1189411417737,Incoming,46-55,61.64941131661356
7117,16.960390836961057,Outgoing,56-65,50.18415264297113
7118,12.641695056658767,Incoming,36-45,25.701726718219316
7119,23.327331888246924,Outgoing,26-35,51.36155323608946
7120,11.101694715877642,Outgoing,26-35,44.37311910577303
7121,19.22268144220426,Incoming,18-25,37.814818882691355
7122,22.29100833504166,Outgoing,26-35,55.42354451538228
7123,26.689421653714035,Outgoing,26-35,15.931512378138237
7124,23.802386282285838,Incoming,26-35,43.3824334726947
7125,21.00700612478407,Outgoing,26-35,37.78263113096925
7126,12.535876257950047,Outgoing,56-65,34.0058403477974
7127,11.499573933855098,Incoming,18-25,69.48738048247586
7128,9.029947804092242,Incoming,46-55,58.10061344134798
7129,8.360141014012783,Incoming,18-25,66.72535116101514
7130,16.990171732989598,Outgoing,36-45,65.70140381139976
7131,11.908083083434347,Incoming,46-55,30.347909834907732
7132,25.394579441427194,Incoming,18-25,82.33932528629235
7133,12.947268859076997,Incoming,18-25,43.08565249040812
7134,17.659790861601778,Outgoing,18-25,83.23329461573124
7135,15.147493620918798,Incoming,18-25,45.448524772426666
7136,7.172997938310944,Outgoing,18-25,23.174034045122568
7137,24.62608582106223,Outgoing,18-25,28.760499897722674
7138,21.86837459251495,Outgoing,56-65,78.71726708118817
7139,22.67365462246134,Outgoing,56-65,68.60803508258812
7140,21.164626621742677,Incoming,46-55,36.32952436571611
7141,11.68360475503416,Outgoing,26-35,60.45937261214247
7142,11.81965724334256,Incoming,18-25,79.29465121714622
7143,20.16391348835181,Incoming,26-35,95.73260563499005
7144,27.80043696188941,Incoming,56-65,58.81245027856788
7145,19.701852284902394,Outgoing,36-45,63.05669831472188
7146,23.84926673795681,Incoming,18-25,50.931573597291795
7147,13.318893673914605,Incoming,46-55,55.321322488548226
7148,24.684956369789873,Incoming,26-35,69.37455514427315
7149,14.063721255056576,Incoming,46-55,27.884790033603302
7150,18.681114898723397,Outgoing,18-25,71.25041117002945
7151,14.436872332348303,Incoming,26-35,45.312073519545265
7152,23.224093215738257,Outgoing,26-35,36.543935561531754
7153,23.31933392499598,Outgoing,18-25,36.63510085566113
7154,6.662532438997816,Incoming,36-45,102.56382547262402
7155,26.277084839555258,Outgoing,18-25,87.43476019763685
7156,33.634864349314356,Incoming,46-55,33.414497696443995
7157,14.51267121878097,Incoming,56-65,61.7636311635083
7158,16.112388998357446,Outgoing,56-65,60.74721774546706
7159,25.676008559681073,Incoming,56-65,98.34155937221801
7160,17.46737218714001,Incoming,26-35,44.00738214406858
7161,16.97217982976834,Incoming,26-35,0.0
7162,30.27878113721189,Outgoing,18-25,51.974047845739044
7163,7.519919870143811,Incoming,26-35,48.19549571096806
7164,11.477258089063898,Incoming,46-55,66.41414755891621
7165,19.924760954891006,Outgoing,18-25,76.46865523862158
7166,5.663187842870096,Outgoing,46-55,83.61356381747133
7167,14.388935716178555,Incoming,56-65,82.80310084870675
7168,14.324840589473414,Incoming,46-55,71.23851232830035
7169,23.732416741556207,Incoming,56-65,81.2783528338838
7170,21.849971241513433,Incoming,26-35,20.829833243797545
7171,5.2174092581947455,Incoming,18-25,48.567635072259044
7172,12.148136608208155,Incoming,36-45,55.15755952889588
7173,12.169606011344793,Outgoing,46-55,66.37835455419516
7174,15.483968862747615,Outgoing,18-25,39.282050619203865
7175,9.31716967273457,Incoming,36-45,38.23236320545594
7176,20.161535593801663,Outgoing,18-25,46.13731723302191
7177,12.140690514873793,Outgoing,36-45,65.89104065658184
7178,21.12035355202606,Outgoing,18-25,0.0
7179,16.98002029317812,Incoming,56-65,54.52983595506352
7180,10.188474026927274,Outgoing,36-45,36.94043616128277
7181,26.717941119218477,Outgoing,18-25,33.51441444370613
7182,26.924086439981302,Outgoing,36-45,63.303314810130274
7183,19.03241720646846,Incoming,56-65,58.59844291727597
7184,15.325556510091875,Outgoing,36-45,60.11184109539605
7185,9.605950306376544,Incoming,36-45,59.23607267505596
7186,24.49779358910701,Incoming,18-25,90.00409090134877
7187,22.75847674516193,Outgoing,46-55,84.4570534827763
7188,11.302028384908825,Outgoing,56-65,20.16842556429865
7189,12.192310864234289,Incoming,18-25,42.79233636036118
7190,20.19844324922999,Outgoing,26-35,45.76715022636192
7191,8.77189376854183,Incoming,36-45,17.017351140403647
7192,12.62019503375426,Incoming,26-35,123.11599285277339
7193,9.71604034519158,Incoming,18-25,57.575576236211305
7194,9.941661932559535,Incoming,46-55,25.374683602282207
7195,11.95954854061609,Outgoing,56-65,81.68343142199767
7196,23.342029081538797,Incoming,18-25,58.33750634497434
7197,4.718174637617407,Incoming,46-55,36.0133974816423
7198,20.0343899598528,Incoming,18-25,72.42535410377175
7199,18.80563132967138,Incoming,46-55,77.91470486879953
7200,23.778406348594512,Incoming,26-35,72.29518322843393
7201,18.799342909913495,Incoming,46-55,68.69248321155304
7202,14.34812472733707,Outgoing,56-65,37.33691705122935
7203,11.292831921920945,Outgoing,26-35,13.929865598338814
7204,23.932881717366158,Incoming,36-45,24.93411938133921
7205,20.47863658978705,Outgoing,26-35,43.10618084572997
7206,13.548050388286496,Incoming,26-35,11.645540917618874
7207,23.362382069166625,Outgoing,36-45,100.05856064173705
7208,13.878852493557204,Incoming,26-35,30.11608523595416
7209,16.99340694154203,Incoming,26-35,50.26554472940873
7210,12.768614040187588,Incoming,36-45,58.409212140273056
7211,20.7368933308016,Outgoing,36-45,82.5451872603465
7212,10.04066054867084,Outgoing,56-65,67.20838604356587
7213,14.90987918353694,Outgoing,26-35,59.92144102436357
7214,12.418123517242197,Outgoing,26-35,113.41294623772507
7215,18.845983731634117,Incoming,26-35,95.2249717398861
7216,19.71941542768723,Incoming,56-65,64.87784088060256
7217,9.270873510358271,Outgoing,26-35,62.2478660176213
7218,19.845019721773216,Incoming,36-45,51.69272346873215
7219,6.662936314162749,Outgoing,36-45,73.17389503296073
7220,32.343812200072726,Incoming,36-45,45.72878068463773
7221,13.419688515039308,Incoming,36-45,36.48929689407815
7222,24.3448246547826,Outgoing,46-55,89.83824823040823
7223,18.408164747960832,Outgoing,36-45,35.885985166327444
7224,18.692568507134194,Incoming,56-65,54.10405092316709
7225,8.837482519076199,Outgoing,46-55,45.30784732052872
7226,22.904086013571465,Incoming,26-35,53.32217864260002
7227,17.340529923400798,Incoming,36-45,60.04593655768359
7228,20.290977820790733,Incoming,26-35,55.15379687830873
7229,16.364999740084176,Incoming,36-45,33.093349000476024
7230,17.910301440416376,Incoming,36-45,44.79242300635829
7231,10.789798840377621,Incoming,46-55,71.35360410323608
7232,15.929762462184934,Incoming,36-45,60.59190049416309
7233,14.060775541764585,Incoming,36-45,64.88083172306467
7234,12.061001615707198,Outgoing,18-25,77.6049508373157
7235,17.94168017786439,Incoming,56-65,68.48681422188925
7236,19.54370869072961,Incoming,56-65,40.01952941719098
7237,18.755404068108927,Incoming,26-35,63.12738718351746
7238,16.284174436144742,Outgoing,26-35,62.515281510542536
7239,19.877763385211786,Incoming,46-55,15.331021508919548
7240,18.695149483872427,Outgoing,26-35,13.190628822963575
7241,17.682690431464852,Outgoing,18-25,66.12480368009156
7242,18.16305713978271,Outgoing,26-35,40.93144218005986
7243,25.281020928375554,Incoming,36-45,43.45935323048494
7244,8.564485070181448,Incoming,26-35,61.840080259256546
7245,14.769826811274749,Incoming,26-35,55.378753503761835
7246,19.367222260360105,Incoming,36-45,53.578241152677535
7247,5.9208486826213385,Outgoing,18-25,92.4064706514202
7248,26.678091383282492,Incoming,56-65,48.749014789473044
7249,18.783725130071367,Outgoing,18-25,61.509549928726706
7250,23.69831235096618,Outgoing,18-25,40.284600197718945
7251,24.838333149884182,Incoming,46-55,80.88055718242433
7252,19.887170502374566,Incoming,46-55,63.41297022624391
7253,1.3718440618916503,Outgoing,36-45,99.03338342865109
7254,18.03385955211147,Outgoing,46-55,58.57701851598738
7255,18.483208394700185,Incoming,56-65,62.733356057365604
7256,9.39193271100017,Incoming,36-45,54.002657406313645
7257,4.47228580273028,Incoming,46-55,94.31940663134688
7258,20.231685119609477,Outgoing,26-35,64.21359749335795
7259,8.25566763947445,Outgoing,46-55,52.95517686208558
7260,31.429920462767498,Outgoing,56-65,32.650789365476626
7261,18.841960972692092,Outgoing,46-55,0.0
7262,26.46058202253436,Incoming,36-45,57.29087086017504
7263,17.21814379557447,Incoming,26-35,47.422324468455884
7264,22.26077179583398,Incoming,36-45,0.0
7265,17.372847518608026,Incoming,26-35,44.74396587636891
7266,24.039010512629716,Incoming,26-35,28.990829595581314
7267,2.7316766892525735,Incoming,56-65,96.6795675487322
7268,23.217034907225948,Outgoing,18-25,53.43031865263217
7269,21.681349126539516,Incoming,56-65,85.93657501591395
7270,15.920938393418853,Outgoing,18-25,66.2653361672269
7271,14.135852807346449,Incoming,18-25,80.4356788202384
7272,14.906284246431607,Incoming,56-65,112.52251482041297
7273,18.97936877867399,Incoming,46-55,75.4329251690577
7274,25.49827555259176,Outgoing,56-65,135.23821728400952
7275,13.260675545557417,Outgoing,36-45,70.6093115520891
7276,5.087630361888337,Outgoing,36-45,85.50010333437328
7277,34.392066889715444,Incoming,36-45,46.64096814944703
7278,21.701021951595823,Outgoing,36-45,19.320214560440334
7279,14.261518701706105,Incoming,18-25,0.0
7280,25.32192703297934,Incoming,18-25,77.0951626043764
7281,23.535857312705733,Incoming,56-65,42.849520647582565
7282,20.445976615689297,Outgoing,26-35,46.50318034176936
7283,13.660638156038537,Outgoing,26-35,46.12643713877687
7284,21.67125763289036,Outgoing,18-25,38.33038052145487
7285,24.62691176584897,Incoming,46-55,96.42875479505933
7286,4.959490873964082,Outgoing,18-25,32.94768291149802
7287,18.571464873804782,Incoming,46-55,67.22487356145045
7288,19.087229919442283,Incoming,26-35,67.22338162054491
7289,18.862536630002108,Outgoing,18-25,17.89233666183616
7290,17.32328531561324,Incoming,56-65,69.4181435956762
7291,25.302511527477314,Incoming,36-45,26.254768125424533
7292,15.520781468459852,Incoming,26-35,52.7434767285878
7293,16.98050185497721,Outgoing,18-25,45.41160198439782
7294,19.20965722654919,Incoming,18-25,56.33535432653336
7295,15.753513308866282,Incoming,36-45,70.05322554219175
7296,7.297991202741917,Outgoing,26-35,32.98083960348368
7297,18.49891030582253,Outgoing,56-65,40.41338078419744
7298,18.578194641600206,Incoming,56-65,14.339362039165763
7299,14.443844430091854,Outgoing,56-65,27.809413453216532
7300,16.073795584294885,Outgoing,26-35,74.00537855960724
7301,0.0,Incoming,56-65,45.73004247592934
7302,25.45884234533894,Incoming,46-55,77.75685314867988
7303,23.307211231024198,Incoming,18-25,31.228767708710205
7304,7.635181736622377,Outgoing,46-55,35.73209257276727
7305,12.271729284807066,Outgoing,26-35,82.59434380022067
7306,27.139649527291134,Incoming,56-65,60.72859612760616
7307,8.916045258753336,Incoming,56-65,17.72133679660319
7308,20.34921082465294,Outgoing,56-65,40.85005248939284
7309,13.555882882436888,Incoming,36-45,76.52916069485752
7310,19.87099369679616,Incoming,36-45,50.79118886619234
7311,17.350966176099455,Outgoing,56-65,85.43374640958109
7312,15.017377195060355,Outgoing,18-25,22.66800138674892
7313,19.719653112760177,Incoming,36-45,85.33565387024058
7314,13.54866969906087,Incoming,26-35,25.445028835074602
7315,4.510369889311679,Incoming,56-65,61.126624683471825
7316,10.505944118723859,Outgoing,18-25,78.68444522587404
7317,9.664989625833378,Incoming,36-45,58.243626074835646
7318,5.771165894553894,Incoming,26-35,69.29644041870058
7319,19.585800464433937,Outgoing,36-45,80.6171245622947
7320,15.790633165726451,Outgoing,26-35,66.86659328282171
7321,19.477587460668737,Outgoing,56-65,47.193830346450184
7322,20.645259489223626,Outgoing,18-25,49.30420549709843
7323,22.29528185732169,Outgoing,46-55,33.86015292089591
7324,19.84845218804147,Incoming,36-45,24.584338199692475
7325,10.142739822440468,Outgoing,18-25,87.9127800719843
7326,21.056678676756828,Incoming,46-55,70.336079032052
7327,18.55263317445394,Outgoing,56-65,91.17356187435968
7328,32.33073345387379,Incoming,26-35,70.20962733227117
7329,17.05542837911104,Outgoing,56-65,46.13852551655069
7330,19.680298500130526,Outgoing,18-25,25.835250011156585
7331,16.336220738299886,Outgoing,18-25,42.14495200385769
7332,17.342270954875836,Incoming,36-45,71.86239111411044
7333,16.869706521418326,Incoming,46-55,37.17248045319677
7334,13.957634966595435,Outgoing,46-55,87.94961490608796
7335,18.241475604284414,Incoming,36-45,45.96674735523468
7336,21.352323094861763,Incoming,56-65,24.869974157833564
7337,14.06345324440539,Incoming,46-55,47.137654842136314
7338,22.849013019571586,Outgoing,56-65,60.77022352005209
7339,22.00017230719856,Outgoing,26-35,97.51163580118836
7340,10.838164237213476,Outgoing,18-25,57.83606854803177
7341,10.25417192067299,Incoming,26-35,39.45047116378706
7342,20.13707380074849,Incoming,36-45,90.42894979481572
7343,12.887249505145974,Incoming,46-55,83.73154800417464
7344,9.680025469113547,Outgoing,26-35,52.29717107535762
7345,29.018282123073817,Outgoing,18-25,14.535098284595392
7346,10.235707049909204,Incoming,46-55,40.446096088413626
7347,6.334831862885325,Outgoing,56-65,73.16042665991041
7348,11.514146281052199,Incoming,46-55,86.21548687880411
7349,18.621537356057946,Outgoing,18-25,58.56247325144542
7350,17.51486454133949,Incoming,46-55,52.88511107593961
7351,30.21049401115382,Outgoing,26-35,42.17769315818145
7352,11.62124936559065,Incoming,36-45,73.65542448805947
7353,18.65309484891546,Outgoing,26-35,29.573086015491473
7354,24.899422218724048,Incoming,46-55,41.295350018778386
7355,12.386889060546562,Outgoing,56-65,89.30262201865516
7356,21.9260694564828,Incoming,46-55,79.3124441111797
7357,4.174802293987181,Incoming,18-25,92.1301664551898
7358,29.31128177587517,Incoming,26-35,38.698883049911714
7359,23.963304330550507,Outgoing,26-35,23.721596453160384
7360,12.235275019537198,Outgoing,46-55,92.01211935958591
7361,22.808724444836013,Outgoing,36-45,73.43616544725322
7362,26.192280296219533,Incoming,46-55,80.67387714493128
7363,7.9793199132829,Incoming,36-45,73.79610224525464
7364,12.800854707176535,Outgoing,46-55,101.39531029961995
7365,26.422583896900527,Incoming,26-35,72.71014708043373
7366,17.472310226079742,Outgoing,36-45,60.23222718585116
7367,20.053163159896382,Incoming,18-25,63.12052111512263
7368,17.49138060024403,Incoming,36-45,60.80259326133118
7369,23.240421905660675,Outgoing,56-65,94.4692423100472
7370,20.59052148383623,Incoming,18-25,86.40082421723089
7371,17.74352084745402,Incoming,46-55,94.71752732809298
7372,2.2881514652787622,Incoming,56-65,4.9526900246457615
7373,21.480074413604594,Incoming,18-25,49.2319613106284
7374,22.104686836614476,Incoming,46-55,32.714853179799306
7375,8.323227890700808,Incoming,36-45,101.97965764791684
7376,8.79880764235078,Incoming,46-55,36.95815903967906
7377,20.623190169687177,Outgoing,26-35,70.60223695437392
7378,18.360275476939886,Outgoing,18-25,105.29011282164282
7379,3.1764449265483776,Incoming,36-45,63.90737043537593
7380,11.245848070980955,Incoming,46-55,46.4862382588281
7381,19.196901692314242,Incoming,36-45,60.81125117031665
7382,21.73673808418208,Incoming,36-45,21.768363753857365
7383,12.909765461219386,Outgoing,18-25,18.196024377560967
7384,15.96780458051146,Incoming,36-45,69.4824169674234
7385,10.844535260137645,Outgoing,18-25,0.0
7386,26.267465719130715,Outgoing,36-45,53.88473487293396
7387,18.222117942682065,Incoming,36-45,52.13114587232359
7388,12.326182020296773,Outgoing,46-55,104.51738214641605
7389,8.905889974776274,Incoming,56-65,68.69669057203706
7390,8.13178841840722,Outgoing,18-25,48.378941217068
7391,29.680883034766314,Outgoing,26-35,79.03846798811858
7392,15.785417090634189,Incoming,18-25,60.04913474053628
7393,14.20335236875226,Outgoing,36-45,28.126498672498197
7394,15.50729329827809,Outgoing,56-65,62.78061346464537
7395,12.588531497042244,Incoming,18-25,59.28895901363397
7396,16.250926548449964,Outgoing,36-45,57.543056763073054
7397,17.244498825234782,Outgoing,26-35,66.66500697173629
7398,17.105024724995314,Incoming,46-55,82.09678091205078
7399,8.161815409264818,Outgoing,46-55,64.58156740122372
7400,23.247016860337354,Incoming,18-25,23.449087932628654
7401,13.129283968016033,Incoming,18-25,17.524647428011562
7402,12.389356569524304,Incoming,26-35,45.8631051898666
7403,12.073217884272204,Outgoing,46-55,44.126154813255695
7404,9.63269814808232,Incoming,36-45,64.28160433423388
7405,18.874583657011186,Outgoing,18-25,88.5329821754912
7406,23.264873806380002,Outgoing,56-65,94.46281347681864
7407,11.939075469563306,Outgoing,46-55,39.15923464852117
7408,4.098119502327599,Incoming,36-45,11.036341823720484
7409,9.810197816741034,Incoming,46-55,56.70474480278221
7410,13.861998354941633,Outgoing,26-35,82.6705145847801
7411,8.37995281998123,Incoming,56-65,44.29066350841382
7412,12.808878176985502,Incoming,36-45,56.56265701525056
7413,13.139312230034863,Outgoing,36-45,50.981101812280116
7414,16.891569845181508,Incoming,18-25,94.74729341820992
7415,6.8153187362339605,Incoming,26-35,112.71747593540198
7416,21.060793610946142,Outgoing,26-35,71.75202435465135
7417,28.626571730898526,Outgoing,36-45,72.32665599838614
7418,27.003820438360712,Outgoing,46-55,20.212563705957614
7419,12.911690968912197,Incoming,36-45,44.53012704030438
7420,21.680586128108516,Incoming,36-45,77.14805148328547
7421,20.85177664131408,Outgoing,36-45,65.17800836492714
7422,16.69532385949538,Incoming,36-45,67.8206650001713
7423,18.239039488225867,Incoming,36-45,12.310997028662626
7424,21.781306578013307,Incoming,36-45,1.8255817090110753
7425,23.18363063061409,Incoming,46-55,103.91121487168161
7426,11.31829415618791,Incoming,56-65,51.28600869802202
7427,22.23383972987878,Incoming,56-65,13.30991695951871
7428,28.66523766439812,Outgoing,18-25,51.941456358385146
7429,23.175271494122775,Outgoing,56-65,19.15280432200855
7430,27.755240407029024,Outgoing,46-55,26.21844374660157
7431,0.0,Incoming,36-45,36.4086066229172
7432,21.16996343839666,Incoming,26-35,19.123481408673392
7433,18.84975888935744,Outgoing,46-55,0.0
7434,24.18959288056496,Incoming,26-35,73.99067943884545
7435,9.120616896951185,Incoming,18-25,40.381673573765525
7436,13.457012357597977,Incoming,46-55,78.76682802142707
7437,23.303757130864536,Incoming,36-45,55.928738665138454
7438,9.582320097795176,Outgoing,36-45,9.471178951365026
7439,18.69619980215967,Incoming,46-55,54.26609301168763
7440,16.88142991966116,Incoming,46-55,90.36078912766698
7441,15.628485331937904,Incoming,36-45,52.51147765414027
7442,21.008890494678226,Incoming,26-35,36.906419103733356
7443,9.191494488344436,Incoming,46-55,18.949707232102142
7444,11.53918252858912,Outgoing,36-45,40.552983688570706
7445,16.02525843187128,Incoming,56-65,25.9314596072214
7446,8.591723443803602,Outgoing,46-55,43.070475099581074
7447,25.616452616331294,Outgoing,18-25,0.37862670364470574
7448,11.408630037989703,Incoming,18-25,24.581512451884294
7449,22.504307200286256,Incoming,46-55,69.92267049528859
7450,10.871476851368794,Incoming,36-45,58.628538796359784
7451,21.92938044299926,Outgoing,26-35,46.67419412851263
7452,5.738059278871731,Incoming,46-55,23.279946238227645
7453,26.860307807311557,Outgoing,18-25,96.07750789859955
7454,24.945931035746437,Outgoing,26-35,109.39022621278275
7455,13.131915443142132,Incoming,56-65,23.9938000385867
7456,11.220515575460063,Incoming,26-35,76.55628915819355
7457,20.204617587500845,Incoming,56-65,25.367685602205054
7458,6.317256447373756,Incoming,18-25,68.34221232124897
7459,17.24326460755976,Outgoing,56-65,0.0
7460,11.346880955575122,Outgoing,26-35,39.577726604211456
7461,15.219829193054181,Outgoing,18-25,59.75989097622923
7462,12.493058602484322,Outgoing,26-35,64.72401011620974
7463,11.411419569743527,Outgoing,46-55,29.508542904007246
7464,28.9335591033721,Incoming,26-35,69.76832103236396
7465,22.463804383358802,Outgoing,46-55,52.86708081320312
7466,6.640959124794978,Incoming,46-55,18.30304725811373
7467,10.86930616662814,Outgoing,56-65,26.73905945430285
7468,23.00214320534439,Outgoing,46-55,96.0995068779147
7469,23.780807906631555,Outgoing,56-65,59.58855587651856
7470,7.304421130430077,Incoming,46-55,44.07407570788775
7471,21.890233940839124,Outgoing,18-25,17.009322187425205
7472,18.855203812931155,Outgoing,56-65,40.67494058836111
7473,3.408310244540786,Outgoing,26-35,59.88523308257357
7474,14.177615971246835,Outgoing,56-65,64.66897162718902
7475,16.04685678554648,Outgoing,18-25,58.13161838706084
7476,17.339442637571437,Outgoing,46-55,37.93797467685111
7477,7.755920488759839,Outgoing,18-25,7.3788776730126315
7478,11.658891470707053,Outgoing,36-45,52.61406153515797
7479,12.6393938294611,Outgoing,18-25,54.04523859832425
7480,13.250269983381745,Outgoing,18-25,33.073781440923305
7481,13.367017869230287,Incoming,18-25,49.665271404399896
7482,16.071569623598617,Outgoing,26-35,57.488904909508584
7483,19.167456305772923,Outgoing,26-35,63.18038358110767
7484,29.419580071602056,Incoming,18-25,75.43641583966051
7485,23.096221274825965,Outgoing,36-45,0.0
7486,26.218043726568272,Outgoing,36-45,66.49452322459061
7487,13.63471020483422,Incoming,56-65,14.414651726298722
7488,9.972537948299491,Incoming,18-25,28.662595311069435
7489,22.609976928831323,Incoming,56-65,82.086387206468
7490,16.88652342080668,Incoming,46-55,24.005318060627165
7491,22.112224600906757,Incoming,36-45,76.97301139215905
7492,10.823898427904709,Outgoing,46-55,40.110038280025904
7493,21.540039691373494,Outgoing,46-55,92.57699666912717
7494,15.773253595130758,Outgoing,18-25,20.712362886436495
7495,13.773693108722114,Outgoing,36-45,52.747643379365904
7496,14.432709640449918,Outgoing,56-65,0.0
7497,20.43303392073514,Incoming,46-55,57.30579328982013
7498,22.41898921441073,Outgoing,18-25,13.463131640915506
7499,14.435100895953997,Outgoing,26-35,48.6084294667676
7500,19.410168798963305,Incoming,36-45,33.022739542965645
7501,19.385714760332245,Outgoing,26-35,100.0875881634736
7502,22.168358020221383,Incoming,56-65,43.57337655658519
7503,23.908406352982077,Outgoing,56-65,96.7511360081269
7504,29.67854971090899,Outgoing,56-65,29.81878775386291
7505,13.743807294338914,Incoming,36-45,0.0
7506,27.220069297621293,Incoming,46-55,73.98307619179089
7507,17.81952062542938,Incoming,18-25,24.409398044344655
7508,9.336391562118108,Outgoing,46-55,82.85035701718573
7509,12.446608597669094,Outgoing,36-45,51.41573284413421
7510,20.261720841513494,Incoming,26-35,69.99014249772772
7511,22.066324983478317,Incoming,18-25,77.29956739406761
7512,9.886125002905192,Incoming,56-65,110.45437485924262
7513,11.652810203672395,Outgoing,26-35,81.6081678608412
7514,13.26818340198761,Outgoing,46-55,59.780325518211036
7515,10.956423846713555,Incoming,18-25,76.6778847756164
7516,3.8394050682675918,Outgoing,56-65,73.99013845138097
7517,1.4648040092568628,Outgoing,18-25,67.54856322637892
7518,14.3273501915114,Incoming,46-55,105.65127286719475
7519,18.764555027384564,Outgoing,36-45,49.32876774035839
7520,21.589099247310553,Incoming,46-55,58.82254625814005
7521,7.463661482178889,Incoming,36-45,40.51341451335953
7522,7.582626178251111,Incoming,56-65,124.1406810640579
7523,13.304499778269506,Incoming,46-55,47.199322702149004
7524,17.023397170220004,Outgoing,46-55,63.84381902442837
7525,24.06147120277759,Outgoing,46-55,31.061484679039474
7526,22.02405448433154,Outgoing,46-55,44.63866343673445
7527,14.42520280197056,Incoming,36-45,80.42919021032526
7528,19.52108713232435,Incoming,36-45,51.78189631379341
7529,11.095225326088805,Outgoing,26-35,84.52287802111219
7530,17.520420289548763,Incoming,56-65,75.58436162498533
7531,16.5630369487652,Incoming,56-65,52.38215970927768
7532,26.830116028795914,Incoming,36-45,32.80927889019404
7533,20.454885586778204,Incoming,26-35,62.46722638215358
7534,11.604504677981081,Outgoing,26-35,62.4935734051045
7535,11.676116219311227,Incoming,46-55,55.40254973677287
7536,14.668359269736403,Incoming,26-35,62.54401482268466
7537,6.048737968898461,Incoming,56-65,37.454600989539834
7538,15.389857352972474,Incoming,18-25,71.56035783449198
7539,15.99438553246146,Incoming,36-45,65.6258811870082
7540,20.265688152764604,Incoming,46-55,35.90789517578713
7541,21.284877465041955,Incoming,26-35,43.14252970033744
7542,17.692414865716273,Outgoing,36-45,53.63093304106231
7543,5.590051193523072,Incoming,36-45,43.363740598962224
7544,8.452674281965848,Incoming,36-45,35.59466213752736
7545,12.764265534804064,Outgoing,56-65,80.9828312787263
7546,21.566040140444223,Incoming,46-55,77.31055744079038
7547,21.329667797522607,Incoming,18-25,70.18638305020843
7548,15.253932088336626,Incoming,46-55,25.663433761827392
7549,33.51811286836811,Outgoing,26-35,101.3010083142209
7550,27.93097309545983,Outgoing,46-55,62.95309882821068
7551,25.67943578496333,Incoming,56-65,51.87769147220875
7552,21.904607082148427,Incoming,18-25,75.78448015011865
7553,20.209792276892,Outgoing,46-55,52.09145836058841
7554,19.699032252777513,Incoming,26-35,0.0
7555,4.364796101462732,Incoming,46-55,61.60781452923238
7556,9.641009502437043,Incoming,56-65,82.30255064261516
7557,15.445042492759812,Outgoing,36-45,64.55876619264045
7558,17.895107467876354,Outgoing,56-65,8.46075967748439
7559,16.128804340101848,Incoming,56-65,76.30213504980863
7560,18.90593746847699,Incoming,56-65,61.82352160167716
7561,2.276896151801525,Outgoing,18-25,63.532008109631604
7562,20.539650119735334,Incoming,46-55,16.899101141814327
7563,17.43496289068397,Incoming,26-35,41.145439303630724
7564,15.687850288691862,Outgoing,36-45,27.465585982773067
7565,23.49118424168849,Outgoing,36-45,77.5887407034385
7566,9.681266316413105,Incoming,18-25,66.79291669114718
7567,15.341736031604057,Incoming,26-35,39.21906233674689
7568,18.99092887978941,Incoming,36-45,36.257599641361864
7569,11.02892083973251,Incoming,26-35,47.133517835935095
7570,2.976592153424887,Outgoing,26-35,62.231827551923715
7571,8.928719227582214,Incoming,46-55,77.20955003035687
7572,16.54695588929276,Incoming,18-25,32.205419644726774
7573,15.256861794359885,Incoming,56-65,64.00746599008696
7574,16.872137655833036,Incoming,56-65,45.83306103124616
7575,12.385062091135776,Outgoing,36-45,0.0
7576,7.814153172128107,Incoming,36-45,41.68275699252683
7577,17.959057807455494,Incoming,18-25,65.04700892694818
7578,15.834339038595276,Outgoing,46-55,34.60242007162022
7579,21.464844179331642,Outgoing,36-45,63.72970395693322
7580,11.766206519505483,Incoming,36-45,72.44965020518686
7581,2.8540360640827664,Outgoing,26-35,83.843981317284
7582,0.0,Outgoing,18-25,28.43152650309553
7583,14.189715498632438,Outgoing,56-65,84.38559216156338
7584,17.895364134824575,Outgoing,18-25,55.82595394532852
7585,15.37381234626719,Incoming,56-65,15.713331566918058
7586,13.04394683375126,Outgoing,26-35,48.9651806804383
7587,5.86032310789334,Outgoing,46-55,47.60072837579432
7588,3.774464567049481,Incoming,56-65,41.52368388212916
7589,19.570923466962196,Outgoing,26-35,24.047334887972884
7590,15.406791391473602,Incoming,46-55,60.96055246461799
7591,14.455371796679582,Outgoing,26-35,53.470014890412195
7592,6.207743315580167,Incoming,46-55,41.23532791113921
7593,10.236203800629921,Outgoing,36-45,31.111917750325066
7594,17.315730446568185,Incoming,46-55,9.21953631689692
7595,18.99231167425539,Outgoing,56-65,93.67886986796128
7596,15.850319075473866,Incoming,46-55,48.332338469442895
7597,26.654745983136735,Incoming,18-25,74.84434803039616
7598,12.971542729005897,Outgoing,46-55,82.89815088709743
7599,26.00810345056862,Incoming,26-35,80.95845355860281
7600,18.518067329043998,Incoming,56-65,71.77437218242983
7601,17.756934096012262,Outgoing,36-45,60.60991152224317
7602,23.527659015355788,Incoming,36-45,12.481261535538096
7603,12.631108567610735,Outgoing,26-35,94.4091492249695
7604,14.695575785775262,Incoming,36-45,26.470412206496796
7605,8.435209037706993,Outgoing,56-65,92.31317766607502
7606,23.546487650537824,Outgoing,26-35,47.6314179614543
7607,19.348538088645906,Incoming,56-65,79.67973564643512
7608,24.684553463332325,Outgoing,36-45,76.31699938573172
7609,18.434043822026965,Outgoing,36-45,64.03521073695303
7610,24.721295506339217,Incoming,18-25,63.88994307170884
7611,11.768976130041526,Incoming,26-35,50.53234999882175
7612,23.910677598793384,Outgoing,46-55,56.14622519791497
7613,14.215295507824518,Outgoing,26-35,55.96310034904373
7614,17.017723554451706,Incoming,56-65,59.079521698557244
7615,22.098488593289098,Incoming,36-45,51.679714244492644
7616,33.29488870063502,Incoming,18-25,21.713717959320093
7617,22.74037011597734,Outgoing,26-35,44.545603635576285
7618,23.400422944668,Outgoing,56-65,65.67246515668808
7619,13.18235431825538,Incoming,18-25,51.67341059721604
7620,18.098985936717114,Incoming,18-25,55.24643865963654
7621,16.328929128655936,Outgoing,18-25,39.82824067073112
7622,26.853662941875378,Incoming,36-45,69.3288885011123
7623,15.978460633567892,Incoming,56-65,70.61134226883082
7624,26.299792966445516,Outgoing,18-25,0.0
7625,7.888473052964269,Outgoing,36-45,16.016858436944574
7626,26.791441275348895,Incoming,36-45,50.46621855270337
7627,10.970194074372674,Incoming,36-45,67.55771064369452
7628,22.97718910194562,Incoming,26-35,62.49049797013401
7629,10.949686762715553,Outgoing,36-45,51.525521999651474
7630,21.328430801314685,Incoming,56-65,75.82035778897995
7631,10.26188987637893,Outgoing,46-55,70.14913464358871
7632,24.255366589962915,Outgoing,26-35,50.04017869412614
7633,22.916718261559893,Incoming,18-25,51.50095688467355
7634,12.795188030141512,Outgoing,36-45,22.29122421167559
7635,21.04659156292658,Incoming,26-35,57.5123379675793
7636,23.63202853825721,Incoming,26-35,69.04626732221152
7637,10.536766624634351,Incoming,56-65,36.963003711553995
7638,9.76198009019073,Incoming,18-25,55.964859596951456
7639,9.50086688321785,Incoming,46-55,63.41441422700649
7640,8.508981097370823,Outgoing,46-55,76.7835809091502
7641,9.467350077904888,Outgoing,26-35,47.30382437144495
7642,23.473517464073243,Incoming,26-35,33.46785268290722
7643,20.904948748847964,Outgoing,18-25,46.575823854166806
7644,5.127984689658714,Outgoing,26-35,62.293413997278925
7645,13.428831102156238,Outgoing,36-45,60.903502992378336
7646,8.895143878937013,Outgoing,46-55,16.54278448832963
7647,23.030711375561935,Incoming,36-45,46.54586231051087
7648,13.852479846697424,Outgoing,56-65,29.408932984576516
7649,6.189008040256152,Incoming,26-35,55.8137045280406
7650,18.19115547439406,Incoming,18-25,63.94635395461599
7651,21.245444756919557,Incoming,56-65,80.50039627514059
7652,10.324110967330952,Outgoing,56-65,86.47357477979921
7653,15.145588583230063,Outgoing,18-25,67.41166425158256
7654,10.683231607518287,Outgoing,56-65,44.662104839216795
7655,25.708331744831476,Outgoing,36-45,42.213059105234265
7656,13.980493041896477,Outgoing,56-65,66.58008246964819
7657,11.947132619163192,Outgoing,18-25,74.13239932326681
7658,16.640721543056003,Incoming,46-55,24.61978421648366
7659,15.547154690231643,Outgoing,26-35,114.63830126412705
7660,21.819453757062025,Outgoing,18-25,65.68192103925996
7661,25.512330581502216,Outgoing,36-45,75.98438213232411
7662,25.565362757157498,Incoming,36-45,66.57907483596071
7663,14.326648475852675,Incoming,46-55,28.80858824598481
7664,19.135795432033586,Incoming,36-45,43.96027612039386
7665,27.419499372033144,Outgoing,18-25,35.61855578997173
7666,27.688991658625035,Outgoing,36-45,12.777135517784629
7667,10.868656917145252,Incoming,46-55,24.398140964169976
7668,21.145716516503413,Incoming,46-55,98.99151634773943
7669,19.96243900940279,Incoming,56-65,49.59383273903454
7670,23.4847128111129,Incoming,56-65,76.72813809001241
7671,25.705322974864515,Incoming,36-45,40.859313764371294
7672,9.71316793494056,Outgoing,36-45,37.09616318737738
7673,12.165251864757973,Outgoing,36-45,92.25161581182932
7674,23.35326129415315,Outgoing,36-45,50.406072589502394
7675,18.036215283949907,Outgoing,56-65,49.39619459581001
7676,1.4093115471092972,Incoming,18-25,61.5777666002569
7677,5.336022904979403,Outgoing,18-25,70.82442862693239
7678,21.63801198909285,Incoming,18-25,41.6284307285676
7679,22.873776458001572,Incoming,56-65,0.37327696782580233
7680,7.553586070038152,Incoming,18-25,83.91179738605446
7681,24.694172934894894,Outgoing,18-25,65.74821756904089
7682,15.619968682358438,Outgoing,56-65,32.930737696790956
7683,9.842681091483778,Incoming,26-35,50.95307901513354
7684,13.077928769660334,Outgoing,36-45,88.09416411399698
7685,8.440797417658374,Outgoing,36-45,94.46921937487241
7686,12.68862311633256,Incoming,26-35,46.70589151209165
7687,3.9177142037796333,Outgoing,46-55,92.41562580888086
7688,16.483169357013185,Outgoing,18-25,55.01553846164364
7689,21.109830815495993,Outgoing,26-35,36.639077336035534
7690,7.568025227789144,Incoming,18-25,41.7940402153952
7691,17.11914189436063,Outgoing,26-35,99.39387217630542
7692,11.367435802765069,Outgoing,36-45,69.48833314605263
7693,21.68160584754967,Outgoing,18-25,31.290436241568376
7694,0.799150360907678,Outgoing,56-65,80.76754525207838
7695,21.983221936342982,Incoming,36-45,81.74787454875077
7696,4.275703817828859,Incoming,36-45,44.61916648864464
7697,15.530417576436244,Outgoing,36-45,66.67500371781006
7698,12.037573184621108,Incoming,18-25,90.44879671326211
7699,14.475079512337969,Outgoing,46-55,25.987767126632445
7700,6.294264702557962,Incoming,26-35,9.715918378004865
7701,28.620963483596473,Outgoing,26-35,38.15293896055239
7702,7.994058456727641,Incoming,56-65,11.03889657650982
7703,8.54642475816992,Outgoing,46-55,23.86646761607249
7704,29.563744095598622,Outgoing,36-45,83.56478402583542
7705,19.25891145252965,Outgoing,26-35,33.844029890903954
7706,8.220204335775811,Incoming,18-25,53.30476831301833
7707,16.09848626867308,Incoming,36-45,73.1260040450405
7708,15.349893714999409,Outgoing,36-45,84.63143116826203
7709,5.186444136977585,Outgoing,46-55,63.71132111961521
7710,11.692161841872398,Outgoing,46-55,1.5234829410677264
7711,16.815335016872893,Incoming,26-35,53.69732553019384
7712,25.864925340862865,Outgoing,26-35,74.19261702764771
7713,15.678191097417793,Incoming,36-45,59.18273159159182
7714,16.20448354670195,Incoming,56-65,68.6951008922955
7715,11.293833303278603,Outgoing,36-45,38.17863060206966
7716,24.67123546845764,Outgoing,18-25,57.36299085131412
7717,23.31625226050666,Outgoing,56-65,71.52249975150076
7718,22.525343410870622,Incoming,26-35,90.63100198997736
7719,17.782872055487072,Outgoing,56-65,39.04678885791713
7720,5.809985066674265,Outgoing,56-65,38.49725424568943
7721,24.606689291901247,Incoming,26-35,94.57121456570857
7722,17.40130823556447,Incoming,18-25,46.56243485635056
7723,14.839859349595592,Outgoing,18-25,60.56777015782248
7724,20.139213433248422,Outgoing,46-55,61.561355012488264
7725,18.569327926796113,Incoming,46-55,54.8832675937717
7726,9.515614045066702,Incoming,18-25,103.56018575330538
7727,14.754414969597688,Outgoing,18-25,49.270661628247396
7728,3.6713504530903602,Incoming,46-55,74.76995672249393
7729,17.602186442192703,Incoming,46-55,44.563421725826835
7730,26.31089437110798,Outgoing,18-25,101.63436035890888
7731,4.430694037720675,Outgoing,26-35,34.469237728299454
7732,17.900396488680332,Incoming,18-25,70.4590285385757
7733,21.67934973656166,Outgoing,26-35,0.0
7734,22.71449888607127,Incoming,26-35,47.660033937677895
7735,11.776671674253851,Incoming,26-35,68.9185010000278
7736,9.284384892344974,Incoming,46-55,18.684075278660544
7737,12.890636244142268,Incoming,36-45,45.67180339759654
7738,25.336097209716165,Incoming,18-25,135.0446959592913
7739,5.033110482732255,Outgoing,56-65,28.28166202904267
7740,8.488231034637327,Outgoing,56-65,61.80929577824831
7741,13.788613608319526,Incoming,18-25,18.345555942654272
7742,10.170301474615044,Incoming,26-35,27.936208877221752
7743,16.708290852101733,Outgoing,46-55,65.69724087690682
7744,26.90168157600128,Outgoing,46-55,49.423219320142856
7745,8.573270872342295,Outgoing,26-35,34.659968023949695
7746,15.975436764515635,Outgoing,18-25,43.334191132178155
7747,16.942243214196665,Incoming,56-65,82.71413486905884
7748,14.657896260024273,Incoming,46-55,49.25373004426359
7749,5.95102516743145,Outgoing,26-35,69.40982556596767
7750,12.53522134476177,Incoming,46-55,11.332460746734021
7751,12.55614553915143,Incoming,26-35,41.376232156641244
7752,21.434527689463046,Outgoing,46-55,44.33332914491257
7753,19.937055083889533,Incoming,56-65,36.47943052465892
7754,6.136729753284417,Incoming,46-55,51.79518781480772
7755,14.290045493882547,Incoming,18-25,47.33732059824379
7756,13.498213542713707,Outgoing,36-45,73.21905734616917
7757,30.682866986020727,Outgoing,26-35,82.66587454060769
7758,19.046192262111354,Incoming,36-45,39.4551790712141
7759,9.457931066786255,Outgoing,56-65,85.02099433806033
7760,11.562414541788444,Outgoing,56-65,36.76791549018272
7761,14.350182205632274,Incoming,36-45,58.024400449226505
7762,19.536573027740793,Outgoing,56-65,21.743460250103233
7763,20.394446623135668,Outgoing,56-65,47.86889982760533
7764,18.40337849884012,Incoming,26-35,93.21852106679762
7765,15.531643280546149,Incoming,26-35,58.551183316288366
7766,16.047997730667603,Outgoing,26-35,48.581449930195824
7767,16.09721541510117,Outgoing,18-25,4.990897478642559
7768,4.519630718998801,Incoming,18-25,53.380961247660004
7769,16.57095864849424,Incoming,18-25,57.402542937393875
7770,12.959221609439393,Incoming,18-25,43.143583704315986
7771,5.430188454506883,Outgoing,36-45,46.65197165203253
7772,33.9251780462554,Outgoing,26-35,52.37553399650792
7773,19.179125241909833,Incoming,56-65,55.77309089227593
7774,17.09172280794808,Incoming,46-55,50.489233284214436
7775,14.402104065829473,Outgoing,18-25,84.26736851085828
7776,22.111557210540802,Outgoing,56-65,29.107807893543193
7777,8.8638981855509,Incoming,26-35,93.64435107231122
7778,14.811069956400308,Outgoing,36-45,48.39070938818684
7779,10.334803821281483,Outgoing,56-65,68.38431442026787
7780,22.05093997569947,Outgoing,46-55,81.64915184855381
7781,11.212811979031423,Incoming,56-65,59.783534259471
7782,24.709294681435882,Incoming,26-35,54.19672648559106
7783,16.305072286773473,Outgoing,56-65,58.660077652852586
7784,22.421430677789395,Incoming,36-45,6.469216881065101
7785,19.799012190596123,Incoming,26-35,0.0
7786,24.414713837968634,Incoming,18-25,73.89182342094652
7787,10.453763827800337,Outgoing,26-35,46.776471966152904
7788,23.339362294626483,Incoming,56-65,33.68446985333479
7789,3.9618794273951554,Incoming,46-55,60.513197646276396
7790,17.3018873347958,Outgoing,26-35,51.073059957652085
7791,13.178546473878898,Outgoing,26-35,22.664600030105326
7792,7.168210312034741,Incoming,26-35,78.67790435051943
7793,10.745345125046617,Incoming,26-35,83.2605811633571
7794,12.515409916044664,Incoming,56-65,60.25935042989746
7795,15.624138225272938,Outgoing,18-25,59.11181091537564
7796,13.326052437055651,Incoming,46-55,54.728214279622655
7797,17.560181814777586,Outgoing,26-35,57.99599576080806
7798,11.18889179088001,Outgoing,46-55,63.72835716973052
7799,13.661996092990663,Outgoing,56-65,43.25567121489592
7800,14.976537544713969,Incoming,18-25,75.0674652651366
7801,18.274673556315296,Incoming,26-35,59.25550771294871
7802,22.94193097286294,Incoming,18-25,74.3333005391956
7803,22.975641049457654,Outgoing,26-35,86.53410293620291
7804,18.662387942615155,Outgoing,26-35,55.908043991793015
7805,20.01177111623919,Incoming,36-45,63.321264952838824
7806,19.183068410918327,Incoming,46-55,71.10484943615583
7807,14.797504768955175,Outgoing,18-25,56.76094430045491
7808,23.304081018325153,Incoming,46-55,46.39576331976286
7809,10.59863235261366,Incoming,46-55,59.576387985516234
7810,2.6629817218730825,Outgoing,46-55,87.51697997224423
7811,9.709574292719505,Outgoing,18-25,0.0
7812,26.821845705730006,Incoming,26-35,73.66641665027085
7813,14.931968030516249,Outgoing,26-35,58.88889028375902
7814,18.918903043286374,Outgoing,26-35,41.95106849318127
7815,15.082349884008568,Incoming,26-35,76.67027609148074
7816,20.931657301784504,Outgoing,26-35,24.8929068620175
7817,17.49498866204464,Incoming,26-35,44.97804019096445
7818,16.51985593537423,Outgoing,56-65,87.79255547264411
7819,21.296448345353117,Incoming,56-65,7.657672482389643
7820,13.740254429668235,Outgoing,26-35,67.52701571857187
7821,19.60454447887936,Outgoing,18-25,90.96349201488226
7822,15.776948372455287,Outgoing,46-55,82.59137081002895
7823,16.248016227509755,Incoming,46-55,64.96268043340372
7824,11.269817504737079,Outgoing,18-25,31.009973815533467
7825,15.48831045429609,Outgoing,56-65,77.34232418216926
7826,13.21130214826973,Outgoing,46-55,39.30329588350594
7827,24.90944125132766,Outgoing,56-65,51.11840406738441
7828,5.21149835298867,Incoming,36-45,53.705825306474324
7829,23.224819240111238,Outgoing,46-55,24.22865974503727
7830,4.790196235177126,Outgoing,36-45,87.34401435923373
7831,20.76050946326973,Outgoing,36-45,52.70793153409771
7832,11.135888360513002,Outgoing,36-45,53.19442802014608
7833,20.964255849178386,Incoming,36-45,39.70493823995599
7834,16.15048694388685,Outgoing,26-35,37.290635468853
7835,6.973526508778466,Incoming,26-35,70.42440643664006
7836,26.51032977890672,Incoming,18-25,71.07688657457291
7837,22.436524168989504,Incoming,46-55,129.30525271027346
7838,20.522228198991993,Outgoing,18-25,47.216568101382606
7839,12.517411789284946,Incoming,36-45,44.41253933752739
7840,22.677592294167262,Outgoing,18-25,82.67776984606152
7841,8.017238648812302,Incoming,26-35,76.03680846341098
7842,1.4064771424486864,Outgoing,56-65,47.762471754669136
7843,6.063718915654592,Outgoing,56-65,63.825385720955836
7844,10.546083745715096,Outgoing,56-65,94.01595369858111
7845,11.71614181136627,Incoming,56-65,25.229434194480888
7846,13.956095018077374,Outgoing,56-65,36.44384813969245
7847,14.266967357662539,Incoming,46-55,65.72463167824331
7848,12.451132023962778,Outgoing,36-45,38.09724378606393
7849,2.1857965948367664,Outgoing,26-35,39.33658443244932
7850,18.344863573274537,Outgoing,56-65,85.69180426590192
7851,15.147276725840653,Incoming,46-55,65.331376097264
7852,12.125594908168317,Incoming,26-35,53.63049697954043
7853,26.78614903960886,Outgoing,56-65,35.57072415466559
7854,15.30484244811245,Outgoing,36-45,64.1651375115615
7855,17.409722127193227,Outgoing,18-25,84.30588517272898
7856,22.570951062481928,Outgoing,36-45,22.708933995988332
7857,6.57097410440754,Outgoing,36-45,24.46834133978722
7858,16.84172962432469,Outgoing,56-65,72.00256753889343
7859,22.547834978116388,Incoming,18-25,41.03620115658599
7860,16.360697681107617,Outgoing,18-25,34.78440952852475
7861,7.876601893200858,Incoming,26-35,37.98131335943094
7862,13.622671885383081,Incoming,46-55,73.91496914124869
7863,18.322906520205535,Outgoing,26-35,73.14799861526353
7864,2.2518547689560684,Outgoing,56-65,64.89708153807307
7865,7.531373034291292,Incoming,18-25,44.29064554693057
7866,30.814758271545767,Incoming,36-45,34.61542983526002
7867,20.392131593794385,Incoming,36-45,39.918960323176
7868,27.384293925013964,Outgoing,46-55,32.78567827302061
7869,23.064223910555178,Outgoing,56-65,45.18416598069637
7870,19.757885502218908,Incoming,56-65,55.902676397473584
7871,14.836445327395456,Incoming,26-35,73.46431051090808
7872,19.668497120693722,Outgoing,18-25,55.94624368477234
7873,27.14974933603649,Incoming,18-25,50.78430744183864
7874,22.778772462172007,Outgoing,46-55,97.53395098568718
7875,18.167672133927454,Outgoing,36-45,0.0
7876,15.793570515602493,Incoming,26-35,71.05353578330633
7877,20.488265112296045,Outgoing,46-55,68.05156702521585
7878,13.275701748966004,Outgoing,18-25,68.37275922245583
7879,20.489320872901164,Incoming,26-35,78.23320961237259
7880,12.114311563027655,Outgoing,56-65,25.32534829146532
7881,14.522553787602034,Outgoing,36-45,78.85707776088041
7882,9.806061736484498,Incoming,18-25,64.59431628075431
7883,13.921658691339703,Outgoing,18-25,45.099149779408535
7884,12.21390639059628,Outgoing,46-55,70.74858118478846
7885,28.843407737763748,Outgoing,36-45,59.45129320968588
7886,10.738529699405483,Incoming,18-25,31.4378029116667
7887,19.69384706925523,Outgoing,18-25,4.407028995837344
7888,10.371823764524924,Incoming,18-25,22.20418896006838
7889,17.328272256732813,Outgoing,46-55,37.14286037599298
7890,19.029407813680727,Incoming,18-25,64.87406770965447
7891,4.042274282534095,Incoming,46-55,19.014947091351033
7892,7.216089581744585,Outgoing,56-65,65.25946933506293
7893,10.317287661334118,Incoming,56-65,62.810153984339436
7894,7.877341881660248,Outgoing,56-65,106.42983281464842
7895,17.588596413618617,Outgoing,56-65,64.02178843937403
7896,18.69806146128406,Incoming,26-35,3.253541328072288
7897,9.558496312427257,Outgoing,26-35,83.64266013795834
7898,17.869389058527883,Incoming,56-65,32.191888325391545
7899,14.031449703600329,Outgoing,56-65,30.861513724802172
7900,16.303667765017792,Incoming,36-45,50.129970503731926
7901,12.601036972758585,Incoming,18-25,68.77515036551257
7902,20.413597127235022,Outgoing,36-45,48.1415762993247
7903,28.44450479856374,Outgoing,36-45,55.249042614167465
7904,22.42033950933005,Outgoing,36-45,32.16362012180316
7905,26.75373594075382,Outgoing,36-45,25.802882099124943
7906,7.180226518255957,Incoming,36-45,60.03752044116918
7907,12.270036284088004,Outgoing,36-45,16.881537671083834
7908,20.956650829586106,Incoming,56-65,37.16797254758684
7909,27.5580592241841,Incoming,36-45,46.73392961399921
7910,21.553082988346013,Outgoing,26-35,60.86474247990073
7911,9.816431402382955,Outgoing,18-25,48.48917472437478
7912,13.957398656267836,Incoming,26-35,47.06481508759351
7913,19.333831056116985,Incoming,46-55,24.23894410804698
7914,15.84738334858477,Outgoing,26-35,44.64586640283902
7915,11.408592795971405,Outgoing,46-55,48.75814225362405
7916,14.96821889658899,Incoming,56-65,65.41328927972046
7917,16.898947868682946,Outgoing,46-55,34.99764337584824
7918,9.405550861656948,Incoming,36-45,32.649518105452486
7919,23.891563507757144,Incoming,36-45,24.69231677832578
7920,13.922696242086722,Incoming,36-45,58.79323370939832
7921,16.49196641582444,Outgoing,46-55,46.24335490635559
7922,24.245368926067908,Incoming,46-55,51.64629327153629
7923,16.125009337258312,Outgoing,46-55,43.15274069225538
7924,23.862511799091124,Outgoing,18-25,44.144915324133436
7925,9.795593973582914,Incoming,18-25,39.80993305797348
7926,20.03069140231398,Incoming,18-25,67.52067460737423
7927,22.87525648999768,Outgoing,36-45,56.029862307669006
7928,11.190924010646658,Outgoing,56-65,91.6951831602145
7929,15.751412853435163,Outgoing,26-35,47.414223658956445
7930,15.896270907585938,Outgoing,18-25,94.40173677591062
7931,18.467474520047947,Incoming,26-35,47.89171429834268
7932,20.32361132137838,Outgoing,18-25,67.75638963433988
7933,10.621556609643825,Outgoing,46-55,39.72473779404703
7934,16.579615991890776,Outgoing,46-55,67.1086956294429
7935,28.139227215022053,Incoming,36-45,0.0
7936,24.377137541373628,Outgoing,36-45,23.81542624600702
7937,22.556906916706858,Outgoing,26-35,30.511673008328298
7938,15.650542814457577,Outgoing,36-45,106.3221465165495
7939,31.901815773089865,Outgoing,56-65,81.3442386668516
7940,24.208699319543822,Outgoing,56-65,61.480664181887995
7941,17.261932075506028,Incoming,56-65,44.60543204886228
7942,18.54287500913491,Outgoing,36-45,40.4566353774209
7943,13.788052416826712,Incoming,18-25,39.84488673556159
7944,19.75360183810814,Incoming,26-35,71.87628613888353
7945,21.151525236088396,Outgoing,26-35,57.26099820964579
7946,21.918256591829678,Outgoing,26-35,77.47372411888723
7947,15.735212754666865,Incoming,18-25,69.01921987616385
7948,6.684104636606298,Incoming,36-45,65.3429453182535
7949,18.69251842325877,Incoming,18-25,35.394394639853566
7950,21.947554541514243,Incoming,46-55,35.32516729815246
7951,10.150126617513614,Incoming,18-25,58.2679320988409
7952,16.36417195403239,Outgoing,36-45,64.50126159076778
7953,26.39026077668275,Outgoing,18-25,50.1873688742861
7954,8.575674593509687,Outgoing,36-45,23.88629639319826
7955,15.013859551480751,Incoming,18-25,60.58464266592264
7956,27.409974035568446,Outgoing,18-25,73.91606572442154
7957,18.10400747879639,Outgoing,26-35,27.41980074552527
7958,13.317917202318323,Incoming,26-35,47.68695741298672
7959,16.95077884822715,Outgoing,26-35,31.33670704109221
7960,22.781419925947965,Incoming,36-45,78.91350805395007
7961,15.575461253713701,Incoming,56-65,104.91049071974344
7962,21.183074804573526,Incoming,56-65,87.85030116546889
7963,18.644931110730216,Outgoing,56-65,15.44294282093557
7964,19.21954887244048,Incoming,56-65,63.652291745904854
7965,21.630790577056928,Outgoing,36-45,68.75212158661495
7966,14.93620341918695,Incoming,26-35,98.36437997160246
7967,10.388424729893991,Outgoing,26-35,40.540294721712556
7968,20.320769238129735,Incoming,26-35,51.890349662819624
7969,16.073171210562613,Outgoing,36-45,25.519065201726594
7970,13.863221418606312,Incoming,18-25,21.286567164560147
7971,20.684697025156332,Outgoing,46-55,56.694562518663616
7972,25.941429568355876,Outgoing,36-45,91.69160795050814
7973,15.917951318868509,Outgoing,18-25,55.71694564434959
7974,17.059146769906768,Incoming,26-35,56.23561559004587
7975,8.727629466115346,Incoming,26-35,23.364304814571046
7976,15.441137741116899,Outgoing,56-65,58.63108408660698
7977,18.549033127955948,Outgoing,56-65,41.14869884460797
7978,16.856891309185837,Outgoing,18-25,43.632484272630826
7979,14.464909170021281,Incoming,46-55,97.70583765600696
7980,22.08089169093497,Outgoing,18-25,44.03220513724227
7981,17.40605375004803,Incoming,18-25,46.48660009977457
7982,35.12162182867155,Outgoing,46-55,60.46673929704108
7983,18.454034853992724,Incoming,18-25,0.0
7984,0.0,Outgoing,18-25,35.54565514517462
7985,9.215778738853992,Incoming,36-45,10.237308036273852
7986,20.724834954887925,Incoming,46-55,41.23833948604063
7987,12.49683140041209,Outgoing,26-35,102.64991391282281
7988,12.931388125193184,Outgoing,56-65,0.0
7989,8.325391092330904,Outgoing,26-35,13.363612105998037
7990,13.662872705447699,Outgoing,26-35,88.8483623843795
7991,18.35749429111999,Outgoing,56-65,51.01834651702646
7992,19.700850000715437,Incoming,56-65,65.99666025676743
7993,9.860730439515592,Incoming,18-25,57.4260774345312
7994,22.6378427932154,Incoming,46-55,58.18145370232682
7995,8.660416371365542,Outgoing,56-65,46.38724031469684
7996,20.065692762938735,Incoming,46-55,0.0
7997,19.359327422456886,Outgoing,18-25,54.460279758031525
7998,10.459492704758587,Incoming,26-35,82.43944787988379
7999,9.626791317412302,Incoming,56-65,80.04616768138993
8000,19.676033084234174,Outgoing,56-65,69.52547343042646
8001,13.080822369781163,Outgoing,18-25,52.38344402773398
8002,15.666504582830733,Outgoing,46-55,58.786757724255374
8003,21.811350725403535,Incoming,46-55,76.42046864484952
8004,20.35396012861684,Incoming,36-45,16.83220479624906
8005,10.588388394338,Incoming,26-35,100.10602987661755
8006,16.624945667922216,Outgoing,36-45,80.1865617418784
8007,10.456993586750135,Incoming,46-55,101.21847231078135
8008,23.089572649694357,Incoming,36-45,62.812036099844335
8009,27.755618049971904,Incoming,46-55,41.88875633516726
8010,11.084332793646249,Outgoing,56-65,66.58272608112874
8011,16.781830272235457,Incoming,18-25,73.88594704564844
8012,23.422227079317768,Incoming,36-45,103.15667347209148
8013,17.169477058298106,Incoming,56-65,47.67049683277328
8014,20.930537011662985,Incoming,56-65,44.6722578740505
8015,17.361244320576603,Outgoing,18-25,81.48698319296145
8016,9.602374044790235,Incoming,18-25,49.15071885593835
8017,17.832475120245103,Outgoing,56-65,39.95952464434196
8018,24.890985474631357,Incoming,56-65,41.57715299531537
8019,19.200044488653056,Outgoing,36-45,4.488008552895039
8020,28.365719986524358,Incoming,36-45,37.24685045900213
8021,4.599472986850012,Outgoing,26-35,65.5476747530356
8022,19.653332147481443,Incoming,26-35,54.86989710491177
8023,12.46394410371775,Incoming,56-65,66.73104889319457
8024,10.870581872119594,Incoming,26-35,88.15497215284222
8025,26.340930260002104,Incoming,56-65,114.70514742322331
8026,15.214965156174346,Outgoing,18-25,48.192093190597674
8027,14.539183170666892,Outgoing,18-25,26.54545421118625
8028,19.40503119583219,Outgoing,36-45,44.03157880698976
8029,1.932370828675893,Incoming,46-55,74.30679377469797
8030,26.48406157918568,Outgoing,56-65,116.67397048559445
8031,30.331012198798945,Incoming,36-45,59.0329786381799
8032,23.405794115155622,Outgoing,26-35,66.96538009514954
8033,19.88392818399978,Incoming,56-65,49.27091823122618
8034,15.483972010009738,Incoming,36-45,58.84608971964256
8035,9.473513768524725,Incoming,26-35,86.04952914175826
8036,25.358446710129346,Incoming,56-65,75.20029825819748
8037,23.4143913628821,Incoming,36-45,53.56891491886709
8038,20.1508137844217,Outgoing,46-55,61.3116482295691
8039,19.335402226138395,Incoming,36-45,45.79855474675805
8040,19.10414689705715,Outgoing,56-65,84.7376734899144
8041,13.3184429614747,Outgoing,26-35,101.4325198207196
8042,34.50818179552268,Incoming,56-65,33.262485299150626
8043,15.000635216343763,Incoming,56-65,35.21294276616888
8044,14.013070645650927,Outgoing,36-45,46.04068827832145
8045,24.844244184316047,Outgoing,56-65,76.40465681852375
8046,16.795559593029566,Incoming,18-25,44.32997236710011
8047,16.867038393230118,Outgoing,46-55,78.46812774967478
8048,26.901985604558625,Outgoing,26-35,15.785447728251114
8049,21.750306718852634,Outgoing,46-55,53.16236901151784
8050,22.10592982742005,Incoming,36-45,58.332686608738705
8051,7.0760265406509735,Outgoing,36-45,31.668369864067174
8052,19.803781250263324,Incoming,18-25,51.48405271877711
8053,9.960744450835861,Outgoing,36-45,82.74650095763648
8054,13.815041952785545,Outgoing,36-45,51.46651444136544
8055,18.229488886939734,Incoming,36-45,65.44742135495966
8056,16.746531385470906,Incoming,46-55,90.48298883814182
8057,21.579528142201404,Incoming,18-25,32.23639933722269
8058,22.39489756289127,Incoming,56-65,61.4802519002258
8059,22.919436874978356,Outgoing,26-35,0.0
8060,7.59059339801887,Outgoing,18-25,20.21756140252748
8061,33.538607834258144,Outgoing,46-55,73.7067865756938
8062,16.827947918568896,Outgoing,56-65,41.68144095308226
8063,25.490533475670468,Outgoing,56-65,62.2139313964704
8064,0.0,Outgoing,26-35,17.220340105156183
8065,15.142698401654062,Outgoing,56-65,0.0
8066,6.775225316303398,Incoming,18-25,37.426775398169596
8067,10.970442410286871,Outgoing,56-65,40.60825125342299
8068,17.353890261086715,Incoming,46-55,46.152530346829806
8069,14.656753930353982,Outgoing,56-65,91.68290317509846
8070,26.198119049917587,Outgoing,46-55,3.733815836593706
8071,29.382943978813458,Outgoing,56-65,36.73391065902385
8072,10.232160510875776,Outgoing,26-35,45.84137186245031
8073,13.585643842424979,Incoming,18-25,51.44150388070663
8074,9.782382332375407,Outgoing,46-55,79.7958872702413
8075,25.09130125592219,Outgoing,56-65,53.50718286961403
8076,18.113305233066235,Outgoing,36-45,74.89734690718882
8077,17.226318189736435,Outgoing,36-45,84.67912193671978
8078,19.187264875091344,Outgoing,18-25,20.229785335170476
8079,14.82180376265481,Outgoing,46-55,83.1557092373903
8080,11.004709819144292,Incoming,26-35,50.10536051446323
8081,17.35738327653558,Incoming,26-35,56.1851720832905
8082,15.13094144473795,Incoming,18-25,58.66217072600767
8083,19.42916854092277,Incoming,26-35,65.413038023142
8084,5.576150020358437,Incoming,56-65,18.089811274943706
8085,18.30451007899304,Incoming,18-25,15.875508367239306
8086,12.17527795937637,Incoming,46-55,42.21675768575221
8087,18.05913456189489,Outgoing,26-35,70.20498875240807
8088,23.335627265595257,Incoming,56-65,87.10333619707276
8089,13.106265742193576,Incoming,26-35,37.97258205991291
8090,25.37704361039126,Incoming,18-25,76.42961222515103
8091,4.814661904932791,Incoming,18-25,49.65921754318089
8092,27.806801813649706,Outgoing,26-35,63.25554124105655
8093,25.6694583664354,Incoming,18-25,39.97938521482966
8094,10.79387254862677,Incoming,36-45,58.45501890612431
8095,10.852422115194589,Incoming,18-25,31.947976071639584
8096,6.535308328375486,Incoming,46-55,57.35326285858359
8097,23.449651544844482,Outgoing,26-35,76.67783785361351
8098,14.687124311224618,Outgoing,36-45,44.915922880507054
8099,14.173610699588357,Incoming,26-35,61.26769365741822
8100,9.140295260829866,Outgoing,18-25,64.22754289890572
8101,29.68381726104799,Incoming,36-45,82.75066687525992
8102,10.190673492450891,Outgoing,26-35,8.364116867227501
8103,17.169162971076656,Outgoing,18-25,72.5791550180389
8104,18.51178796807986,Outgoing,18-25,27.79372898780658
8105,14.209301720103863,Outgoing,26-35,25.48998609012504
8106,12.793764990624389,Incoming,26-35,38.859797547259504
8107,14.41516988938577,Outgoing,26-35,31.591000114708415
8108,20.957333329270966,Incoming,36-45,60.12385967694767
8109,14.57059991491689,Incoming,36-45,30.85263296653731
8110,28.378819811096704,Outgoing,46-55,69.40372827133274
8111,11.560729199374832,Outgoing,36-45,1.5250511877587627
8112,22.2787472686924,Outgoing,18-25,81.59300799358071
8113,4.705209017158078,Incoming,36-45,16.166633213079194
8114,11.561524756148078,Incoming,26-35,65.12645286253348
8115,11.285954837445503,Outgoing,26-35,34.88681261895928
8116,9.272605267854377,Incoming,36-45,44.39700076878867
8117,18.984307550789232,Outgoing,18-25,33.12349358545943
8118,16.228689644854978,Outgoing,46-55,1.8956641649058952
8119,1.0482059750296635,Outgoing,26-35,43.43384283073817
8120,30.96874807476759,Outgoing,56-65,24.392756508107496
8121,18.23211336040634,Incoming,46-55,19.354909844243323
8122,17.008241481610217,Outgoing,56-65,44.408506964380024
8123,26.1708319401789,Incoming,56-65,47.97584037475633
8124,23.922026225740503,Incoming,56-65,57.084968372572625
8125,14.912786942710511,Incoming,26-35,67.37138802385829
8126,3.332408582091828,Outgoing,26-35,24.84448312422358
8127,20.950699516998256,Incoming,56-65,20.215643822936734
8128,10.260076776759432,Outgoing,56-65,73.8975421381845
8129,25.674851210125965,Incoming,46-55,46.892969786467226
8130,11.566854361816151,Outgoing,26-35,104.1204074390885
8131,13.836931733670184,Outgoing,56-65,3.6847714765248014
8132,7.597732337524626,Incoming,18-25,63.35277940518987
8133,8.163932472980163,Incoming,26-35,34.64918083205188
8134,16.236472335107656,Incoming,26-35,35.56589219976473
8135,15.584183300549466,Outgoing,18-25,41.31783799680545
8136,13.668821705354055,Outgoing,56-65,88.49689248854756
8137,31.371081368062157,Outgoing,36-45,13.09083752094692
8138,21.225524562839357,Incoming,26-35,12.721319938927095
8139,17.07170326048377,Outgoing,56-65,70.40251268978521
8140,0.0,Outgoing,18-25,97.6112404528883
8141,22.78037760086022,Outgoing,18-25,36.70135049227336
8142,37.96175408679879,Outgoing,26-35,82.1215056395063
8143,15.684348211345698,Incoming,18-25,76.81812225799888
8144,11.326412338074725,Outgoing,18-25,62.02855645502468
8145,18.14327258318771,Incoming,56-65,59.566065929478455
8146,6.980138871434512,Outgoing,18-25,45.56535795794943
8147,20.234423809866357,Outgoing,36-45,77.6320679340952
8148,27.50153274756071,Outgoing,56-65,71.61692396683999
8149,12.303482296259453,Incoming,56-65,40.66838362216807
8150,12.529514520638438,Outgoing,26-35,15.350258779157343
8151,16.442129198887613,Incoming,56-65,35.42574413444052
8152,13.491465376715835,Outgoing,26-35,28.38279303281438
8153,6.413779544869453,Incoming,18-25,53.608073844725126
8154,14.303336151908137,Outgoing,46-55,66.99958260541585
8155,12.890935464843757,Incoming,36-45,64.73639533260511
8156,26.56588404333992,Incoming,36-45,66.50856654196615
8157,25.087623031506745,Outgoing,18-25,59.8308651643345
8158,26.781190826728515,Outgoing,46-55,54.455508672440644
8159,22.61207501187696,Incoming,56-65,53.43258390913461
8160,18.44048038036753,Outgoing,46-55,85.86661182112618
8161,10.87914380788941,Outgoing,56-65,42.77896715840147
8162,26.282809393564918,Outgoing,56-65,49.52422113264155
8163,19.43452605720966,Incoming,56-65,0.9513317843788585
8164,8.263787565854635,Incoming,46-55,41.40962254128029
8165,10.602922654684615,Outgoing,18-25,47.47669686319839
8166,8.153783725555154,Outgoing,56-65,84.90914694077718
8167,2.6357972756838848,Incoming,18-25,21.591607479087287
8168,19.71965529464391,Outgoing,56-65,51.81224946516824
8169,8.334872397172171,Outgoing,18-25,51.29447466551447
8170,11.708383034184745,Incoming,18-25,70.9537084792202
8171,17.271877400534372,Outgoing,18-25,43.34968746257381
8172,15.68474953278923,Incoming,26-35,70.20816448979033
8173,12.005907110702804,Outgoing,46-55,61.40315877705575
8174,27.632503091432305,Incoming,56-65,35.976349127587014
8175,6.313418557733556,Incoming,56-65,27.223375905052205
8176,6.616436961547153,Outgoing,26-35,107.27144007854719
8177,20.204907353119758,Incoming,18-25,41.46113615888173
8178,12.617069249545567,Outgoing,18-25,12.680747576835792
8179,12.343265564720372,Incoming,56-65,43.617746673913096
8180,9.44674778197827,Incoming,36-45,38.218082681232474
8181,19.367408305338774,Outgoing,56-65,25.80862771556759
8182,18.579423122291907,Outgoing,56-65,53.96330999545683
8183,17.833861760714132,Incoming,26-35,59.70701257672783
8184,12.919301550752952,Outgoing,18-25,4.568267744196369
8185,11.742792776120863,Incoming,46-55,58.144304118477585
8186,15.858343129997047,Incoming,56-65,73.36217531982277
8187,23.765778664655585,Incoming,56-65,30.858425454818057
8188,27.97711578695597,Outgoing,46-55,21.501833591829637
8189,24.779487191208815,Incoming,26-35,29.164959464195572
8190,20.540161393271767,Outgoing,36-45,41.999571455076435
8191,23.87523320986973,Incoming,26-35,53.411345851965436
8192,8.726448910789284,Incoming,56-65,25.86366811696064
8193,12.003608077899674,Outgoing,26-35,43.861818268972364
8194,20.670789539906053,Outgoing,46-55,48.73066381747952
8195,16.172873930660973,Outgoing,26-35,57.73927640493982
8196,19.36254465640442,Incoming,56-65,17.5281980186027
8197,23.856256337167363,Incoming,46-55,33.770552629174105
8198,22.768197991015782,Outgoing,46-55,35.32080621330691
8199,9.363255429536618,Outgoing,56-65,92.72774726826506
8200,17.082910142689787,Outgoing,56-65,79.03223064244625
8201,10.554241926970299,Incoming,56-65,50.674992231140635
8202,11.558773729519414,Incoming,36-45,14.828957358186067
8203,5.023916964393663,Incoming,56-65,74.09076716309056
8204,17.93520309648184,Outgoing,26-35,81.5964666518898
8205,4.5065780160757765,Incoming,18-25,50.13892138294462
8206,19.75893267196524,Outgoing,36-45,40.037349559300594
8207,26.509133276879396,Outgoing,36-45,34.618188224469066
8208,20.71235283286359,Outgoing,18-25,69.19618012088111
8209,17.36321850485032,Incoming,26-35,67.64880583387156
8210,27.741136877821674,Incoming,36-45,25.45319530137918
8211,19.292119881586927,Incoming,36-45,30.87066603571324
8212,10.960796764991915,Outgoing,56-65,25.394563923361055
8213,17.87574516211808,Incoming,46-55,96.26297440869735
8214,30.717840504159046,Incoming,36-45,58.75703565608547
8215,9.351528157503775,Outgoing,26-35,79.47952577322832
8216,7.339132841856905,Outgoing,46-55,54.89353089403087
8217,21.304360531390774,Outgoing,18-25,61.942161376999096
8218,15.431627824258392,Incoming,36-45,44.25527755549865
8219,13.275986871501035,Outgoing,26-35,88.1268788222722
8220,8.185744058587122,Outgoing,18-25,59.56475752798075
8221,3.349214334092789,Incoming,56-65,50.155529421131966
8222,6.804989728180056,Outgoing,56-65,5.307212078417749
8223,28.30447867729152,Outgoing,46-55,64.86058107130228
8224,16.937880297988656,Incoming,18-25,64.6173616437342
8225,3.263448625625939,Outgoing,46-55,83.39844976043763
8226,25.288601568231346,Incoming,18-25,44.06976357141227
8227,25.64383776909782,Outgoing,18-25,33.92492142171594
8228,25.60463768977985,Incoming,56-65,97.44276266869136
8229,14.042280833612,Outgoing,46-55,16.91640995525747
8230,15.118325717801998,Outgoing,56-65,31.852216141402753
8231,17.96339504595659,Incoming,18-25,90.6687272474984
8232,26.807325555962787,Incoming,56-65,76.07977109602835
8233,13.115692866379561,Incoming,46-55,46.001208577545796
8234,11.719107287935001,Outgoing,46-55,46.881114974686184
8235,21.86973807850011,Outgoing,26-35,48.51466744793389
8236,25.46478313694763,Outgoing,56-65,74.32776108969612
8237,16.630465140484098,Incoming,26-35,74.70943810814067
8238,21.693079354613573,Outgoing,18-25,68.6124920676079
8239,17.787127348518233,Incoming,56-65,72.92804312808077
8240,15.241287757268351,Outgoing,36-45,67.86381683398201
8241,11.19505261059904,Incoming,26-35,0.0
8242,8.922980689871359,Incoming,46-55,63.10696150912759
8243,12.696637567606405,Incoming,26-35,45.404515760715384
8244,10.167585698920337,Incoming,56-65,108.45943385234362
8245,18.98437773141601,Outgoing,26-35,17.934782271003066
8246,25.522820371917508,Incoming,46-55,24.242056819607832
8247,18.428065459596297,Outgoing,26-35,57.625860487188554
8248,10.555076622193305,Outgoing,26-35,24.459670039326838
8249,22.987639567181716,Incoming,36-45,118.36697751791077
8250,19.07817047269796,Incoming,18-25,68.85505606755086
8251,20.46378214498246,Outgoing,46-55,40.23026596109032
8252,13.364426022423464,Outgoing,18-25,64.68768773610002
8253,24.93363600622945,Outgoing,36-45,60.52930401867065
8254,24.897859887252686,Incoming,56-65,38.72569075418022
8255,15.711529987390929,Outgoing,56-65,22.827552396478133
8256,22.02916292622047,Outgoing,36-45,26.819813797395092
8257,24.710424064501677,Outgoing,56-65,43.81167536643625
8258,13.742394417380355,Outgoing,56-65,79.56418027349943
8259,16.431329466556367,Outgoing,26-35,70.35164414431836
8260,17.558539500416845,Outgoing,26-35,109.73332705289975
8261,9.315258892279417,Incoming,26-35,33.68053678461753
8262,20.09163758088085,Incoming,36-45,24.984495688905273
8263,24.157659709195848,Incoming,56-65,50.90650530284425
8264,15.992797886475065,Incoming,18-25,65.75869451771577
8265,19.378950380465874,Incoming,46-55,66.41836290656072
8266,26.790065571427235,Outgoing,56-65,63.97612578345887
8267,14.163936876379363,Incoming,36-45,60.20287914269874
8268,19.521854983389026,Outgoing,26-35,41.31660206516639
8269,13.011314588312283,Incoming,46-55,44.58824892599797
8270,12.8202559065141,Incoming,46-55,94.33472503103819
8271,19.39325283030951,Incoming,46-55,25.189300697311534
8272,18.689586971193012,Incoming,18-25,61.110777016084434
8273,20.885488876693884,Outgoing,26-35,84.03756550939175
8274,17.533111247371146,Outgoing,26-35,29.620914268586436
8275,20.25599972109408,Incoming,26-35,29.525698701193317
8276,28.658632804499582,Outgoing,26-35,62.185995749742624
8277,24.41937283713904,Incoming,56-65,65.74650446650391
8278,19.36867189121142,Outgoing,46-55,47.09647476802567
8279,20.534348988356694,Incoming,46-55,66.26567860281881
8280,14.907685905470583,Outgoing,46-55,13.847951191139877
8281,15.885676362034497,Outgoing,36-45,38.96881140123463
8282,20.447226514700258,Incoming,26-35,83.9996065907131
8283,17.613551573011012,Incoming,56-65,8.793046753190474
8284,22.55113073362063,Outgoing,56-65,106.32685247840581
8285,25.869511024122176,Outgoing,36-45,51.70783748360945
8286,16.28763827304365,Incoming,36-45,95.17090119431427
8287,2.9354842261809733,Incoming,46-55,84.08428888942677
8288,31.23932248053428,Incoming,46-55,60.63166330771344
8289,12.432538968501238,Incoming,46-55,61.55433366475945
8290,18.36613192169076,Outgoing,46-55,102.33942106782344
8291,22.092446007088817,Outgoing,46-55,28.354282612971762
8292,26.86281477190158,Incoming,26-35,52.23655338520406
8293,29.642239459990886,Outgoing,56-65,40.16025858593012
8294,14.45288803562778,Incoming,26-35,34.151614080881245
8295,25.327828368600493,Outgoing,56-65,83.71720129846045
8296,18.385859393624052,Outgoing,18-25,64.7160158125029
8297,36.20242569148663,Outgoing,18-25,63.946239925923564
8298,24.703113069820276,Outgoing,18-25,64.04107786560407
8299,15.757681381113791,Incoming,56-65,74.51378386857343
8300,11.44849027963573,Incoming,36-45,50.274665090943245
8301,0.0,Outgoing,26-35,81.99522387810217
8302,21.72273150916097,Outgoing,36-45,52.62528697918585
8303,24.059141305935277,Incoming,56-65,55.08579677037588
8304,22.218223110799705,Incoming,46-55,45.525357877756186
8305,0.5260988684155308,Incoming,36-45,50.741072840546686
8306,8.193923072173739,Outgoing,56-65,62.536925962705304
8307,20.36576434527751,Incoming,18-25,53.86608949659552
8308,29.498666148365537,Incoming,46-55,34.398027589767395
8309,16.611123380941077,Incoming,18-25,49.19728560783621
8310,24.640627796141782,Outgoing,36-45,46.67622315470874
8311,9.75915223593052,Outgoing,36-45,50.6834282496457
8312,18.449896228566267,Incoming,26-35,7.7670657629446325
8313,15.077379083304471,Incoming,26-35,72.89464600207762
8314,25.313126316816348,Outgoing,56-65,50.35892290142242
8315,13.22114568344532,Outgoing,36-45,62.92156186035594
8316,28.739088787054577,Outgoing,18-25,67.32647251052967
8317,14.846012614660086,Incoming,26-35,27.23264547701143
8318,9.510959026934831,Incoming,18-25,69.96173379543303
8319,9.745848775834574,Outgoing,56-65,28.323855654417407
8320,12.64301007356499,Incoming,18-25,62.696359910188285
8321,19.593971295459014,Outgoing,18-25,9.217798750416911
8322,12.73014017471214,Outgoing,46-55,0.0
8323,11.256658370443198,Outgoing,56-65,77.23425937599772
8324,23.228656360740843,Incoming,26-35,67.58646375893551
8325,0.0,Incoming,46-55,49.345408517253546
8326,13.99082854495045,Incoming,36-45,52.787827117991526
8327,7.660332965853998,Outgoing,36-45,13.71588696043871
8328,10.920118931593247,Outgoing,26-35,52.75971063651448
8329,18.706249465123605,Incoming,56-65,55.78168268396743
8330,15.563371484754684,Outgoing,36-45,42.28969998637761
8331,14.931038248706964,Outgoing,36-45,48.94732152405315
8332,25.326562152749855,Incoming,36-45,28.526606640755926
8333,16.90467288177506,Outgoing,56-65,15.970473942242833
8334,29.642398115248383,Incoming,36-45,57.31723172863749
8335,21.985342446005355,Incoming,26-35,21.929400797919897
8336,10.233031949273837,Incoming,26-35,64.44129737476077
8337,30.53864379199398,Outgoing,26-35,61.51920499109905
8338,18.94673741143708,Incoming,46-55,78.76017295952174
8339,30.102235014679156,Incoming,26-35,61.107177180513155
8340,15.137331198770687,Outgoing,18-25,128.54471154387056
8341,18.90562223185549,Incoming,36-45,45.00080894391553
8342,20.024799157275517,Incoming,26-35,62.25386804460126
8343,15.823203580475962,Outgoing,56-65,37.09766739488071
8344,25.903439969108202,Outgoing,56-65,78.50431100758055
8345,30.528074059530162,Incoming,56-65,56.59221256036232
8346,0.9460160496844878,Incoming,46-55,8.583800286082855
8347,22.703728624940577,Outgoing,56-65,31.891583122298833
8348,10.738473331041703,Incoming,46-55,48.48950812273301
8349,0.0,Outgoing,36-45,21.11774562727001
8350,20.619127795249348,Outgoing,18-25,66.0207688398355
8351,20.634914482499152,Incoming,56-65,17.098896343343213
8352,21.76089022543319,Incoming,56-65,47.177095950461286
8353,19.597195145324672,Incoming,46-55,44.85266489421302
8354,23.125176562985725,Outgoing,46-55,77.40137578016021
8355,12.778658390590289,Incoming,18-25,46.73041288379774
8356,18.843340724084428,Outgoing,26-35,73.42632745463013
8357,21.887163878999985,Incoming,46-55,62.50784768377284
8358,26.470692857915633,Outgoing,18-25,23.600529982290215
8359,17.306918309264937,Outgoing,36-45,107.48635468952361
8360,15.50343104291743,Outgoing,56-65,79.33684561804584
8361,16.61332773837634,Outgoing,56-65,28.38764561958048
8362,8.644848261877378,Outgoing,18-25,25.75210013987272
8363,22.387370000049046,Outgoing,18-25,82.6731747195841
8364,6.798781652411392,Incoming,56-65,74.75747256145407
8365,19.736748721261538,Outgoing,46-55,69.17783288069135
8366,17.59201955581618,Outgoing,26-35,28.1640688544405
8367,6.143192042079415,Incoming,36-45,36.99576119082531
8368,6.542377287877427,Incoming,26-35,85.01748279083107
8369,11.024159689141666,Outgoing,26-35,67.11218515583549
8370,14.592406157533112,Outgoing,26-35,33.95430918691619
8371,27.3633549715599,Outgoing,56-65,87.23538596312919
8372,16.224853835698408,Incoming,26-35,102.37952378624598
8373,20.82540854970341,Outgoing,46-55,40.57046771389836
8374,25.866237640946743,Outgoing,46-55,35.71468508127926
8375,24.512171038068182,Outgoing,46-55,90.05632311104002
8376,16.95058200990547,Outgoing,18-25,93.54333958284336
8377,12.061323071172964,Incoming,36-45,93.03286293469036
8378,20.491981917860468,Incoming,46-55,62.76188165265269
8379,12.20099727024226,Outgoing,26-35,40.26788234055572
8380,29.703632567657372,Incoming,18-25,75.74210317375743
8381,23.074589496046677,Outgoing,56-65,44.83977334542567
8382,18.460874128585708,Outgoing,46-55,43.358735884094
8383,20.588702362433192,Incoming,26-35,57.62058237602793
8384,18.248005426595185,Outgoing,26-35,53.72004435026106
8385,14.421692590604636,Incoming,56-65,40.50148026932173
8386,20.490269497677087,Incoming,18-25,26.62345027103808
8387,15.299756697779689,Outgoing,26-35,48.206897756045876
8388,30.5568190270629,Incoming,36-45,37.50944047815155
8389,12.151076198120535,Incoming,46-55,19.390483961021147
8390,20.56158197684269,Incoming,18-25,57.819803089528804
8391,11.520914548760759,Incoming,46-55,58.46329382188202
8392,11.447851065266349,Outgoing,46-55,72.3397262695668
8393,4.497370950722532,Outgoing,56-65,57.55262941265487
8394,19.880325733411695,Incoming,36-45,52.37557501339497
8395,13.272738622683189,Incoming,36-45,72.05752117602425
8396,24.58372663171423,Incoming,56-65,57.643931389711746
8397,19.89306774831798,Incoming,46-55,61.08998793510583
8398,18.037572606205103,Incoming,36-45,67.75842713063658
8399,7.126508582110274,Incoming,46-55,39.73546379913386
8400,21.09433713407554,Incoming,18-25,77.98578385955251
8401,12.364976936563849,Outgoing,56-65,54.87164728161728
8402,6.970129126940355,Outgoing,56-65,51.27440330633835
8403,20.013594356701724,Outgoing,36-45,77.68574745779796
8404,8.191951656331225,Outgoing,18-25,42.03864905555962
8405,2.3621270974168276,Outgoing,46-55,43.98795835648236
8406,26.07994118362221,Incoming,36-45,66.35180939666621
8407,13.074875980008004,Incoming,46-55,59.46291534745814
8408,4.7885835907604655,Incoming,18-25,137.25326796651422
8409,10.261857325265147,Outgoing,26-35,80.06673754996385
8410,11.95263882049826,Outgoing,36-45,0.0
8411,25.00959103205784,Incoming,36-45,62.017478102783855
8412,5.359225679421531,Incoming,56-65,8.910055737713094
8413,7.627656027754728,Outgoing,26-35,44.62697263430303
8414,23.86282096420014,Outgoing,36-45,59.40076156596055
8415,13.851870430950413,Incoming,46-55,43.48201099063311
8416,18.595669166079436,Incoming,18-25,0.21845502295651897
8417,13.563522689525016,Incoming,26-35,56.48185122078445
8418,31.14399109775391,Outgoing,56-65,40.935340150594826
8419,7.972133908557227,Incoming,56-65,71.04212694255075
8420,18.974809670947696,Incoming,46-55,7.57794562172721
8421,27.520696110801907,Outgoing,18-25,36.81512569293888
8422,14.375097928087136,Outgoing,56-65,75.36592826591776
8423,11.723581612135678,Incoming,56-65,0.0
8424,22.36972121571999,Outgoing,18-25,66.9094706427079
8425,24.028453671934642,Incoming,26-35,35.52023827764769
8426,11.40067420506088,Outgoing,36-45,49.15288934475964
8427,27.23537615733806,Incoming,36-45,26.3974227967398
8428,17.35854764503522,Incoming,18-25,47.14676054531784
8429,20.56132907289787,Outgoing,18-25,28.84541325894783
8430,27.417968333776585,Incoming,18-25,24.37465882258834
8431,22.381461580518792,Incoming,46-55,75.21949451198732
8432,16.99825577207278,Outgoing,46-55,51.63423415882207
8433,12.29885525437684,Outgoing,18-25,61.038042781829986
8434,35.95953955477644,Outgoing,46-55,56.66707964661826
8435,11.47688675362705,Outgoing,36-45,87.17284204197229
8436,19.2269036578619,Outgoing,18-25,64.54701136527916
8437,20.569925711573404,Outgoing,36-45,67.8920151541266
8438,20.901166280327935,Outgoing,36-45,73.02433971769719
8439,31.89611852334551,Outgoing,46-55,33.53014384381307
8440,17.332992765622524,Incoming,56-65,99.44234214464745
8441,16.33453844895456,Incoming,56-65,21.64342833011635
8442,27.865946403252792,Outgoing,26-35,62.32688124365948
8443,16.048810977533158,Outgoing,26-35,62.188240897025345
8444,23.132170366133714,Incoming,56-65,114.45399682686268
8445,18.360728870176473,Outgoing,18-25,65.02854366075783
8446,23.446824413100117,Incoming,56-65,35.71039612497471
8447,22.07813793960691,Incoming,46-55,39.129459886303174
8448,14.178215304187535,Outgoing,56-65,43.83115746396109
8449,4.091911648391411,Incoming,18-25,57.72353087681968
8450,5.282638998190752,Incoming,18-25,59.671823087329955
8451,4.117349862329299,Outgoing,26-35,64.96301507734704
8452,16.361623469171242,Incoming,26-35,55.6605562275296
8453,0.531621009619883,Incoming,18-25,68.2368537231235
8454,15.880067757379326,Incoming,36-45,26.456464598190024
8455,17.936371429496948,Incoming,26-35,14.812737202719859
8456,22.99358511218076,Incoming,46-55,82.55149534415031
8457,20.530657708621323,Outgoing,36-45,15.223096894988714
8458,23.313195477454684,Outgoing,46-55,52.80235710945734
8459,19.897335869647744,Incoming,46-55,34.669300479963695
8460,14.735209219591097,Incoming,18-25,99.04229653492098
8461,16.258119392601465,Outgoing,36-45,102.12867132052452
8462,11.03849226415023,Outgoing,26-35,55.325252807281366
8463,18.596605698372706,Outgoing,18-25,47.24715022863712
8464,5.910631147364242,Incoming,56-65,48.69677152583223
8465,24.46224817804415,Outgoing,26-35,59.83147113903787
8466,10.303842793577068,Outgoing,56-65,76.38167806016759
8467,18.07691725174589,Outgoing,18-25,139.19602909704568
8468,19.250348347153114,Incoming,46-55,28.530532356321743
8469,25.139060437580643,Incoming,46-55,61.04968994012666
8470,5.231856493276734,Outgoing,36-45,51.132916869361715
8471,14.721785579681185,Incoming,26-35,41.98636154472075
8472,20.848934849759953,Outgoing,56-65,44.12618951288957
8473,29.2582845910849,Outgoing,56-65,52.22848361996109
8474,16.728205909358884,Incoming,36-45,59.916463233643796
8475,12.839580043933626,Incoming,26-35,64.38767305210177
8476,31.18892129340034,Outgoing,46-55,67.4870755931982
8477,22.617924702983505,Incoming,18-25,19.918863200211035
8478,26.615432902916265,Incoming,36-45,38.16428504133704
8479,8.533214906102623,Incoming,18-25,68.55966392303328
8480,20.647903728837278,Incoming,18-25,90.98201980682686
8481,9.41672317360872,Outgoing,36-45,66.92619035252126
8482,7.8646919779995805,Outgoing,56-65,47.49548297583736
8483,21.073160443377386,Outgoing,26-35,66.83012595374348
8484,21.562931792428444,Outgoing,56-65,61.38746524563902
8485,13.625916573118221,Outgoing,46-55,28.80174555007204
8486,27.02426059990254,Incoming,26-35,50.5939629570541
8487,14.41686152362416,Incoming,36-45,59.30302219134228
8488,15.110132902671012,Outgoing,36-45,72.99149273199916
8489,16.747728575039467,Outgoing,36-45,90.54436683299687
8490,15.299400563433863,Outgoing,18-25,99.73741231469155
8491,25.940834891454305,Outgoing,36-45,13.216485261396294
8492,9.70807665161162,Incoming,46-55,50.29094116171516
8493,11.719597664655725,Incoming,46-55,92.39576684330952
8494,8.660147171860086,Incoming,36-45,74.33434007000344
8495,30.184619510967213,Incoming,26-35,75.55244488683795
8496,14.728364757624274,Incoming,46-55,36.779624921837616
8497,11.620384031141626,Incoming,26-35,37.75967618998553
8498,14.988846184935682,Incoming,26-35,71.47310928956158
8499,22.943392708696848,Outgoing,26-35,43.04021010217202
8500,21.646358303880433,Outgoing,36-45,26.618875070326236
8501,12.973747315016482,Outgoing,18-25,57.54552531240009
8502,14.202896786262814,Incoming,36-45,50.17014148372942
8503,6.811706842354731,Incoming,46-55,76.71859877809231
8504,17.97106324811254,Outgoing,46-55,65.28086274277126
8505,25.976222051685628,Outgoing,46-55,103.36046811576065
8506,12.927559865940477,Incoming,46-55,30.259947874542092
8507,21.45069121284545,Incoming,18-25,56.085837394984324
8508,12.925209038630896,Incoming,26-35,69.14259101103318
8509,9.330456657529364,Incoming,36-45,68.20726927318216
8510,21.761958619561312,Incoming,46-55,61.414837947787255
8511,33.43354571311707,Incoming,26-35,11.443604798102001
8512,20.803965265013364,Outgoing,36-45,5.9400891160190525
8513,14.103006691980397,Incoming,18-25,28.12838581733455
8514,14.55443828081816,Outgoing,56-65,67.41113052515162
8515,30.364297726021547,Outgoing,18-25,7.519915389013647
8516,19.14886013885307,Outgoing,56-65,71.52115326745982
8517,11.638587855660276,Incoming,46-55,47.42707393463172
8518,16.564424556388428,Incoming,26-35,46.6013572563091
8519,18.50598324003084,Outgoing,26-35,103.57026658579554
8520,20.284495911195396,Incoming,36-45,99.70180713451103
8521,27.584271698658224,Incoming,56-65,38.160786404121524
8522,25.93128945866998,Outgoing,56-65,74.3732947441861
8523,18.38767143536012,Outgoing,36-45,55.95727986513886
8524,16.709533513018815,Outgoing,26-35,76.38668608256394
8525,19.771900199381335,Incoming,26-35,45.218720917817784
8526,12.742365553841553,Incoming,36-45,21.632971670322995
8527,23.8600654055116,Incoming,56-65,53.953298519473165
8528,15.575697409818988,Outgoing,46-55,75.28665948521557
8529,20.436309163819512,Incoming,36-45,51.542623143763315
8530,28.99277499249202,Incoming,26-35,75.62821485128724
8531,20.869645293688205,Incoming,46-55,86.84019291948754
8532,18.614922162179777,Outgoing,46-55,84.46753633403144
8533,13.378287799916052,Outgoing,56-65,66.75286140951573
8534,16.453481597391633,Incoming,36-45,22.02699673431539
8535,9.047645814702268,Outgoing,46-55,5.65187309602274
8536,20.732401027295886,Outgoing,18-25,69.72698291910281
8537,2.0594700006283055,Incoming,46-55,74.5387193980954
8538,23.77884595864485,Incoming,46-55,55.25594555565627
8539,22.12178491521385,Outgoing,46-55,61.577569951550814
8540,17.687273478592406,Incoming,36-45,52.62753849717793
8541,13.2688817405032,Incoming,56-65,56.723387409893434
8542,16.886180543548065,Incoming,56-65,64.53418450812417
8543,4.581789812817274,Incoming,18-25,77.6035851849149
8544,22.766604222851157,Incoming,18-25,57.80332772403906
8545,15.85322822517702,Incoming,46-55,55.45448133383677
8546,27.606618224755167,Incoming,46-55,51.39908375654306
8547,19.74393199587181,Outgoing,46-55,60.79043706745759
8548,18.62003639230698,Incoming,18-25,4.938000348132093
8549,19.80663696675649,Incoming,56-65,77.83652813086056
8550,10.171425895896371,Outgoing,18-25,50.21764788236657
8551,13.843042930672969,Incoming,56-65,35.41431411709454
8552,17.930642535274668,Incoming,18-25,89.42758765364303
8553,14.882050132960632,Incoming,56-65,48.14366741283595
8554,12.964412696305258,Outgoing,18-25,28.830674131292433
8555,15.023225757914556,Incoming,56-65,73.55413353016488
8556,17.30890940775008,Incoming,36-45,43.06903193632041
8557,33.231195869503324,Outgoing,36-45,45.614299081376245
8558,14.722260514930884,Outgoing,26-35,76.43199844411096
8559,12.257993648726348,Incoming,56-65,79.61739083759025
8560,15.93089705653467,Incoming,56-65,21.3491834399017
8561,27.51116428949379,Incoming,56-65,52.99502618835494
8562,28.01164204098113,Incoming,26-35,18.768065764719182
8563,30.64368652981623,Outgoing,18-25,44.243064112667426
8564,17.426828522586007,Incoming,36-45,35.240013662745994
8565,21.491145887182345,Outgoing,26-35,81.31378116625598
8566,9.649828677121901,Incoming,36-45,27.657626945110692
8567,14.525914588375363,Outgoing,46-55,68.61612360361582
8568,9.194406558687048,Incoming,26-35,47.56052890375612
8569,20.312811299842046,Outgoing,26-35,15.085180398600443
8570,17.268889340082403,Outgoing,36-45,34.38333550524439
8571,18.5833276196194,Incoming,56-65,22.542764949728408
8572,11.076524270819874,Incoming,46-55,34.52656627611364
8573,22.954811272827598,Incoming,36-45,29.783483427952508
8574,0.15079982952595472,Outgoing,26-35,46.74873429790388
8575,15.235802724825515,Incoming,56-65,78.96201215462614
8576,16.253487875516306,Incoming,46-55,33.71018345763683
8577,2.848782475792099,Outgoing,56-65,26.689548739256836
8578,19.688898788572555,Outgoing,36-45,39.88829365980641
8579,15.787151131269567,Incoming,56-65,47.44598082632681
8580,20.927818270683954,Outgoing,26-35,35.54011877706958
8581,30.998800168742356,Outgoing,26-35,22.626324087196814
8582,19.27236711975193,Outgoing,18-25,73.8195015362483
8583,23.808629131427647,Outgoing,46-55,69.41523277036474
8584,26.666671629426205,Outgoing,36-45,52.52880873672838
8585,20.4441896739473,Outgoing,56-65,92.71463298528829
8586,10.938870923821579,Incoming,26-35,116.83253987472696
8587,5.51882868130823,Incoming,18-25,88.18761154580191
8588,19.620646696528517,Incoming,36-45,2.417882326425996
8589,14.198195242481798,Incoming,26-35,62.793157133921326
8590,25.98520747311127,Incoming,36-45,35.40520533244934
8591,13.674137873148528,Incoming,26-35,46.05037051588299
8592,16.899850572291104,Incoming,36-45,14.954182789892592
8593,8.886925123264506,Incoming,26-35,61.56673495068178
8594,14.593171298507158,Outgoing,56-65,98.28406809405745
8595,10.400154999293306,Incoming,46-55,53.373298706718245
8596,11.039310675019674,Incoming,26-35,80.39560023204626
8597,16.63030026528121,Outgoing,36-45,63.59847998891305
8598,12.751574227500008,Outgoing,26-35,74.07784475904997
8599,35.40466741489888,Incoming,18-25,0.0
8600,22.85125905798245,Outgoing,56-65,65.79021609969907
8601,24.59247938945421,Incoming,18-25,76.21204359410127
8602,16.22374901932742,Outgoing,36-45,97.58866785722566
8603,17.740265250777146,Incoming,26-35,19.009141871755922
8604,13.99284938040448,Outgoing,26-35,96.02695539428466
8605,35.37066630325744,Outgoing,18-25,46.74242457916229
8606,16.237953269794378,Incoming,46-55,59.72023997872014
8607,12.773743005356026,Incoming,56-65,78.59599904802863
8608,11.72197045545947,Incoming,26-35,78.12539561778812
8609,19.34745018863002,Incoming,26-35,11.926983318424398
8610,26.947154299188455,Incoming,36-45,57.90106148337951
8611,24.608716536625032,Outgoing,18-25,28.516437419438756
8612,11.705722287037737,Outgoing,36-45,56.354449627146835
8613,11.533396564369932,Incoming,56-65,39.79538988924696
8614,25.723879562637407,Outgoing,26-35,13.490469051924585
8615,31.709669615207297,Outgoing,18-25,29.67151047658756
8616,15.984982446395714,Incoming,18-25,69.0280860861032
8617,25.446363858554648,Outgoing,18-25,63.67621592237663
8618,6.737383260594566,Incoming,56-65,27.487157201672392
8619,11.095328493190319,Outgoing,46-55,40.64062115037663
8620,9.932812301858938,Incoming,46-55,61.1923815723264
8621,19.885496566035094,Outgoing,46-55,62.27950660142794
8622,15.74716784572962,Outgoing,36-45,71.90976188213338
8623,18.666648512745983,Incoming,36-45,60.78092019561479
8624,25.53381192195208,Incoming,56-65,69.77655405018376
8625,12.42783671331739,Outgoing,18-25,53.3593912383344
8626,17.657951746290074,Incoming,46-55,67.49354551785555
8627,7.634474466477984,Outgoing,26-35,95.11963278336862
8628,25.146500010193016,Incoming,46-55,94.29233860757174
8629,24.674895995642405,Incoming,56-65,55.91794447317566
8630,19.533217032029558,Outgoing,46-55,25.742151445877276
8631,17.839552715250974,Outgoing,26-35,88.609007602418
8632,13.435964458057706,Outgoing,26-35,0.0
8633,7.231155637098999,Outgoing,26-35,68.00384172084777
8634,19.13879358882822,Outgoing,56-65,67.12615239032543
8635,22.29340567462761,Incoming,46-55,56.19526869813007
8636,31.13560127737271,Outgoing,56-65,64.90760589394293
8637,14.245153389768337,Incoming,26-35,21.99043876589392
8638,18.891271327473188,Incoming,46-55,28.728762948289138
8639,24.80082951480895,Incoming,36-45,22.99636307302309
8640,25.011730152025727,Incoming,56-65,26.06864255026592
8641,12.642703302547833,Incoming,36-45,37.418836484844455
8642,15.045884247188981,Incoming,36-45,50.5716086519248
8643,13.323945430682578,Outgoing,18-25,79.93814449336108
8644,10.687088020252991,Outgoing,26-35,103.90503366934416
8645,27.301685891162727,Incoming,36-45,34.295629561759654
8646,17.438996662880413,Outgoing,56-65,53.11987176415198
8647,16.480281760876625,Outgoing,26-35,57.465478459308514
8648,18.733957137448947,Outgoing,26-35,32.76452037452294
8649,17.37633375622837,Outgoing,56-65,43.437042817217204
8650,15.453158382632289,Outgoing,46-55,97.30853432046919
8651,11.66909864473231,Incoming,56-65,84.92880347261192
8652,27.956963206678523,Outgoing,46-55,88.0112009512954
8653,13.00809415973821,Incoming,26-35,68.829724684464
8654,10.486415534447541,Incoming,56-65,76.2079902350446
8655,16.436110443559787,Outgoing,36-45,64.08720128440798
8656,32.10260652205412,Incoming,56-65,94.95980621279413
8657,11.24898686958447,Incoming,36-45,0.0
8658,21.967306531100363,Outgoing,36-45,27.6362502790866
8659,15.275678765581802,Incoming,26-35,18.039170255267408
8660,18.713650736888802,Outgoing,46-55,37.94085643005846
8661,23.455266194731053,Incoming,46-55,56.32084881336171
8662,4.962178342649057,Outgoing,36-45,51.39718709398228
8663,10.725612238456582,Outgoing,46-55,33.66370271900287
8664,23.356089564489363,Incoming,56-65,59.23514058826706
8665,17.682157588569396,Incoming,36-45,63.6479876423766
8666,18.48312248318101,Incoming,36-45,68.21796929546332
8667,21.97968531931857,Incoming,18-25,74.04779731883298
8668,10.772789563681687,Outgoing,56-65,39.40075515371057
8669,24.385507764791246,Outgoing,46-55,80.03712614063068
8670,22.73848607248385,Incoming,46-55,53.19181375003883
8671,18.668220450808594,Outgoing,18-25,73.82430095364731
8672,20.276922130072407,Incoming,56-65,39.21085318242722
8673,25.154816443599188,Incoming,26-35,97.90932507960778
8674,12.843126588860903,Outgoing,26-35,67.6088775553571
8675,21.62949912922854,Incoming,56-65,57.81484153160491
8676,29.21050065000337,Outgoing,46-55,24.680832038846415
8677,21.48438374642061,Outgoing,26-35,82.167712214356
8678,15.44324740638924,Outgoing,26-35,27.87808463126933
8679,33.22743983260656,Outgoing,46-55,110.42975540454529
8680,18.615701516873457,Outgoing,56-65,73.3185966696254
8681,26.79014119775823,Outgoing,18-25,22.38741537815968
8682,14.049280104234876,Outgoing,56-65,60.32816287376807
8683,24.474617485339927,Incoming,18-25,104.17723623507038
8684,13.175024667212458,Outgoing,56-65,54.66129126919161
8685,19.26368966778186,Incoming,26-35,46.043911126601316
8686,12.752819236256009,Outgoing,36-45,62.77141694052262
8687,30.308091833379315,Incoming,36-45,36.13377878875596
8688,15.452080674678964,Outgoing,46-55,88.35435723222736
8689,9.24447511131058,Outgoing,56-65,33.59337053990407
8690,17.66582965331566,Outgoing,56-65,65.79838129169102
8691,20.759663543589095,Incoming,46-55,86.26732728610577
8692,16.81379315839361,Incoming,46-55,56.405629148218985
8693,11.30675840031188,Outgoing,18-25,87.27460046476406
8694,24.261217651029853,Incoming,18-25,50.28451882651099
8695,25.814260204972584,Outgoing,36-45,26.840901914346457
8696,5.464298558074763,Incoming,26-35,73.55665137542096
8697,10.860811322975565,Incoming,56-65,63.4206961361455
8698,15.884006473572278,Outgoing,36-45,31.039783702614674
8699,13.28352011988636,Outgoing,36-45,52.835198188574395
8700,20.68168208203558,Incoming,26-35,30.633064351685896
8701,29.87634044984821,Incoming,36-45,54.84502029826465
8702,14.333605433456746,Incoming,36-45,112.05864758262132
8703,28.037055407727976,Outgoing,26-35,78.97381495889982
8704,6.721670005848813,Incoming,36-45,70.67456618615383
8705,20.19070368762772,Outgoing,56-65,59.21852249863821
8706,12.837019592719233,Incoming,46-55,81.22800644782203
8707,20.34172951457985,Incoming,26-35,56.93846369369696
8708,4.702331081800814,Outgoing,46-55,10.18530002619989
8709,8.002266644178562,Outgoing,56-65,21.521917874324984
8710,20.327187601570877,Outgoing,36-45,41.28120728236149
8711,12.58999366035802,Incoming,36-45,44.46989402293531
8712,14.73817675837681,Incoming,36-45,55.64121744390403
8713,29.853996223791498,Incoming,46-55,84.67233960941536
8714,17.963000284181987,Outgoing,18-25,64.73980286367667
8715,23.310615599971435,Outgoing,46-55,59.45131974398689
8716,11.685094952768555,Outgoing,18-25,27.43418132760542
8717,7.611574149683722,Incoming,46-55,51.150961650760166
8718,16.434852752706863,Incoming,56-65,39.49180623760229
8719,6.5667141766574275,Incoming,46-55,29.43434495639587
8720,12.10987277730828,Outgoing,46-55,0.0
8721,18.664279529486453,Incoming,26-35,25.411847789343746
8722,16.221173720567744,Outgoing,36-45,98.62468931988116
8723,19.341635698465854,Incoming,36-45,84.13599444332661
8724,21.20222877201457,Outgoing,36-45,33.66294527711106
8725,8.62992698935726,Incoming,18-25,42.91805848196333
8726,10.406460099986965,Incoming,56-65,117.85773400507452
8727,1.7499106324646778,Outgoing,18-25,114.50140284455361
8728,14.40633684649984,Outgoing,26-35,60.38819240375812
8729,22.157291703320617,Outgoing,26-35,73.70275309543732
8730,27.438938045245408,Outgoing,46-55,62.46005743451703
8731,18.333373083582195,Incoming,26-35,47.14894967533043
8732,26.612602044798834,Outgoing,26-35,61.911014338867744
8733,19.68678916643189,Incoming,56-65,70.75818953780967
8734,17.752145943507127,Incoming,26-35,81.31659749538812
8735,12.720963863903732,Incoming,46-55,63.210843934496005
8736,0.3038796988889274,Outgoing,36-45,62.844351210688515
8737,25.562326410537167,Outgoing,18-25,23.376449574442134
8738,16.627425174708804,Outgoing,18-25,34.3655866801393
8739,26.71807567360361,Outgoing,18-25,9.715126427739904
8740,10.352568168010276,Outgoing,46-55,66.83523488004103
8741,34.00174147050643,Outgoing,56-65,40.72446407931503
8742,15.25848921733604,Outgoing,46-55,50.019444216778425
8743,12.154677043800136,Outgoing,18-25,57.15157106204926
8744,15.4983456753471,Incoming,46-55,62.53909629302781
8745,18.193194957375784,Incoming,46-55,7.397385605127198
8746,16.51068595746782,Outgoing,46-55,64.64949807322911
8747,13.392687136115871,Incoming,36-45,45.13372274083469
8748,4.37590210707169,Outgoing,46-55,77.01616478482913
8749,11.369706946133121,Outgoing,56-65,47.00071144462318
8750,24.521049686331096,Outgoing,36-45,39.72119834276437
8751,10.841941096689897,Incoming,46-55,83.50592651053995
8752,4.981359540317589,Outgoing,26-35,30.875629674210803
8753,9.61150176562187,Incoming,18-25,42.170373356707316
8754,16.379475985126046,Incoming,36-45,31.84979714388579
8755,11.685451829377776,Outgoing,26-35,43.30328428774522
8756,15.041140449035623,Incoming,18-25,97.05740725251576
8757,11.410827567479373,Incoming,56-65,24.713662503722386
8758,24.06820727476834,Outgoing,26-35,48.646876197469716
8759,20.435946575590084,Outgoing,56-65,74.68200118248141
8760,32.52571696569985,Outgoing,56-65,49.410866804496735
8761,14.32795092377794,Outgoing,26-35,64.7878939211574
8762,15.005845773325143,Outgoing,26-35,41.65510121402896
8763,25.28451416479365,Incoming,36-45,52.32987037172857
8764,19.737058696373772,Incoming,56-65,48.57956481508398
8765,10.409453238582971,Incoming,26-35,50.34700842543589
8766,20.89494923176535,Incoming,56-65,84.34217700050328
8767,19.775702281191137,Incoming,46-55,39.84190150311896
8768,4.443428783119817,Outgoing,46-55,62.74976004103132
8769,12.44082510060986,Incoming,46-55,78.99906928031103
8770,18.332241330417325,Outgoing,56-65,68.79862757866962
8771,27.123957950708327,Incoming,56-65,48.241530458774335
8772,21.885989110055338,Incoming,26-35,88.74752980791675
8773,13.051687701076036,Incoming,26-35,59.03692307400527
8774,12.042586668436305,Outgoing,36-45,76.76041950313628
8775,22.584132707368102,Incoming,36-45,41.79505889108413
8776,0.01571522683865112,Outgoing,36-45,69.64880143165895
8777,11.346930735268469,Incoming,18-25,71.81610209807272
8778,26.86515601662591,Incoming,46-55,35.84375275695748
8779,19.077722354631323,Outgoing,56-65,88.94018215711237
8780,11.689371934404495,Outgoing,46-55,83.22770142781421
8781,8.585416021497684,Incoming,56-65,41.523017644719175
8782,22.878142675924032,Incoming,18-25,19.631093717063983
8783,17.544679426151053,Incoming,56-65,50.568400820989105
8784,15.469026781923718,Incoming,36-45,52.52065604453596
8785,19.617863901255344,Outgoing,46-55,39.957063694032726
8786,18.152186347528282,Incoming,46-55,43.25737995564201
8787,17.61534065165151,Outgoing,46-55,75.76025614589484
8788,7.73069086753981,Outgoing,18-25,95.01405201830408
8789,9.815023926709234,Incoming,46-55,74.54663317353294
8790,22.23796305266091,Outgoing,26-35,86.29192605549684
8791,20.91406003574766,Incoming,36-45,55.12567770329249
8792,19.674839480450547,Incoming,36-45,16.576209184548418
8793,12.894411360087897,Outgoing,56-65,41.21535804012544
8794,22.356329501352533,Outgoing,18-25,36.91460836872189
8795,14.404786318889759,Incoming,56-65,79.61821755890502
8796,26.11073422757591,Incoming,56-65,2.480338691866997
8797,11.77223907416691,Outgoing,36-45,58.816187544931346
8798,13.322986545525733,Outgoing,26-35,51.16432831513757
8799,15.939858408314588,Outgoing,18-25,64.03683008529485
8800,22.931103364019627,Incoming,18-25,31.141090416476473
8801,16.754453504959947,Incoming,18-25,84.12529061852334
8802,17.263776440780287,Outgoing,26-35,59.43468162591538
8803,14.258861480670365,Incoming,18-25,26.86515284431963
8804,18.876643906487715,Incoming,46-55,30.47810562415912
8805,16.504886541341616,Outgoing,26-35,44.255890243089475
8806,11.509883312596967,Outgoing,56-65,68.35957824193915
8807,17.891040377838657,Outgoing,46-55,36.0001026325446
8808,18.055661380375152,Incoming,56-65,70.13582184346377
8809,33.44860454155747,Incoming,18-25,53.897261992088396
8810,12.722817446857817,Outgoing,26-35,92.16811230721521
8811,11.124369802017892,Incoming,46-55,40.33167893312442
8812,18.95323982415543,Incoming,26-35,53.60517803659584
8813,10.05014507980208,Outgoing,26-35,76.93912565832386
8814,9.488648964883236,Outgoing,26-35,33.95573699668774
8815,6.941709170869299,Incoming,56-65,31.957815562396988
8816,11.577985043652953,Incoming,26-35,26.015586770737432
8817,11.750785778406849,Incoming,18-25,69.67474668337047
8818,8.017164784281972,Outgoing,46-55,18.866615624900433
8819,15.248013845580566,Incoming,36-45,62.15816339469738
8820,0.4381319658759608,Incoming,26-35,37.54437299983351
8821,20.44236046918186,Incoming,46-55,37.677012830375524
8822,13.102442150378334,Outgoing,56-65,7.753309929498002
8823,14.131514257554272,Incoming,56-65,52.454964035559044
8824,21.10812507252211,Incoming,26-35,36.325965506705316
8825,19.60220736568798,Incoming,26-35,49.5793504876279
8826,12.59065770107348,Outgoing,18-25,49.87553676794595
8827,20.162535289607103,Outgoing,36-45,98.22779982682633
8828,27.84226225790458,Incoming,26-35,32.10129174131429
8829,9.91471493211409,Incoming,26-35,67.6010351203262
8830,22.276422979495003,Outgoing,18-25,46.381267523961256
8831,9.208259836138893,Incoming,56-65,69.58252010063481
8832,25.227982436427666,Incoming,36-45,50.37872685504217
8833,12.016510600200641,Outgoing,56-65,99.42305988890703
8834,11.74914459681916,Outgoing,26-35,53.51006374071117
8835,25.044470988357787,Incoming,36-45,57.530758528175575
8836,22.051024620290352,Outgoing,26-35,84.72009119792754
8837,12.246352028106976,Incoming,18-25,46.01466127882501
8838,17.891581171412923,Outgoing,18-25,80.79758205914952
8839,12.030336696594052,Outgoing,56-65,84.84351017185267
8840,5.850835690681487,Incoming,46-55,41.13733626530684
8841,18.32499582689241,Outgoing,56-65,75.12996286985137
8842,14.505044825352316,Outgoing,36-45,31.003192762350665
8843,10.379165106216146,Incoming,18-25,60.25596919998378
8844,26.133005557286545,Incoming,56-65,38.61056676356441
8845,10.61585874815716,Incoming,18-25,53.31132656304947
8846,18.007850374163763,Incoming,46-55,72.14152751738604
8847,24.55938099335292,Outgoing,56-65,83.1489018298624
8848,15.207612560241502,Incoming,18-25,0.0
8849,11.860771844534863,Incoming,26-35,33.20025774727456
8850,19.084238131288565,Outgoing,46-55,88.90732986993966
8851,20.189898065076626,Incoming,26-35,55.003305999935236
8852,23.13592487683917,Outgoing,36-45,54.2072902463594
8853,30.09846616045457,Outgoing,46-55,79.81924202125863
8854,13.798962895297912,Outgoing,18-25,0.0
8855,18.370978038624788,Outgoing,26-35,30.102871935027014
8856,8.115317785806926,Incoming,36-45,79.7480887003657
8857,21.664638996831314,Outgoing,26-35,12.980770784630089
8858,18.28601649887036,Incoming,46-55,55.89617796135608
8859,15.749174208456013,Incoming,26-35,3.461560976898852
8860,12.673576411891396,Outgoing,26-35,41.522585525161645
8861,14.561010402564799,Outgoing,56-65,83.18864390634906
8862,18.654331068688954,Incoming,18-25,8.484132250381364
8863,10.23680728547237,Outgoing,26-35,47.01069091567623
8864,14.85016295277292,Outgoing,56-65,77.18046171190329
8865,17.11674630425687,Incoming,18-25,33.420742770380926
8866,6.22265911651364,Outgoing,46-55,63.20694378008226
8867,9.640918583787155,Incoming,46-55,100.38222548132849
8868,12.379968247864078,Outgoing,56-65,73.17126802372724
8869,27.977622129161194,Outgoing,56-65,60.28593596148342
8870,11.184924000924276,Incoming,46-55,95.12289419139552
8871,16.609458659691402,Outgoing,36-45,58.65751751487009
8872,9.716053771976595,Incoming,18-25,51.65882985366184
8873,11.565177654967107,Outgoing,18-25,28.61849033231022
8874,6.912941399166137,Incoming,56-65,76.24056900399094
8875,21.692116482715743,Outgoing,18-25,106.07371224380687
8876,7.721176197954703,Incoming,36-45,1.6003768922498836
8877,23.34907709201267,Incoming,18-25,33.97185673964762
8878,20.27528037238484,Outgoing,56-65,52.889342214310496
8879,16.472187070533845,Incoming,26-35,33.13991622135378
8880,23.580181267752216,Incoming,26-35,74.96544468189384
8881,38.72240893279868,Outgoing,56-65,70.45819331922917
8882,20.342679487884748,Outgoing,26-35,65.09406472903115
8883,9.159575646017796,Incoming,18-25,100.91870093957124
8884,27.423123617988104,Incoming,56-65,63.09316616446653
8885,18.30278019567944,Incoming,56-65,41.562231675375585
8886,31.777863807985028,Outgoing,56-65,26.26424526867507
8887,13.457648446396247,Outgoing,26-35,66.93636124968847
8888,25.97360815883389,Incoming,46-55,26.94428678647182
8889,16.998902605469116,Outgoing,26-35,73.54384647960349
8890,35.597098446249106,Incoming,56-65,43.03369628564754
8891,15.028794711533342,Outgoing,18-25,3.9338599535108045
8892,38.011680464532205,Outgoing,46-55,80.38377832371948
8893,20.078782369941383,Incoming,56-65,69.23961270145938
8894,22.928753306806144,Outgoing,26-35,74.95687149791821
8895,28.902327107552452,Outgoing,36-45,16.159113722473464
8896,11.48571996902864,Outgoing,56-65,88.31055178795887
8897,23.78367792218728,Incoming,18-25,101.43456677006023
8898,14.950726613904388,Outgoing,36-45,30.571519044370035
8899,18.057832155246516,Incoming,36-45,64.79751320468333
8900,17.581428801874118,Outgoing,26-35,45.222988150365595
8901,21.006875155022666,Incoming,26-35,44.718120616599755
8902,20.71129029076399,Outgoing,46-55,61.814044399369216
8903,12.973635559891726,Outgoing,56-65,40.29164355288711
8904,17.873979196964317,Outgoing,46-55,50.699014318962966
8905,0.659649264481331,Incoming,46-55,104.54022218803618
8906,23.931215653491137,Outgoing,36-45,22.83012909634042
8907,28.857591925767828,Incoming,26-35,63.45320361497213
8908,18.33439634077435,Incoming,36-45,112.43050219376195
8909,5.757844505690711,Incoming,56-65,56.27616631986162
8910,22.200633453589948,Outgoing,46-55,72.95635387636847
8911,11.653613383798454,Outgoing,46-55,36.04460991922468
8912,18.27621441309562,Outgoing,56-65,33.151150491340246
8913,21.798563891774656,Outgoing,46-55,21.486845292937616
8914,20.82515265663059,Incoming,26-35,57.307516293821664
8915,24.5659867490203,Incoming,26-35,100.79844637150222
8916,18.02466447810678,Outgoing,46-55,70.92727367272981
8917,18.213531269699235,Incoming,56-65,59.26976770911749
8918,22.15753262110562,Incoming,36-45,44.6524085205233
8919,16.500252013089536,Incoming,46-55,42.69265862303573
8920,12.18468306738638,Outgoing,18-25,34.115863412089865
8921,20.164128973760214,Incoming,26-35,37.12374983676999
8922,9.097959156016818,Outgoing,18-25,67.68994399544655
8923,16.43376896968264,Outgoing,18-25,115.78645555459394
8924,7.355562453218706,Outgoing,18-25,76.59678814389848
8925,13.11631157036946,Incoming,46-55,42.15146376175277
8926,13.40661386283304,Incoming,46-55,35.85188832460873
8927,10.1104874667694,Outgoing,18-25,34.13993674502207
8928,24.703723212116337,Incoming,46-55,112.23604952552569
8929,24.125941198592788,Outgoing,18-25,77.8216534385628
8930,26.1980891994549,Outgoing,18-25,65.29282438909371
8931,15.68509044010372,Outgoing,36-45,83.65042302074079
8932,13.964744080351286,Outgoing,36-45,72.64972789343747
8933,22.625093636783625,Incoming,36-45,0.7221797613158927
8934,17.898890265769293,Outgoing,56-65,29.064545147091444
8935,17.864622236560812,Outgoing,26-35,83.91864059464045
8936,0.0,Incoming,46-55,109.3886413485817
8937,22.295602222060353,Incoming,36-45,88.52010270136199
8938,21.367824877237958,Incoming,26-35,53.96619346850475
8939,16.962085038232413,Outgoing,26-35,68.10957500239358
8940,22.71093442124842,Outgoing,46-55,31.379361418601142
8941,21.211913926293942,Outgoing,56-65,65.96926004420467
8942,12.123204406074851,Incoming,18-25,61.59682307057512
8943,15.461496243434983,Outgoing,36-45,55.301087139080046
8944,9.94550363496478,Incoming,56-65,72.03792003919207
8945,27.235672906026107,Incoming,46-55,59.176054005040484
8946,23.84026335006766,Outgoing,56-65,0.0
8947,11.302578628059022,Outgoing,26-35,39.9982979608124
8948,21.332128615464235,Incoming,56-65,38.17230893097516
8949,18.95014634385911,Incoming,36-45,51.3294671024415
8950,12.198329521505128,Incoming,56-65,62.841098792470575
8951,17.87028906039929,Outgoing,56-65,65.62022540778109
8952,23.008692882041622,Incoming,26-35,49.74746549632676
8953,23.579436692244897,Incoming,56-65,52.14892092508709
8954,33.32388587248424,Outgoing,26-35,0.0
8955,17.66002407220236,Incoming,36-45,81.68430172786961
8956,15.335477461220833,Outgoing,36-45,59.3768788427795
8957,20.93498184714486,Incoming,18-25,50.76298687154896
8958,15.71926222652625,Incoming,18-25,47.5156509593154
8959,12.905668918019849,Outgoing,26-35,17.908298285389016
8960,10.519517348934835,Outgoing,18-25,104.35640540185747
8961,0.0,Incoming,18-25,38.80743266713124
8962,22.14387601145254,Outgoing,46-55,15.266779997118206
8963,5.534183875498149,Outgoing,18-25,50.564351999919275
8964,10.84102589693954,Incoming,56-65,55.85055649322829
8965,19.047105138365175,Incoming,36-45,83.1695435601627
8966,14.749452437958535,Incoming,18-25,51.393756601803254
8967,32.04508074424782,Outgoing,26-35,48.59083632465323
8968,6.435320188436304,Outgoing,46-55,35.85250462575183
8969,32.671047671300144,Incoming,46-55,17.577211992545088
8970,26.66409226335405,Outgoing,36-45,21.854451813258784
8971,23.363674695688125,Incoming,36-45,68.82229550205359
8972,27.075185235342794,Outgoing,26-35,66.41382945691991
8973,19.832283991012282,Incoming,26-35,79.13743173541631
8974,5.077229019495951,Outgoing,26-35,50.72707310332497
8975,20.60396176781148,Outgoing,46-55,92.79033647248268
8976,6.6352722570009455,Incoming,46-55,31.91294430724566
8977,13.301464046889459,Outgoing,26-35,44.06725038381175
8978,16.453425315989833,Outgoing,18-25,52.37004772169093
8979,10.622562374669853,Incoming,18-25,52.13484437614701
8980,23.62231129255131,Incoming,26-35,34.404033878079886
8981,15.503696961005796,Incoming,26-35,30.164529552142273
8982,19.865157617031265,Outgoing,46-55,0.0
8983,16.93410786347745,Outgoing,18-25,94.19691235623282
8984,17.8832541177143,Outgoing,36-45,55.408838132292374
8985,10.79192900901204,Incoming,36-45,45.965862750787274
8986,8.781709883587837,Incoming,56-65,35.162981346783866
8987,15.923619307487794,Incoming,36-45,57.29587365103224
8988,10.237200061362504,Outgoing,18-25,51.01929872617754
8989,26.75488993470301,Incoming,46-55,98.26742567118913
8990,7.364954413456832,Outgoing,18-25,42.85091212576934
8991,33.35901617730815,Outgoing,18-25,47.14531646731558
8992,19.114175892690987,Outgoing,36-45,74.10033721913916
8993,17.485288334303828,Incoming,26-35,71.57595282512567
8994,13.218136255460518,Outgoing,56-65,24.875820060826765
8995,21.598447226468526,Outgoing,36-45,68.297818434196
8996,15.570074924952834,Incoming,36-45,85.27273201244833
8997,19.10331936127565,Incoming,36-45,91.1077431030817
8998,22.89276216927852,Incoming,56-65,24.222284109485987
8999,21.68516628435553,Incoming,46-55,54.18044079296279
9000,25.67902840663391,Outgoing,36-45,27.77533850078489
9001,20.76488751562547,Outgoing,46-55,76.4813089585824
9002,10.341126182511701,Incoming,46-55,58.85835643170276
9003,2.441474646875559,Outgoing,18-25,85.04632720650574
9004,18.47723610503665,Incoming,26-35,68.3693227815246
9005,18.578242081189934,Outgoing,56-65,32.270550183036846
9006,30.48150870577396,Incoming,26-35,57.0489535096433
9007,16.189115681483365,Incoming,46-55,36.28562164713107
9008,19.62144612179972,Outgoing,46-55,28.159952059622142
9009,22.440234840359707,Outgoing,56-65,42.18740677598174
9010,20.593856846912566,Outgoing,26-35,59.80151783497552
9011,22.907606542721062,Outgoing,18-25,30.81424747608394
9012,11.27253484311899,Incoming,26-35,58.06879483563864
9013,10.16543566362786,Outgoing,36-45,21.277207026380417
9014,15.03607418610331,Outgoing,26-35,7.489560639670643
9015,1.7815352721484974,Incoming,46-55,99.62060269360894
9016,16.72294286812424,Outgoing,56-65,44.80874280910834
9017,12.382918353142518,Incoming,36-45,49.94298411961469
9018,19.255493335394142,Outgoing,46-55,45.861591413491965
9019,15.144518476977332,Outgoing,26-35,67.74462510986535
9020,9.89197031155755,Incoming,56-65,59.054972326819794
9021,26.17599804106345,Incoming,36-45,77.28069583770409
9022,17.57763372945588,Incoming,26-35,62.02057945854028
9023,23.04001188997694,Incoming,36-45,54.44205495645679
9024,18.284601225278646,Outgoing,18-25,80.26911043661926
9025,20.24796591844936,Outgoing,18-25,45.6850509719299
9026,7.473029927439889,Outgoing,56-65,53.65184281270138
9027,25.94672452769405,Outgoing,18-25,48.7011124415731
9028,23.15077155263407,Incoming,46-55,89.21572395255615
9029,16.868117895292695,Incoming,26-35,63.361200840616405
9030,19.016014657112837,Incoming,36-45,56.649459059175385
9031,24.018241021583787,Incoming,36-45,0.5713070289224049
9032,14.39599857122677,Outgoing,18-25,63.94052437246007
9033,5.91843709734837,Outgoing,36-45,72.54766998933074
9034,14.52715217931676,Incoming,36-45,77.90824924383264
9035,18.06672644508318,Outgoing,26-35,49.95150962462093
9036,16.772921455486433,Incoming,56-65,71.27809752669567
9037,26.22296310130138,Outgoing,36-45,66.40261044782547
9038,10.280683277564886,Incoming,18-25,4.2686543498683776
9039,11.166965586732536,Outgoing,18-25,83.0493429800685
9040,9.593674488256887,Outgoing,56-65,50.91815240998046
9041,20.001187665402387,Outgoing,36-45,60.91390542601851
9042,6.317763728483161,Incoming,36-45,39.41688204975908
9043,22.20629478623318,Incoming,36-45,72.4724655737756
9044,10.469808350833754,Incoming,56-65,64.06414910671411
9045,11.588283481718381,Outgoing,18-25,13.282020299799036
9046,29.39157681993863,Outgoing,36-45,37.861482500251796
9047,25.62805810086975,Outgoing,36-45,90.43598469745203
9048,17.834493224298313,Outgoing,46-55,74.93912365903505
9049,7.82273294620115,Outgoing,26-35,46.750298655684894
9050,31.100957196556006,Outgoing,56-65,47.05958493621552
9051,15.625749132948924,Outgoing,26-35,32.83396899544584
9052,18.733066835277562,Incoming,56-65,34.21324806738879
9053,23.383536383780203,Incoming,26-35,60.02429116313355
9054,3.2597335542204764,Incoming,46-55,96.01800223519228
9055,12.519738677178742,Incoming,26-35,47.12925290623473
9056,16.523476819763985,Outgoing,36-45,55.77509045761639
9057,17.915037981980138,Outgoing,26-35,36.768115490860616
9058,7.874752105512345,Incoming,26-35,52.628584069565825
9059,19.284363629199916,Outgoing,18-25,63.55616551204622
9060,17.236182827569845,Outgoing,56-65,102.43346833326976
9061,28.671223543181497,Outgoing,26-35,84.34462751615649
9062,24.00203552303995,Incoming,36-45,84.33825294181068
9063,15.115209489072631,Incoming,36-45,43.66618530209717
9064,15.627513591340644,Outgoing,56-65,32.14134379519171
9065,24.101477392260218,Incoming,46-55,55.01156894092617
9066,18.98537002055312,Outgoing,56-65,39.80119480095207
9067,7.4020661251963915,Outgoing,36-45,43.95200377463728
9068,31.65653584703195,Incoming,46-55,61.898006300696146
9069,10.070919149592893,Incoming,46-55,71.03056598969489
9070,34.352786803795894,Outgoing,18-25,85.11384611944686
9071,19.995684454557505,Outgoing,26-35,67.85338383169443
9072,12.55191097229177,Outgoing,18-25,58.71622211921913
9073,0.43077121116856887,Outgoing,26-35,34.64474526788031
9074,22.43735128473856,Incoming,18-25,85.27092898158786
9075,6.147825900665591,Incoming,46-55,74.50657012541924
9076,19.50106190857753,Incoming,26-35,44.36249061463661
9077,30.535428917656702,Incoming,36-45,76.2388815044727
9078,9.036247943389196,Outgoing,46-55,57.795802024636096
9079,22.16638788451104,Outgoing,56-65,83.35277012016115
9080,11.318802695994785,Incoming,46-55,49.052221319972666
9081,24.932046757382317,Outgoing,36-45,49.95660553140691
9082,17.460758759683635,Incoming,18-25,15.328095962422474
9083,16.866556215025113,Outgoing,26-35,43.5080335349468
9084,25.451018180326546,Incoming,18-25,96.6209999343396
9085,21.37704708805159,Incoming,18-25,121.73020706924942
9086,11.36717673032853,Outgoing,26-35,66.15798401403181
9087,29.509793952280102,Incoming,18-25,42.676647962284584
9088,6.249214611863335,Incoming,36-45,48.15057674067212
9089,18.92987966953337,Incoming,56-65,53.814880570601495
9090,11.239947163774916,Outgoing,26-35,46.741987171821116
9091,6.589427047094944,Outgoing,18-25,74.76624583049255
9092,9.06073293140195,Incoming,26-35,20.63187229347067
9093,16.655323361115585,Incoming,18-25,55.79432830913262
9094,19.448087349039977,Incoming,36-45,100.80432854448752
9095,24.412522818395928,Outgoing,46-55,81.12449663090644
9096,27.332255565755723,Incoming,56-65,106.16053866794252
9097,18.943810029728255,Outgoing,56-65,51.744514114602026
9098,13.897647047904343,Incoming,26-35,39.007977441895015
9099,24.27312114903213,Outgoing,56-65,62.95801075854392
9100,12.697509610304216,Incoming,18-25,35.92881712159712
9101,5.830698296780556,Incoming,36-45,42.15016600651735
9102,23.5730805870987,Incoming,36-45,49.773977762873464
9103,26.267382962694448,Incoming,26-35,85.6879574288507
9104,11.247318463483865,Outgoing,18-25,78.52203501428599
9105,30.725762144492997,Incoming,56-65,67.86723589948357
9106,21.081366231851103,Incoming,18-25,57.6233573755182
9107,20.03773384575425,Outgoing,56-65,99.16543473835563
9108,13.383197308393443,Outgoing,18-25,66.03625490234336
9109,24.121021377704935,Incoming,56-65,32.09920918377729
9110,6.329353110000499,Outgoing,56-65,59.370550494823206
9111,14.621466880963066,Incoming,36-45,31.508447101665556
9112,11.867857348264435,Outgoing,46-55,42.05107087334307
9113,7.837470748968288,Incoming,46-55,89.59729991616067
9114,23.040912187209592,Outgoing,26-35,62.759110279034225
9115,19.387969336136294,Outgoing,46-55,57.892758278677974
9116,22.632840536359105,Incoming,26-35,61.71345128607493
9117,15.051899937535362,Outgoing,36-45,53.183659690345806
9118,23.895556863811574,Outgoing,26-35,2.2729750295701763
9119,17.539992294206375,Incoming,46-55,73.57757446442895
9120,13.694975662192864,Outgoing,56-65,71.85282009092538
9121,12.527778641049395,Incoming,26-35,59.59536133430198
9122,3.1196736336259097,Incoming,46-55,37.80622080796924
9123,25.15059912391856,Outgoing,46-55,99.5706166936063
9124,24.356336182543302,Outgoing,56-65,43.11752036526654
9125,37.491582287527265,Incoming,18-25,35.19714561896762
9126,14.657662067400198,Incoming,46-55,57.5883953493712
9127,12.332444784074108,Outgoing,36-45,72.75256356172953
9128,5.089953441863683,Incoming,56-65,67.48806407528292
9129,23.719764406593505,Outgoing,18-25,69.36357674006925
9130,22.10878504181963,Outgoing,56-65,84.75649094079944
9131,27.86245943508905,Outgoing,26-35,62.39118958611218
9132,10.583505864046657,Outgoing,46-55,88.68415806705634
9133,22.014558951256227,Incoming,46-55,67.59313230169356
9134,13.345715965582759,Outgoing,56-65,53.05662907316527
9135,26.40601335763261,Incoming,26-35,44.04680089191528
9136,20.75350585044598,Incoming,56-65,89.81294576699108
9137,6.110141782947691,Outgoing,36-45,71.51164955554093
9138,16.081620722254392,Outgoing,46-55,46.932436352776506
9139,3.3632005833651064,Outgoing,46-55,44.22519067270519
9140,8.857028014122127,Outgoing,36-45,29.522719317840526
9141,9.28041760154432,Incoming,18-25,97.52882205697057
9142,12.51340985515007,Outgoing,46-55,67.10685660130339
9143,15.16119951196749,Incoming,56-65,91.84522478363093
9144,18.152081665532542,Incoming,18-25,107.73721360251199
9145,17.801819905560276,Outgoing,18-25,101.9399105323442
9146,16.832981194198762,Outgoing,56-65,44.9824929230292
9147,19.326697996336655,Incoming,36-45,127.70963983690028
9148,8.25143751061385,Incoming,18-25,74.35554049674414
9149,17.512251001533723,Incoming,46-55,26.145056483492304
9150,27.041213185628422,Incoming,26-35,61.490782157222775
9151,15.839380211952575,Incoming,18-25,57.93649284708323
9152,20.462709358965263,Outgoing,36-45,65.97778637479003
9153,19.811372981853417,Incoming,56-65,62.731012293405435
9154,23.035879014218082,Incoming,46-55,70.85494940769118
9155,19.009972298161664,Incoming,26-35,37.69979390525997
9156,22.91755660089532,Outgoing,18-25,63.22772618558812
9157,20.551039654242103,Incoming,36-45,44.64930752646338
9158,21.60099506085858,Outgoing,26-35,60.20424243996125
9159,20.094893495948604,Incoming,26-35,51.054111910149985
9160,9.952474565194487,Outgoing,46-55,44.96484224325821
9161,8.804649573151769,Outgoing,46-55,74.12107509961226
9162,14.527407790470162,Outgoing,18-25,67.90969726719706
9163,27.861483697234444,Incoming,18-25,65.87673584165387
9164,15.798428692508772,Incoming,26-35,44.218102841645816
9165,19.166916393310643,Outgoing,36-45,69.74013756662094
9166,3.2288557423418354,Outgoing,26-35,54.37324213860665
9167,18.356193304676744,Incoming,36-45,44.88727807348829
9168,17.601356128916414,Outgoing,46-55,80.28501190723675
9169,0.0,Outgoing,36-45,75.65360044696848
9170,19.036222593795515,Outgoing,36-45,0.0
9171,5.443136103413371,Outgoing,46-55,1.6208289843388144
9172,11.922555845615467,Outgoing,56-65,94.30436105835929
9173,23.961304092924607,Outgoing,26-35,23.816543330439007
9174,18.102160687864124,Outgoing,18-25,22.204502834738406
9175,13.860849363211656,Incoming,36-45,51.4365965600775
9176,13.26147360456957,Outgoing,18-25,61.613025164022666
9177,14.074054364567813,Outgoing,18-25,42.89880100056585
9178,18.126222681435593,Outgoing,26-35,0.0
9179,8.59549999822897,Incoming,56-65,58.89041001698499
9180,24.870922277026647,Incoming,56-65,100.05083120596444
9181,8.96705424785717,Outgoing,56-65,20.606060287756726
9182,4.910597270122668,Outgoing,56-65,96.21485403208953
9183,23.938071923629494,Incoming,46-55,48.03274684220357
9184,13.941550731583723,Outgoing,18-25,99.60432717308203
9185,17.493217134613715,Incoming,18-25,70.59355196613737
9186,21.582417119066513,Outgoing,46-55,41.35697319583712
9187,11.963941364738131,Outgoing,26-35,70.75001478357458
9188,17.96002026647388,Incoming,36-45,87.79371587765081
9189,21.537504871119758,Incoming,56-65,18.47250462411818
9190,28.50264420112483,Incoming,56-65,57.75014073304177
9191,13.422587752508452,Outgoing,46-55,80.87913637136475
9192,13.759369597488163,Outgoing,56-65,46.42530295710611
9193,20.943286335277296,Outgoing,46-55,22.104827291521623
9194,18.46015074841187,Outgoing,36-45,106.21667926107827
9195,16.040749683536188,Outgoing,18-25,9.846575741578867
9196,28.148829877560104,Outgoing,56-65,47.1392934937733
9197,5.222939114818956,Outgoing,26-35,53.19746663610806
9198,7.047781846794969,Incoming,46-55,107.35005021060107
9199,5.3038264217123,Outgoing,36-45,0.0
9200,25.41175972699982,Incoming,26-35,54.61755745611602
9201,20.60306324854316,Outgoing,18-25,39.05867592599698
9202,7.404784412932319,Incoming,26-35,38.90394685260633
9203,16.138766260555414,Incoming,46-55,94.10785877243958
9204,16.806270846627218,Outgoing,56-65,30.690417658692525
9205,1.5354626655749364,Outgoing,18-25,23.575986796135354
9206,18.31793989562,Outgoing,46-55,25.5866080382103
9207,8.757177565066845,Outgoing,36-45,59.107965647052865
9208,21.946679828237023,Outgoing,26-35,54.37233810262341
9209,8.971411279541403,Incoming,26-35,48.30582241086613
9210,18.534118743647205,Outgoing,18-25,41.67458335806762
9211,26.06199162952896,Outgoing,18-25,90.52324383837292
9212,23.82192056709259,Incoming,36-45,5.765368160137456
9213,20.55015418602005,Outgoing,36-45,85.25647796164255
9214,16.430650964907773,Incoming,18-25,20.021691035985413
9215,6.499270340392076,Incoming,46-55,81.84882637559507
9216,13.926329117903672,Outgoing,46-55,75.2565048339674
9217,15.41795681508965,Incoming,18-25,70.77296221789379
9218,14.915243595617214,Outgoing,26-35,52.73349632984312
9219,6.265344303762545,Incoming,56-65,44.2748300000125
9220,20.04104321376709,Incoming,36-45,59.7377056611574
9221,8.733590293722996,Incoming,46-55,83.14655545921468
9222,27.822762605239575,Outgoing,56-65,47.043912218436745
9223,18.036148297230863,Outgoing,26-35,42.189655051588915
9224,23.85483839610117,Outgoing,36-45,53.92766640563054
9225,23.710151982417393,Incoming,46-55,48.50742720092079
9226,31.54552149123382,Incoming,46-55,50.92404566662952
9227,18.27316703667337,Incoming,26-35,96.39198888133107
9228,14.269571251330408,Outgoing,26-35,35.68966881640117
9229,14.404503659885584,Incoming,46-55,86.53245810573091
9230,27.472718489378614,Outgoing,46-55,78.09520101316423
9231,7.758352088541562,Incoming,56-65,18.965868158307345
9232,10.853127952647727,Incoming,26-35,37.16350492743513
9233,18.658942325120243,Incoming,26-35,53.740016190167054
9234,15.93041782184253,Incoming,56-65,53.50519984950919
9235,23.77351120393505,Incoming,26-35,41.6726270847399
9236,7.629147337644049,Outgoing,18-25,80.33120534350564
9237,16.53137794656761,Incoming,36-45,60.065580114529226
9238,15.690917802369386,Incoming,18-25,56.80605433489277
9239,9.49429220533926,Incoming,26-35,87.40217112163967
9240,23.150620844430392,Incoming,56-65,36.8349171569571
9241,16.357509972603403,Incoming,46-55,40.57616808261793
9242,16.061477724069047,Outgoing,26-35,45.266160196379154
9243,11.22707579912095,Outgoing,46-55,20.09453577379236
9244,14.410940920502288,Outgoing,36-45,54.44975036055442
9245,9.848606877556039,Incoming,18-25,70.6220785884548
9246,23.046364697550988,Outgoing,36-45,23.34660392258315
9247,24.229711977287142,Incoming,46-55,28.77606801104572
9248,28.760430673615758,Incoming,36-45,56.02566407271516
9249,20.03837363845016,Incoming,46-55,63.56713567434562
9250,14.625469846808167,Outgoing,18-25,48.799044143951164
9251,13.71725743833019,Incoming,46-55,45.18930724176431
9252,20.434536306182235,Outgoing,18-25,88.73532352317291
9253,18.406044881926398,Outgoing,26-35,40.45430759850299
9254,15.78054297560685,Incoming,46-55,92.82727145890502
9255,15.165449961869353,Incoming,36-45,40.90195335583019
9256,25.198332945407444,Incoming,56-65,67.9477889209003
9257,13.977068593280709,Incoming,36-45,40.29341185187795
9258,26.426731487852294,Outgoing,56-65,44.26400325524029
9259,18.274953358001436,Outgoing,36-45,39.14312389992372
9260,14.424834283921665,Incoming,46-55,73.21155262886111
9261,11.50311528283636,Outgoing,26-35,95.74329191294723
9262,15.918326890470752,Incoming,46-55,57.57751224110731
9263,20.52355969386092,Outgoing,18-25,28.816685066922318
9264,14.360909291242036,Outgoing,26-35,70.69476123110842
9265,22.952348870863084,Outgoing,46-55,91.89454175989854
9266,14.011288145001425,Outgoing,26-35,76.78941935489273
9267,16.126507923262075,Outgoing,18-25,20.425107525555553
9268,7.993139182559522,Incoming,56-65,39.74784569887403
9269,20.91633785763053,Outgoing,26-35,34.6390783435879
9270,15.129770145013046,Incoming,26-35,56.476837331638286
9271,28.052093551351234,Outgoing,18-25,69.3571781936299
9272,21.933670120877984,Outgoing,46-55,82.87491911921431
9273,17.591498416093522,Incoming,56-65,65.02461612742509
9274,25.576232147188357,Incoming,26-35,92.86813156858952
9275,19.835761945954747,Outgoing,26-35,101.23020849091125
9276,24.057820845983397,Incoming,26-35,90.88276217504887
9277,10.963399502399064,Incoming,26-35,38.14563792036955
9278,20.228322007687822,Outgoing,18-25,72.44015019211818
9279,20.51905302422107,Incoming,26-35,68.749647440252
9280,6.186812543451387,Outgoing,56-65,102.35738830535533
9281,27.54637824862786,Outgoing,18-25,133.4381391581132
9282,8.877674196066994,Incoming,26-35,45.61913669522194
9283,7.907263447806281,Incoming,56-65,60.949362311017644
9284,0.0,Outgoing,36-45,58.704849572695004
9285,20.316991578787587,Incoming,36-45,86.18388997357732
9286,5.498542011597239,Outgoing,56-65,53.224639332659045
9287,13.381563595501168,Outgoing,26-35,73.68421299699973
9288,22.865078712312503,Incoming,26-35,57.39929733217075
9289,18.344370367850267,Outgoing,18-25,18.726766190052572
9290,12.634119175714176,Outgoing,26-35,56.03450273667775
9291,5.865243424228744,Outgoing,18-25,61.896488837832
9292,16.246709802119486,Outgoing,26-35,63.500614454359926
9293,22.986926845571382,Outgoing,46-55,82.83276944716363
9294,21.90585512726885,Outgoing,46-55,46.697724911334404
9295,29.507465851352634,Incoming,56-65,30.800590641289194
9296,12.425789986687857,Incoming,46-55,92.81905758030229
9297,7.780764144000424,Incoming,36-45,45.84236356153298
9298,19.169656851910954,Outgoing,36-45,62.15232882616516
9299,18.479948599780293,Outgoing,18-25,59.03783744456052
9300,16.96598271051258,Incoming,36-45,19.325585348988675
9301,11.775213931650988,Outgoing,26-35,94.05549753099616
9302,0.0,Outgoing,18-25,64.91596540159608
9303,9.953707164938237,Incoming,46-55,72.99555192268346
9304,20.899479264065537,Outgoing,46-55,89.22351771642604
9305,18.987745188808802,Incoming,36-45,54.284640768756226
9306,23.756848004102416,Outgoing,36-45,72.65768707629334
9307,19.416273363227234,Incoming,26-35,62.14108213003713
9308,22.152120698083113,Incoming,46-55,77.70671423382085
9309,22.35312414707527,Outgoing,36-45,48.7256217126544
9310,17.143326192299494,Outgoing,46-55,97.36702731010578
9311,17.192491276129843,Incoming,46-55,29.60635708314909
9312,0.0,Outgoing,36-45,92.48292381644549
9313,12.403911416465036,Incoming,46-55,94.55197048345124
9314,12.706180917503048,Incoming,36-45,65.8477364387339
9315,16.23837390301306,Outgoing,56-65,56.25689272278636
9316,10.48762815749825,Incoming,36-45,92.27376033776068
9317,23.562948096307593,Incoming,46-55,81.50780514202935
9318,10.829430247278363,Outgoing,56-65,37.17656438299386
9319,24.717028491320537,Outgoing,46-55,71.77928104712286
9320,10.271914753161669,Incoming,46-55,51.74754885296215
9321,12.77354142818794,Incoming,56-65,68.66612572706649
9322,12.241313528464184,Outgoing,26-35,72.96412142675479
9323,13.52636193464933,Incoming,56-65,37.86757442261873
9324,25.25046562229116,Outgoing,46-55,22.697606848894303
9325,14.710407604510934,Incoming,46-55,43.38045946668594
9326,14.888409430744437,Incoming,26-35,89.12196870317267
9327,11.807423602876874,Outgoing,56-65,61.082479005489084
9328,15.18144568142652,Incoming,36-45,89.75316901839828
9329,18.515139566454085,Incoming,46-55,102.0098583667546
9330,15.493873887634821,Outgoing,56-65,61.251157214524895
9331,15.947958250355192,Incoming,18-25,70.15249155552475
9332,24.11221275523158,Incoming,46-55,78.99382691332177
9333,18.9155461677871,Outgoing,36-45,7.036485134067846
9334,8.943806254830184,Incoming,46-55,41.80585310208081
9335,16.40314331557185,Outgoing,56-65,56.818703934014025
9336,13.231548729849662,Incoming,26-35,85.25363091190576
9337,20.647181702789457,Incoming,18-25,21.51043816947415
9338,17.72057865168753,Incoming,36-45,76.73990205475616
9339,24.912175672358913,Outgoing,46-55,44.77421135707714
9340,11.819711020925187,Incoming,36-45,71.51639170440322
9341,15.65305886404133,Incoming,26-35,48.44395889685046
9342,9.551200920994432,Incoming,18-25,51.31317157390273
9343,16.707379467227682,Incoming,36-45,45.67256851495529
9344,6.243932883192448,Incoming,56-65,48.58158409662559
9345,19.250391960950417,Incoming,56-65,88.32524400714526
9346,16.611782902684027,Outgoing,36-45,31.995192389991367
9347,18.086293166335512,Outgoing,18-25,23.063838193003377
9348,22.516942505859152,Incoming,46-55,28.146128567409125
9349,18.573617425069372,Outgoing,56-65,44.633204896376725
9350,8.062557245312593,Outgoing,46-55,54.74160364639127
9351,13.108890571217936,Incoming,46-55,62.06953977480232
9352,16.438728999988292,Incoming,36-45,54.87121634694286
9353,14.703303709946624,Incoming,56-65,41.984895019632326
9354,15.558293724515927,Outgoing,36-45,106.8165501692353
9355,28.350167557064243,Incoming,26-35,72.86197047714116
9356,17.702488122607317,Outgoing,46-55,38.602485491511146
9357,19.675817315838223,Incoming,18-25,57.49381518315634
9358,2.9383895310052335,Incoming,46-55,84.70546949467037
9359,22.222032565630073,Incoming,18-25,44.02937172262715
9360,36.963733156908816,Incoming,36-45,52.205985794660435
9361,26.419578953995856,Incoming,56-65,46.9536574008481
9362,13.918668712614618,Incoming,46-55,86.31020475615216
9363,32.96740196547451,Incoming,26-35,68.27732397460139
9364,17.192474566168773,Outgoing,46-55,41.35147212227856
9365,19.145823935649798,Incoming,18-25,111.29582507845357
9366,15.127946489485288,Outgoing,18-25,32.92003990638692
9367,14.946767922563055,Incoming,18-25,57.28071568510375
9368,1.26333365060251,Outgoing,56-65,87.86705792251739
9369,22.5124582232052,Outgoing,26-35,54.82347956391951
9370,14.921012547692138,Incoming,26-35,49.62144847744105
9371,15.683575184884011,Outgoing,18-25,68.70019604433392
9372,18.913363508969283,Incoming,26-35,61.91025416653535
9373,14.097952359893622,Incoming,26-35,37.12517085118068
9374,18.846787440420986,Outgoing,36-45,75.50550507003675
9375,25.42142356611908,Outgoing,26-35,37.23137010437933
9376,19.833693475865118,Outgoing,18-25,23.19592124583618
9377,15.925520042086708,Incoming,56-65,63.05982643158438
9378,16.13553427282129,Outgoing,36-45,36.48895259362279
9379,18.404155053544276,Incoming,26-35,59.21528391798246
9380,11.174947916378375,Outgoing,36-45,68.08917558306183
9381,18.455017908931428,Incoming,46-55,63.2065928748569
9382,21.79199624731754,Incoming,36-45,136.77549140865045
9383,17.612612672775327,Incoming,36-45,95.32458248779545
9384,14.031069714466376,Outgoing,36-45,72.7319871933008
9385,14.990275361190527,Incoming,26-35,71.29418211870848
9386,21.56518188216908,Outgoing,36-45,79.23731746441035
9387,9.298766567914402,Outgoing,56-65,59.036112375917895
9388,11.284799993075964,Incoming,26-35,56.83190113762573
9389,5.751692903534696,Incoming,18-25,57.82974887392305
9390,17.237990895378623,Outgoing,46-55,47.34798280296876
9391,23.03321373018856,Incoming,18-25,109.83365271141828
9392,26.32037278520266,Outgoing,26-35,34.008631947977754
9393,27.840660902363055,Incoming,18-25,83.38201662005163
9394,12.166681004661472,Incoming,46-55,79.63087593335437
9395,18.75021675858155,Incoming,36-45,76.71114720442357
9396,14.183813611711749,Incoming,18-25,60.88426649945701
9397,28.53350766557584,Incoming,26-35,37.1601141367737
9398,26.124124100740637,Incoming,56-65,70.88033792994155
9399,18.176500072840824,Incoming,46-55,70.8742383238706
9400,12.664509776521196,Outgoing,18-25,118.68086903579824
9401,0.0,Incoming,56-65,76.05520827784616
9402,6.964801277383735,Incoming,46-55,67.06020894311848
9403,4.03395069044673,Outgoing,18-25,60.29524494929334
9404,6.876372010670597,Outgoing,26-35,50.0148686983848
9405,30.151933325383503,Incoming,56-65,66.43855006555872
9406,7.934710106117926,Outgoing,56-65,75.35510847783188
9407,9.573399036131534,Outgoing,18-25,40.91917489663537
9408,10.556331073787618,Outgoing,18-25,48.07465124334468
9409,35.189813102834336,Outgoing,26-35,37.81711939509471
9410,16.562834405461988,Incoming,26-35,71.93721439717524
9411,23.959429862729827,Incoming,36-45,87.86994219249267
9412,18.22776788065768,Incoming,18-25,0.0
9413,3.1091368767999477,Incoming,26-35,51.638387350793245
9414,27.728476273546768,Outgoing,18-25,104.62496634608507
9415,19.80767725938451,Outgoing,26-35,78.38584522147754
9416,16.14800914689336,Outgoing,46-55,69.48653151179522
9417,29.320892250414488,Outgoing,26-35,29.915382801110553
9418,14.5741574360316,Incoming,26-35,81.65647385073393
9419,15.989093846702506,Incoming,46-55,58.046431847213874
9420,14.584280955833224,Incoming,46-55,78.75186298104036
9421,24.534038997191036,Outgoing,36-45,115.91140892409408
9422,22.696760524164745,Incoming,26-35,26.896698456753384
9423,18.950332033033302,Outgoing,46-55,95.86151584691198
9424,9.637627167412642,Incoming,36-45,52.31231109329282
9425,14.408364838668978,Outgoing,36-45,90.71279021114864
9426,9.635410129356861,Outgoing,18-25,44.761207596491765
9427,25.122574752019986,Outgoing,46-55,34.99619715597344
9428,5.976908491391773,Incoming,56-65,78.32319182730413
9429,28.160598317151177,Incoming,46-55,17.924941233842922
9430,26.01357014179436,Outgoing,46-55,40.27052059508659
9431,10.57029776555482,Outgoing,36-45,40.318958758411895
9432,14.08461015452098,Outgoing,46-55,42.4715933449513
9433,12.012987168960228,Outgoing,46-55,74.91608226483248
9434,20.011636583888937,Outgoing,36-45,72.51101429147884
9435,26.88713758681127,Outgoing,36-45,56.55742364050016
9436,25.299335214374103,Incoming,18-25,39.90841445216755
9437,13.96948668609156,Incoming,18-25,54.965700255053626
9438,25.783649474211227,Outgoing,46-55,26.93275534709551
9439,25.202754241228895,Incoming,46-55,26.783177261365065
9440,15.678162638722748,Incoming,26-35,40.60975632573269
9441,16.933790654539578,Incoming,56-65,22.100066822851858
9442,27.791998592527406,Incoming,26-35,61.74667832172288
9443,24.408533161724492,Incoming,26-35,73.08631495903293
9444,25.573487891564646,Incoming,46-55,58.51453131972242
9445,35.097688784350716,Incoming,36-45,30.459574606488864
9446,20.830869114186605,Outgoing,36-45,46.71927362468675
9447,19.279653046375522,Incoming,56-65,81.22405880555331
9448,26.50556222927962,Outgoing,36-45,87.5038544028667
9449,30.914746380269037,Incoming,46-55,27.979693099409243
9450,12.720242486388969,Incoming,36-45,69.2734665141794
9451,15.586990351693608,Outgoing,18-25,37.6246268050302
9452,9.870005656170381,Outgoing,56-65,87.79136606593323
9453,19.399249820878172,Incoming,36-45,89.15576253498753
9454,23.224810226768508,Incoming,36-45,0.0
9455,10.357859007558009,Outgoing,18-25,34.64623556546861
9456,24.93656864155169,Incoming,26-35,68.60538720733116
9457,13.826711612004132,Incoming,46-55,2.442266885478368
9458,13.256464723182583,Incoming,36-45,94.91823709933524
9459,24.909567772566376,Outgoing,18-25,67.98311614386776
9460,12.624016092341883,Incoming,18-25,19.110895099942724
9461,7.1755106594382365,Incoming,26-35,82.78182763314557
9462,22.205599769363353,Outgoing,36-45,82.9767858648641
9463,16.07808392174796,Incoming,26-35,72.26753858557771
9464,25.386411832239165,Incoming,56-65,68.6423450512977
9465,22.83093469534429,Incoming,18-25,78.90982880992004
9466,4.761911474528562,Incoming,46-55,29.76852684508858
9467,26.208740963722438,Incoming,18-25,61.740417580063216
9468,30.29824966992868,Outgoing,26-35,36.78405127869742
9469,24.235224564849624,Outgoing,46-55,84.84757783587202
9470,24.517022964829252,Outgoing,46-55,55.881246863006616
9471,15.266295433645716,Outgoing,18-25,0.0
9472,13.663132524557804,Incoming,46-55,18.208781037262206
9473,18.487112865183327,Incoming,36-45,54.57841699402314
9474,23.43933750614368,Incoming,18-25,41.44012475321901
9475,23.263135256837536,Incoming,26-35,42.45496741187818
9476,13.935521466763806,Incoming,56-65,36.20453026441289
9477,13.225886310530734,Outgoing,26-35,34.2074146517901
9478,6.568925875314051,Incoming,36-45,64.31851711311748
9479,21.528439477488444,Incoming,56-65,73.77693570272218
9480,14.27153108170595,Incoming,56-65,61.59112982403443
9481,14.89268642020556,Outgoing,26-35,71.60589280635484
9482,29.095126258442537,Incoming,18-25,56.57769798771798
9483,21.188722347490724,Outgoing,18-25,16.35922035034701
9484,19.260290803183988,Outgoing,56-65,92.42992629276111
9485,22.811381033329788,Incoming,26-35,90.79671764862792
9486,26.944298052097363,Incoming,26-35,70.581669574802
9487,5.677634678844539,Outgoing,18-25,24.192740797269114
9488,13.040600941360893,Outgoing,36-45,18.154838910845186
9489,15.37505640996317,Incoming,18-25,36.617920960463174
9490,10.151606473875221,Incoming,18-25,108.78569772076042
9491,15.143448989042108,Outgoing,36-45,64.33043132087859
9492,6.142055690384526,Outgoing,18-25,55.52205193167683
9493,23.45525482209331,Incoming,56-65,58.14703234531599
9494,13.37746786485898,Incoming,56-65,45.29241769071474
9495,18.40669478520321,Outgoing,56-65,53.50842884488244
9496,17.35916033760035,Outgoing,56-65,57.39117148217312
9497,20.901935807868202,Outgoing,56-65,40.59489417846476
9498,0.0,Outgoing,26-35,24.721063761891873
9499,20.151846047405776,Incoming,26-35,57.71779091809088
9500,15.074357958744812,Incoming,36-45,35.798383211325174
9501,19.848047490502857,Incoming,46-55,82.0296380497206
9502,8.743827545831596,Outgoing,56-65,67.29091264152616
9503,19.895718492378645,Incoming,46-55,52.363628449668155
9504,26.08958301806949,Incoming,46-55,37.07755824171724
9505,18.328363818594184,Outgoing,56-65,72.03414896603664
9506,11.979314213576348,Outgoing,18-25,73.0439357415931
9507,12.285280249466808,Outgoing,36-45,43.58747100505116
9508,21.03368910626668,Outgoing,46-55,63.93173021245863
9509,20.987510185351567,Outgoing,18-25,33.549542021895604
9510,19.49579387908727,Incoming,18-25,59.11239934447999
9511,16.73732479004021,Outgoing,56-65,34.55209830862621
9512,18.42071982745764,Incoming,36-45,42.77244416682794
9513,16.545636417574013,Incoming,56-65,76.58018093840826
9514,14.333832725135009,Outgoing,36-45,84.53510174400006
9515,22.302338371075066,Incoming,56-65,20.21138202897646
9516,19.170817887987745,Outgoing,36-45,51.15325273785781
9517,26.033791633455884,Incoming,26-35,71.94268790323778
9518,24.818057661288226,Incoming,18-25,28.91567308652777
9519,18.94236372640831,Incoming,18-25,45.0752904588788
9520,21.16766443237419,Outgoing,18-25,68.65088596720506
9521,10.299689146848833,Incoming,36-45,41.52706791256099
9522,16.45687365427126,Incoming,18-25,21.753657828940987
9523,19.398639810590133,Incoming,26-35,46.62922872892122
9524,5.920847613081662,Incoming,26-35,49.72084000644881
9525,20.005954422233962,Incoming,46-55,93.92625930129697
9526,10.28541117791945,Outgoing,18-25,113.86482583831986
9527,11.05291276630051,Outgoing,56-65,63.400913161373495
9528,13.293601099842963,Incoming,56-65,57.37453056588223
9529,16.786453336315397,Incoming,56-65,27.22663916303482
9530,7.703800100779777,Incoming,26-35,20.090064996179905
9531,22.996504322296797,Incoming,46-55,84.04344634000239
9532,18.241927675535273,Incoming,46-55,18.205165468825236
9533,30.47485321392358,Outgoing,26-35,71.5133711304059
9534,19.100563188639413,Incoming,46-55,114.65657379500823
9535,20.995636245320963,Outgoing,56-65,29.451503759970134
9536,11.02295012573158,Outgoing,56-65,7.09051716186864
9537,8.72732796220702,Outgoing,26-35,67.0037754049367
9538,21.33409285692017,Incoming,56-65,87.14000904027839
9539,9.346970241452725,Outgoing,36-45,30.243900252278344
9540,21.492946398866202,Incoming,56-65,78.98410963092792
9541,28.945671305480495,Outgoing,18-25,86.1889571311907
9542,23.620380803706112,Incoming,26-35,64.5555804137659
9543,20.99312631364762,Outgoing,26-35,45.05535581182371
9544,18.886479768665943,Outgoing,46-55,75.18627719031045
9545,14.31228028551799,Incoming,46-55,41.95276893237218
9546,16.198072026907955,Incoming,46-55,53.870936241840944
9547,13.041999283903374,Outgoing,18-25,45.89798911564043
9548,7.7921704765633475,Incoming,56-65,62.02517623977412
9549,17.2479913980712,Outgoing,26-35,59.40577153125022
9550,24.755223430887106,Outgoing,56-65,54.35441933485171
9551,7.978410401502407,Incoming,46-55,48.94762094034075
9552,26.789475029623283,Incoming,26-35,69.87443904354637
9553,25.520289630031044,Incoming,46-55,36.7651333260235
9554,19.77899176808327,Incoming,18-25,34.72272304045454
9555,19.835317437920782,Outgoing,26-35,83.39855480522102
9556,15.696275203428502,Outgoing,46-55,78.24051757632223
9557,17.294116223347,Outgoing,46-55,37.69537103200982
9558,13.754901684581151,Incoming,46-55,36.131566833156484
9559,17.22146654305421,Outgoing,18-25,37.53991432347848
9560,17.97878312796255,Incoming,56-65,8.852911524869576
9561,30.168708002459837,Outgoing,56-65,78.6166408941491
9562,20.959312310650894,Incoming,56-65,64.0234439167473
9563,15.534178520541452,Outgoing,18-25,32.56654721928648
9564,16.307653192607532,Incoming,56-65,72.68994660811659
9565,12.0071921217816,Incoming,56-65,77.10967988404433
9566,13.160996131169334,Outgoing,18-25,53.746896501444
9567,23.374869842200404,Incoming,26-35,66.30534210176148
9568,13.542230294185494,Incoming,46-55,65.77210026656418
9569,12.677248372997731,Outgoing,46-55,54.63804484231764
9570,12.852411827789258,Outgoing,18-25,55.73575080049965
9571,11.895746634763391,Incoming,56-65,64.14783944556225
9572,24.890295527404632,Outgoing,36-45,60.171525543779296
9573,17.998921531033893,Outgoing,56-65,43.98255435085433
9574,15.02379762848944,Incoming,36-45,41.213773209991736
9575,17.20497147899694,Outgoing,46-55,94.92566318406699
9576,18.521033568072728,Outgoing,18-25,45.598552800582596
9577,11.768945352464137,Outgoing,56-65,22.97254388563809
9578,7.272830748450497,Outgoing,18-25,84.470443805516
9579,26.369519026970156,Incoming,56-65,53.93691328087347
9580,23.916166202795196,Outgoing,56-65,53.133877799460656
9581,19.644618157045453,Incoming,56-65,53.588043090248014
9582,23.434357556634723,Outgoing,36-45,86.38859806649926
9583,30.400548339016495,Outgoing,18-25,30.669725105531423
9584,13.252174077906751,Incoming,46-55,82.44951626791516
9585,9.159761597716564,Outgoing,26-35,63.30238834591455
9586,21.630616348943533,Outgoing,36-45,77.97996337012603
9587,6.732218210430013,Incoming,46-55,43.645214707312114
9588,17.265808577112256,Outgoing,18-25,122.07288661912368
9589,14.910980085474701,Outgoing,26-35,52.21348789098365
9590,21.717214490861345,Incoming,26-35,53.45202317274086
9591,13.624076415699404,Outgoing,18-25,32.249655087769085
9592,25.398388443924375,Outgoing,36-45,51.79742856344496
9593,11.771815461281392,Outgoing,56-65,33.51130240047537
9594,21.940604629604252,Incoming,56-65,109.1105449948311
9595,12.335104025370072,Outgoing,56-65,10.046505977173382
9596,20.839181466574107,Incoming,46-55,0.0
9597,9.897479493139407,Incoming,18-25,41.03581751499625
9598,16.831203097800074,Incoming,36-45,64.16997975135148
9599,26.254641131125798,Incoming,18-25,88.90717877662189
9600,17.80503640099219,Incoming,26-35,58.393875439770504
9601,25.281540267823537,Outgoing,46-55,46.68759768784807
9602,16.816078640508078,Incoming,36-45,55.17309787285674
9603,13.464655177828995,Incoming,26-35,74.3094016215274
9604,18.203877461937154,Outgoing,56-65,25.757289680907526
9605,21.328776591183114,Outgoing,56-65,79.62936071571868
9606,3.6612207863228985,Incoming,56-65,8.426646612262118
9607,20.655995310510754,Incoming,18-25,48.876569580022206
9608,10.421153790204006,Incoming,26-35,52.5342980577577
9609,8.680935519275097,Outgoing,36-45,19.319611934390473
9610,20.770036667799044,Outgoing,26-35,55.85391787852717
9611,26.3695204923563,Incoming,36-45,44.04980704501877
9612,18.51484329368973,Incoming,46-55,61.06611236268582
9613,7.512148537028311,Outgoing,46-55,62.20799942575876
9614,12.306076427976794,Incoming,36-45,64.29571411948395
9615,14.072129775986188,Outgoing,26-35,42.31204713606084
9616,18.37267858160115,Incoming,36-45,58.79553261418634
9617,16.496841061645945,Incoming,36-45,85.28862917500501
9618,20.46660862410454,Incoming,56-65,74.92350731736612
9619,23.999809814500534,Outgoing,36-45,62.5753324064099
9620,19.413212047336685,Outgoing,56-65,30.84003211926613
9621,23.286564848046723,Incoming,56-65,0.0
9622,15.112027822827027,Incoming,36-45,5.3116840082551136
9623,40.071331219492855,Outgoing,18-25,70.98687298525792
9624,20.872264156853777,Incoming,26-35,34.93361381329359
9625,21.78834042017548,Incoming,36-45,23.00688676802024
9626,29.303765672714853,Outgoing,46-55,38.637028410686874
9627,17.61725162001143,Incoming,36-45,51.5933202861582
9628,12.481441820197997,Incoming,36-45,57.10611072805087
9629,26.145038321432573,Outgoing,46-55,36.665269479414334
9630,26.556000766208825,Outgoing,56-65,77.87317760649674
9631,18.074544135405404,Incoming,56-65,49.540675833092635
9632,29.31739276490942,Outgoing,18-25,48.68829350019543
9633,16.41699933528414,Outgoing,36-45,31.885343761882243
9634,23.525980643862034,Outgoing,36-45,103.72666198832951
9635,27.6087267772757,Outgoing,26-35,50.875536665727886
9636,17.688303107959708,Outgoing,56-65,68.57501438083368
9637,20.197586768853498,Incoming,36-45,59.32747392376912
9638,24.18210577737632,Incoming,26-35,86.09506301239593
9639,14.436705642514498,Outgoing,18-25,33.79498587787815
9640,11.300937991370553,Outgoing,26-35,68.14180757554858
9641,26.33087267124282,Incoming,56-65,47.12480759579631
9642,19.147360842634647,Incoming,56-65,59.73229494133682
9643,13.460873220017188,Incoming,18-25,46.366736854665696
9644,17.65881740176514,Outgoing,36-45,102.85053217784926
9645,20.5597260717658,Incoming,26-35,52.19033669510124
9646,6.014904632397338,Incoming,36-45,16.10971803350187
9647,22.011950283088662,Outgoing,36-45,51.76607248763593
9648,19.85912342689336,Outgoing,36-45,58.331309518082804
9649,28.58569356776704,Incoming,46-55,58.27374489205588
9650,15.4670607798897,Outgoing,18-25,23.18686894785946
9651,26.639822034557806,Outgoing,36-45,25.39955706022807
9652,16.687481210677312,Outgoing,18-25,101.46089698668894
9653,17.974218620615723,Incoming,36-45,49.35182061363699
9654,18.96665874200597,Incoming,26-35,51.95140396823224
9655,31.65277327799685,Incoming,26-35,107.2227252707946
9656,8.323565816606864,Incoming,18-25,75.05359163900731
9657,20.465526251816076,Incoming,36-45,54.14671145333394
9658,17.295620060800598,Incoming,18-25,60.89480842462675
9659,16.800253871775194,Outgoing,18-25,104.88075732177059
9660,21.081075314892026,Incoming,46-55,39.166047209339524
9661,24.742007499115786,Incoming,36-45,75.86562453856561
9662,20.72142460607322,Incoming,46-55,72.03267404796296
9663,25.646432906972244,Outgoing,36-45,56.50733872133593
9664,15.243271651595547,Outgoing,56-65,41.34951779570511
9665,16.660134469162802,Incoming,56-65,65.07430417402752
9666,9.993901933138531,Outgoing,46-55,54.932990212669985
9667,30.88033983064076,Outgoing,56-65,72.9745532618474
9668,15.693012716464095,Incoming,46-55,14.029467917065503
9669,14.919495864253628,Outgoing,56-65,134.57764790594666
9670,21.246639065388052,Outgoing,46-55,69.86124883053255
9671,24.74955622506131,Incoming,56-65,67.09791404099961
9672,12.15543138217415,Outgoing,18-25,106.38060992483736
9673,25.30681234059577,Outgoing,18-25,39.379051467457124
9674,14.876887244604386,Incoming,18-25,37.63592464478871
9675,27.014336879592065,Incoming,36-45,46.83459394910227
9676,13.213636974215108,Outgoing,26-35,109.30775711753009
9677,22.148131273098755,Outgoing,46-55,52.684800201215396
9678,17.29896873940124,Incoming,26-35,123.94509478064579
9679,9.115355094135401,Outgoing,18-25,41.68856597239836
9680,7.088248831567922,Outgoing,46-55,0.0
9681,11.79932997564175,Outgoing,46-55,12.94382417214149
9682,23.94789824339682,Outgoing,36-45,69.74682859062113
9683,3.397913629636653,Incoming,26-35,71.19429166139612
9684,19.3376218125814,Incoming,26-35,64.06798698237584
9685,18.728233657597887,Incoming,56-65,29.273420300895815
9686,5.223930579295306,Outgoing,46-55,25.162184063731285
9687,11.42173399184997,Outgoing,18-25,18.860687985125303
9688,11.408506010195426,Incoming,56-65,47.14458025975822
9689,17.36884029774019,Outgoing,56-65,63.72729502842126
9690,27.26435047916396,Incoming,46-55,87.11833404579247
9691,24.524733491084778,Incoming,56-65,78.57217013829798
9692,14.4778408609757,Outgoing,46-55,59.53212734308481
9693,11.194077574802709,Outgoing,46-55,122.11064829894069
9694,6.091383174044374,Incoming,56-65,56.317123688171996
9695,14.349740615162366,Outgoing,18-25,0.0
9696,10.70848946378397,Incoming,56-65,21.71704539301338
9697,16.746964128061403,Outgoing,26-35,57.768543507133145
9698,17.012207041542286,Incoming,46-55,21.633053518687568
9699,13.670898472752668,Outgoing,18-25,87.95197520598657
9700,13.817490736568207,Outgoing,36-45,60.831992789144564
9701,12.143436252753402,Outgoing,36-45,88.695813283783
9702,13.412643524194802,Incoming,56-65,61.95259564252591
9703,27.051407454937895,Incoming,36-45,0.0
9704,20.624656292854006,Outgoing,26-35,92.88095032354775
9705,20.71945192811301,Outgoing,56-65,53.60180479556922
9706,24.0836003559533,Outgoing,56-65,54.87611473816489
9707,23.46465819441366,Outgoing,18-25,66.93902816846393
9708,26.97335074381032,Incoming,46-55,51.583085522425044
9709,21.118926766615797,Outgoing,56-65,69.2304089180776
9710,18.43601108499549,Outgoing,56-65,60.95854290351512
9711,12.864600914837874,Incoming,56-65,53.9460888909854
9712,11.230936057526343,Outgoing,18-25,19.264084642833495
9713,23.175800832108454,Outgoing,56-65,56.11089164414132
9714,16.222615156768022,Outgoing,46-55,52.079164934729704
9715,7.480841742539267,Incoming,46-55,72.47361305789174
9716,2.3487753167523717,Outgoing,56-65,75.0272901821518
9717,32.033394731470366,Outgoing,18-25,50.33678865015928
9718,10.098446434304392,Incoming,36-45,47.36756456865178
9719,12.196328978763955,Incoming,56-65,85.39544914173435
9720,25.59654546073626,Outgoing,56-65,73.28805232570585
9721,8.53997756668871,Incoming,26-35,38.78079948396169
9722,20.719870016768358,Incoming,18-25,15.941070424904026
9723,29.753837824341325,Incoming,46-55,100.34728198926153
9724,31.796812014188216,Outgoing,18-25,75.51685100767101
9725,13.867862008382733,Outgoing,18-25,78.58725847219279
9726,16.915741750218555,Incoming,56-65,26.91851273849822
9727,14.225312888848892,Incoming,26-35,75.27473091119788
9728,16.874347937197097,Outgoing,56-65,30.800633924166334
9729,26.08790096836902,Outgoing,18-25,81.71725746408755
9730,7.204812680110869,Outgoing,56-65,51.92463742590807
9731,21.535697572176684,Outgoing,18-25,21.75560008381219
9732,15.631516568375373,Incoming,46-55,59.7159751061029
9733,26.57950756019734,Incoming,56-65,68.14418718546011
9734,26.20793930986322,Outgoing,56-65,70.24272306788778
9735,14.150079506152611,Outgoing,46-55,56.33759008682783
9736,16.22453263785239,Incoming,56-65,4.435353264184755
9737,23.249339204031962,Outgoing,18-25,91.76342102872573
9738,23.88324695763028,Incoming,36-45,70.54696414873021
9739,0.0,Outgoing,56-65,56.546065118906405
9740,23.226853473068637,Outgoing,46-55,87.15353965808822
9741,28.52537324545311,Outgoing,46-55,22.304814660789134
9742,18.78926556279678,Incoming,36-45,45.94168473684258
9743,23.651234958588976,Incoming,18-25,80.24414938655218
9744,25.951292888077504,Incoming,26-35,109.41900461294182
9745,18.551155965623476,Incoming,18-25,43.562350493138005
9746,22.699615669127642,Outgoing,56-65,10.598714011172454
9747,17.088805481542693,Outgoing,46-55,73.31769275064312
9748,16.634822938776175,Incoming,46-55,89.54400989869524
9749,12.3692100072983,Incoming,18-25,10.885389241897911
9750,18.211157128539465,Incoming,18-25,51.46219423837341
9751,30.20799784576652,Outgoing,56-65,83.09766374844496
9752,10.68253564359476,Outgoing,18-25,91.97793636729698
9753,21.318110472092897,Incoming,36-45,15.634627140017884
9754,19.246685542143766,Incoming,36-45,48.71203498023324
9755,27.323794382968977,Incoming,26-35,42.44926049463437
9756,28.64025317151328,Outgoing,46-55,29.59198315055982
9757,10.530057475125055,Outgoing,56-65,60.17186168422819
9758,12.98049183665588,Outgoing,56-65,63.32583062112831
9759,13.362896162523565,Incoming,18-25,99.92099570263068
9760,13.610604286258713,Outgoing,46-55,0.0
9761,14.210860592977209,Outgoing,26-35,68.31356527422199
9762,19.42945163419253,Outgoing,26-35,35.08355787034864
9763,11.040291176090829,Outgoing,26-35,25.62284604274156
9764,12.024459539870774,Incoming,46-55,48.230848402140715
9765,11.465867826406292,Outgoing,26-35,62.10321556738
9766,20.4483714488967,Outgoing,36-45,40.345375023288035
9767,16.55362160830067,Incoming,18-25,48.39031633372706
9768,15.310889813759852,Outgoing,26-35,54.760424411644934
9769,11.106842115144925,Incoming,36-45,65.48873796253787
9770,5.771621498283762,Incoming,36-45,83.49234631176103
9771,28.42073609140158,Outgoing,56-65,50.04635395009482
9772,14.978906185296522,Outgoing,18-25,57.498397549814534
9773,35.97344710998124,Outgoing,56-65,55.896720294242684
9774,22.409539736306893,Incoming,46-55,98.27731615340886
9775,29.80476983112301,Incoming,36-45,67.13843579760119
9776,23.954410956598778,Incoming,56-65,64.6652292136568
9777,18.109613103808776,Incoming,18-25,53.99245303219385
9778,12.816397093580141,Outgoing,36-45,55.63940074954782
9779,10.162120592224639,Outgoing,26-35,6.366307415388775
9780,24.83755711890155,Incoming,18-25,44.368109304702436
9781,18.855238343284636,Outgoing,26-35,68.29077911617041
9782,21.315507285484305,Incoming,46-55,55.24231508272939
9783,22.702364534641156,Outgoing,26-35,50.86406264342122
9784,19.491820714080585,Incoming,26-35,90.65093885677557
9785,13.696997161890192,Incoming,46-55,64.90295483640183
9786,24.0889172971092,Incoming,46-55,25.53271715637942
9787,15.612692068883774,Outgoing,26-35,15.546421034183808
9788,17.633984853023478,Outgoing,36-45,78.722310672771
9789,22.02173424646402,Incoming,36-45,32.5144038993448
9790,16.587256152057417,Incoming,56-65,61.85043123456309
9791,4.2750649916909875,Incoming,56-65,74.94894533410664
9792,24.284112531874833,Outgoing,46-55,61.73853233021284
9793,25.78450180940536,Incoming,18-25,94.4977222276292
9794,4.182187358796895,Outgoing,26-35,50.82951291294469
9795,9.696961560369234,Outgoing,46-55,62.6404179952864
9796,31.167157322398573,Incoming,46-55,44.491563994071356
9797,18.624242749527383,Outgoing,46-55,47.99570877682041
9798,17.024858912892554,Incoming,36-45,75.0561165537344
9799,14.015316150653009,Incoming,18-25,78.13731190299006
9800,9.78508144400356,Outgoing,36-45,16.151702253980602
9801,15.639076503855316,Outgoing,56-65,35.677041903405225
9802,23.820959174159977,Outgoing,46-55,60.25629835532847
9803,16.890254284333004,Outgoing,36-45,69.66178025916284
9804,21.271988601251337,Outgoing,46-55,24.421433063132632
9805,29.359950039545943,Outgoing,18-25,41.16042037577176
9806,12.936652736876649,Outgoing,26-35,68.51484146666348
9807,19.120124304609092,Incoming,36-45,73.08840278529873
9808,24.030754926549744,Outgoing,18-25,64.85931232194591
9809,10.469674565733824,Incoming,26-35,51.01824118820719
9810,18.246369796460634,Outgoing,46-55,30.009973733928778
9811,30.106271672384526,Outgoing,18-25,45.657588971309586
9812,14.618247336781291,Incoming,56-65,80.31464190123295
9813,24.478425766026525,Incoming,26-35,77.91040842565047
9814,16.012041859531596,Incoming,26-35,33.49548225359665
9815,29.597109121218928,Incoming,46-55,94.82593031800582
9816,5.481724778140263,Outgoing,56-65,35.846404166373176
9817,17.45469333707199,Outgoing,36-45,58.759487073285214
9818,6.648017133978771,Incoming,18-25,28.751564753616567
9819,12.093862286033742,Outgoing,46-55,97.33735325728512
9820,12.052268502933636,Outgoing,56-65,76.24043642161568
9821,15.13130585006302,Incoming,26-35,59.67948145698854
9822,8.68196054513276,Incoming,26-35,44.41820230170832
9823,16.497823097083415,Outgoing,26-35,109.39847983225093
9824,20.223265531368245,Incoming,56-65,68.00738857489617
9825,6.276678071649037,Outgoing,56-65,105.97782416050632
9826,12.555472569793698,Incoming,36-45,58.7551186208674
9827,34.78694492934116,Outgoing,18-25,59.494750732509466
9828,19.304659972060943,Incoming,26-35,75.9162923169986
9829,4.27581157072763,Incoming,36-45,59.78228089755828
9830,7.196738946681487,Incoming,56-65,61.71872877765235
9831,18.58132971761003,Incoming,36-45,64.54402802536231
9832,17.704662270019664,Outgoing,26-35,76.87018047265299
9833,12.88790038809384,Outgoing,18-25,35.727209009338665
9834,32.35320469821583,Outgoing,36-45,55.83305582580814
9835,35.33110174608058,Outgoing,56-65,42.4998165746896
9836,15.149316481051937,Incoming,46-55,71.22680814129039
9837,23.11069806148717,Outgoing,46-55,55.564269454298554
9838,23.462163199247016,Incoming,36-45,41.290934834739424
9839,24.39111197634304,Outgoing,56-65,91.1139699733692
9840,12.519402747582673,Incoming,36-45,84.57192285440819
9841,30.57614452054376,Outgoing,36-45,84.6628511526604
9842,16.519819626359137,Incoming,46-55,87.7489969927241
9843,19.95394456717578,Outgoing,36-45,69.71972766622656
9844,17.01430457159817,Incoming,46-55,71.8416888275574
9845,16.02219679390869,Incoming,56-65,50.72237092597372
9846,18.94883121956502,Outgoing,56-65,88.67538940311633
9847,8.69880098344538,Outgoing,56-65,59.45252726145878
9848,3.2019288657844545,Incoming,46-55,41.05377885262205
9849,15.506336667903913,Outgoing,26-35,65.97911568773546
9850,10.837006541537114,Outgoing,26-35,46.150500572378625
9851,20.83252574590648,Incoming,26-35,78.28795923268427
9852,20.036531110981542,Incoming,26-35,74.41604735646541
9853,17.094360137876915,Incoming,56-65,76.90765419219285
9854,27.371023533880695,Outgoing,26-35,19.833941513435065
9855,16.95640624795921,Outgoing,36-45,11.656488933992307
9856,6.792944099378724,Incoming,46-55,60.257034145972696
9857,15.43449030841909,Outgoing,26-35,60.3477121710776
9858,25.196774367985068,Outgoing,56-65,88.4216523547764
9859,3.810217289276199,Outgoing,26-35,40.07943632505136
9860,16.341745710650166,Incoming,46-55,31.310421484166653
9861,21.028234241912685,Outgoing,18-25,36.81850854711857
9862,35.56569634169448,Outgoing,18-25,28.552285209908487
9863,25.457803458493242,Incoming,56-65,43.02407383327217
9864,17.9283146835514,Outgoing,56-65,26.019472558272124
9865,20.64531458442863,Incoming,56-65,57.45341014494963
9866,3.7161324780055196,Outgoing,26-35,56.036187391143024
9867,9.651944698658262,Outgoing,46-55,38.147520746205394
9868,21.556689697774413,Incoming,46-55,30.62983688507951
9869,18.128171776594225,Incoming,46-55,27.195203346523083
9870,19.02118830618175,Incoming,18-25,0.0
9871,17.238802575741527,Outgoing,46-55,37.708286931117826
9872,16.964363716929398,Outgoing,56-65,43.444969378609024
9873,17.72051453935158,Incoming,26-35,4.552400956076703
9874,9.607753710146364,Incoming,18-25,90.0367610590994
9875,15.397511193585473,Outgoing,26-35,77.98265971425337
9876,8.29126757999811,Outgoing,36-45,50.709646570160366
9877,12.662824802832311,Incoming,56-65,3.784752587138179
9878,25.371335064431733,Outgoing,18-25,83.18194887542833
9879,15.734733826517056,Incoming,56-65,43.61733364759083
9880,21.170876326965654,Outgoing,26-35,15.750162167676372
9881,17.80706187878785,Outgoing,46-55,23.777688670291887
9882,14.305758331747079,Outgoing,36-45,41.82850840945359
9883,9.940019053741038,Outgoing,56-65,31.214232453319056
9884,14.199610433134493,Outgoing,36-45,38.71039035124384
9885,18.28224912186367,Incoming,26-35,5.471030819501003
9886,21.061074108869818,Incoming,56-65,90.68861205318407
9887,17.856358051901005,Incoming,46-55,79.11147094980606
9888,21.546362225619976,Incoming,36-45,35.8466078312284
9889,6.358809282082058,Incoming,18-25,76.53102421496286
9890,23.066637903084512,Incoming,26-35,43.27596753393416
9891,9.102205615086326,Outgoing,56-65,55.72663398041489
9892,23.88453232010615,Incoming,18-25,25.05264699193151
9893,20.5168409038899,Outgoing,46-55,68.16060445525893
9894,3.908673064985237,Incoming,46-55,75.22226119115477
9895,22.158739769294506,Incoming,36-45,60.56890119132698
9896,23.965681378830382,Incoming,26-35,41.796830876406155
9897,25.805149222421335,Outgoing,56-65,5.1651288544975955
9898,11.619812011257839,Outgoing,18-25,76.54856982097489
9899,18.255875894493684,Outgoing,56-65,49.94239656559055
9900,21.86114568134096,Incoming,18-25,35.543953427614866
9901,22.15428807188455,Incoming,26-35,39.50395881503361
9902,19.86664533304078,Outgoing,46-55,61.94304675275258
9903,14.013546295803643,Incoming,46-55,24.465692559267424
9904,23.91560627876403,Incoming,56-65,65.62762466477614
9905,23.956739767701617,Incoming,56-65,48.67076247551775
9906,15.920051857323783,Incoming,36-45,37.17860517970872
9907,11.51511637171257,Incoming,18-25,35.1317476011505
9908,11.904676625612993,Outgoing,36-45,63.752062891495456
9909,26.553724007325485,Outgoing,18-25,0.0
9910,23.654748694428985,Incoming,26-35,38.955131858966126
9911,16.859721520959795,Incoming,56-65,71.13257212779462
9912,15.60578754735302,Outgoing,18-25,52.36061012046036
9913,4.6226926740102545,Incoming,46-55,85.31213420129258
9914,16.40919226935336,Incoming,26-35,58.39790706368665
9915,8.662193918120781,Incoming,46-55,38.483263929044135
9916,18.112996335442308,Incoming,26-35,48.988173160013446
9917,25.296730727330086,Incoming,18-25,58.61271334682566
9918,10.136839129192913,Incoming,46-55,34.75124876048738
9919,18.670107322716238,Outgoing,18-25,70.20520831794484
9920,23.984458334069483,Outgoing,36-45,100.46274053910227
9921,18.54206776690576,Incoming,26-35,25.822977847018624
9922,13.332119267048201,Outgoing,56-65,70.61637646912473
9923,17.072704836904794,Incoming,46-55,35.59637052272196
9924,23.70074098559514,Outgoing,18-25,37.83822473407327
9925,18.83804501928209,Incoming,46-55,45.60672486595284
9926,16.9764059220776,Outgoing,18-25,40.085118358416764
9927,25.093001883481385,Incoming,36-45,71.04721106711841
9928,20.604425089652963,Outgoing,56-65,56.21282815095881
9929,8.579682997350373,Incoming,46-55,50.19894788351405
9930,21.419888633873967,Incoming,46-55,63.880663488289464
9931,23.646911283475863,Incoming,18-25,65.37401735687965
9932,8.338785290387584,Outgoing,18-25,54.48831356149662
9933,1.1188235289336461,Incoming,46-55,80.03661287232167
9934,9.70647131855154,Incoming,36-45,57.43924481325107
9935,16.282502186214696,Incoming,46-55,107.81761023518436
9936,24.068518415335546,Outgoing,26-35,32.15448082263528
9937,10.7633357607181,Incoming,26-35,17.51148669182409
9938,20.885841866581274,Outgoing,46-55,59.78308781434906
9939,0.0,Outgoing,36-45,77.7938556352579
9940,18.262147042520564,Incoming,18-25,46.52164424373494
9941,14.15281682280199,Incoming,18-25,34.46125399840962
9942,31.690191471475792,Incoming,46-55,55.13050912719835
9943,3.7553959893714186,Incoming,56-65,48.70309971443167
9944,16.8984896203704,Outgoing,18-25,50.28217385727202
9945,3.7124505386291204,Outgoing,26-35,35.52888052424029
9946,13.152045867862846,Incoming,26-35,42.063395566628145
9947,5.091915240772277,Incoming,56-65,78.93286504857802
9948,33.10552118063579,Outgoing,56-65,86.81776877225735
9949,14.511164923573084,Incoming,26-35,50.892818489513544
9950,15.52279354682988,Outgoing,46-55,27.753680869718973
9951,16.700863924262876,Outgoing,46-55,29.87543363406659
9952,9.074062450486911,Outgoing,46-55,23.48958846348984
9953,24.38667113562543,Outgoing,26-35,77.43206078989424
9954,21.481359018404397,Outgoing,56-65,59.274967640612275
9955,23.425568538702464,Outgoing,36-45,50.14177024298416
9956,8.474266825745971,Incoming,26-35,77.19279642075787
9957,24.94720650670836,Incoming,26-35,65.26355365565183
9958,24.138888955284155,Incoming,18-25,0.0
9959,15.373248755064278,Incoming,46-55,36.99275226082949
9960,23.26514752880495,Incoming,18-25,53.93632690260134
9961,18.90870136306001,Outgoing,26-35,99.31153903611613
9962,5.842003275013171,Outgoing,26-35,96.18267557105321
9963,15.720358686615718,Outgoing,26-35,0.0
9964,13.629429735542468,Incoming,36-45,23.22366119784568
9965,17.59793501633526,Outgoing,18-25,58.61882463925149
9966,24.147884014133155,Outgoing,56-65,70.75485646308422
9967,5.510610651286182,Incoming,46-55,38.53967068429248
9968,13.894954643716943,Outgoing,46-55,67.93823334690548
9969,11.247137969270621,Incoming,36-45,38.39944028683598
9970,11.547760862825054,Outgoing,18-25,40.19099152204236
9971,11.238236658165027,Incoming,46-55,27.120133096312106
9972,17.47719248836306,Outgoing,26-35,20.801002936960735
9973,20.662228169861375,Incoming,18-25,42.36716316288052
9974,19.43827471222668,Incoming,46-55,83.25128777512872
9975,18.299677452914093,Outgoing,18-25,67.02226487665428
9976,21.352211414779504,Incoming,36-45,61.76465987436651
9977,33.662282934572715,Incoming,56-65,47.884499213953845
9978,17.951239900197212,Outgoing,56-65,65.56567660829815
9979,24.147968819692917,Outgoing,18-25,43.1563028442367
9980,23.74928404199831,Outgoing,36-45,34.95725464347505
9981,29.44455914121432,Outgoing,46-55,68.27450935908666
9982,20.923632054650504,Outgoing,26-35,40.80684169995953
9983,11.08978673318246,Outgoing,18-25,28.303395819267525
9984,19.13417344715315,Incoming,18-25,65.7933681034702
9985,18.757971203922832,Outgoing,46-55,21.05130253341632
9986,22.706278261514434,Outgoing,26-35,64.71837754658787
9987,10.88622331350405,Outgoing,26-35,65.15294033668852
9988,25.86424751771733,Incoming,46-55,22.828260242515455
9989,17.036660043980838,Outgoing,18-25,24.533111581424894
9990,22.875654777522122,Incoming,46-55,87.62398260338489
9991,19.16771210651543,Outgoing,56-65,70.54928307206647
9992,17.858135448240017,Incoming,46-55,67.14597583697207
9993,18.636994873386392,Outgoing,36-45,60.4066580263642
9994,21.70394407966856,Outgoing,18-25,72.85683051512511
9995,30.710583558499934,Incoming,36-45,72.85629183468205
9996,2.8783583061973204,Outgoing,18-25,34.879173068957755
9997,20.780020642468386,Outgoing,18-25,50.24802509870107
9998,17.30777457200523,Incoming,56-65,44.04105597475356
9999,15.760254029567768,Outgoing,46-55,69.33515607484516
10000,0.4570524381072616,Incoming,46-55,59.22156530429214
